order_id,date_key,customer_id,product_id,geo_id,ship_mode,quantity,unit_price,discount,sales,profit,profit_margin,days_to_ship
ORD-04018,20210101,CUST-0055,PROD-014,GEO-015,Standard Class,2,429.59,0.25,644.38,215.84,33.5,5
ORD-02533,20210102,CUST-0021,PROD-047,GEO-014,Standard Class,3,3346.27,0.0,10038.81,3162.22,31.5,5
ORD-03487,20210102,CUST-0234,PROD-003,GEO-005,Standard Class,1,1828.46,0.05,1737.04,799.84,46.05,6
ORD-01167,20210102,CUST-0233,PROD-013,GEO-020,Standard Class,2,171.32,0.0,342.64,207.3,60.5,7
ORD-00524,20210103,CUST-0049,PROD-038,GEO-003,Second Class,3,1176.35,0.05,3352.6,1627.94,48.56,3
ORD-00997,20210104,CUST-0277,PROD-037,GEO-016,Same Day,1,3187.31,0.25,2390.48,607.42,25.41,2
ORD-04424,20210104,CUST-0255,PROD-005,GEO-011,Standard Class,2,3204.89,0.1,5768.8,1887.44,32.72,5
ORD-03336,20210105,CUST-0257,PROD-042,GEO-009,Second Class,4,1828.11,0.0,7312.44,2924.98,40.0,5
ORD-04299,20210106,CUST-0027,PROD-035,GEO-018,Second Class,1,18726.75,0.2,14981.4,1898.45,12.67,4
ORD-02490,20210107,CUST-0110,PROD-042,GEO-003,Standard Class,3,1776.94,0.0,5330.82,1961.74,36.8,7
ORD-00510,20210107,CUST-0298,PROD-030,GEO-018,Standard Class,1,571.8,0.1,514.62,176.4,34.28,7
ORD-04878,20210108,CUST-0225,PROD-049,GEO-020,Standard Class,3,2070.25,0.2,4968.6,1644.0,33.09,5
ORD-04954,20210108,CUST-0223,PROD-020,GEO-015,Standard Class,4,1201.92,0.2,3846.14,1421.53,36.96,5
ORD-04664,20210109,CUST-0146,PROD-036,GEO-020,First Class,1,8248.61,0.05,7836.18,1961.0,25.02,3
ORD-03148,20210109,CUST-0110,PROD-048,GEO-003,Standard Class,3,1483.58,0.1,4005.67,1571.38,39.23,6
ORD-04161,20210109,CUST-0202,PROD-034,GEO-003,Second Class,1,9566.05,0.1,8609.44,974.24,11.32,3
ORD-04603,20210109,CUST-0213,PROD-023,GEO-014,Standard Class,1,3670.68,0.0,3670.68,1387.51,37.8,7
ORD-04459,20210110,CUST-0271,PROD-050,GEO-002,Standard Class,1,1801.34,0.0,1801.34,745.75,41.4,5
ORD-02558,20210110,CUST-0095,PROD-049,GEO-013,Standard Class,5,1980.27,0.15,8416.15,3031.96,36.03,5
ORD-02141,20210111,CUST-0113,PROD-034,GEO-003,Standard Class,2,9552.35,0.05,18149.46,2279.21,12.56,7
ORD-03897,20210111,CUST-0047,PROD-023,GEO-002,Standard Class,1,3820.03,0.0,3820.03,1265.19,33.12,6
ORD-02073,20210112,CUST-0244,PROD-035,GEO-005,Standard Class,4,18160.1,0.05,69008.38,10399.28,15.07,5
ORD-04056,20210112,CUST-0295,PROD-013,GEO-008,Second Class,2,183.93,0.1,331.07,149.31,45.1,4
ORD-03741,20210113,CUST-0007,PROD-036,GEO-003,Standard Class,1,8208.04,0.0,8208.04,1887.85,23.0,6
ORD-02810,20210113,CUST-0295,PROD-041,GEO-008,Standard Class,1,24659.7,0.0,24659.7,5178.54,21.0,6
ORD-00464,20210113,CUST-0200,PROD-046,GEO-017,Standard Class,1,4416.01,0.2,3532.81,1119.2,31.68,7
ORD-00773,20210113,CUST-0030,PROD-041,GEO-015,Standard Class,2,25267.84,0.05,48008.9,9633.22,20.07,6
ORD-04903,20210114,CUST-0101,PROD-003,GEO-014,Standard Class,1,1869.22,0.05,1775.76,933.21,52.55,7
ORD-04558,20210114,CUST-0271,PROD-039,GEO-002,Standard Class,1,801.07,0.2,640.86,226.4,35.33,6
ORD-03383,20210114,CUST-0140,PROD-034,GEO-005,Second Class,2,10194.62,0.0,20389.24,2813.72,13.8,4
ORD-04633,20210114,CUST-0284,PROD-022,GEO-001,First Class,1,21341.42,0.0,21341.42,3730.48,17.48,4
ORD-03326,20210114,CUST-0192,PROD-035,GEO-003,First Class,1,18531.81,0.0,18531.81,3068.87,16.56,3
ORD-02774,20210114,CUST-0280,PROD-004,GEO-009,Standard Class,3,2463.12,0.0,7389.36,3916.36,53.0,5
ORD-01850,20210115,CUST-0024,PROD-019,GEO-001,Standard Class,1,4704.5,0.05,4469.27,1309.58,29.3,6
ORD-02430,20210115,CUST-0093,PROD-012,GEO-018,Standard Class,5,1765.51,0.15,7503.42,3012.63,40.15,7
ORD-04416,20210115,CUST-0209,PROD-019,GEO-007,First Class,1,4679.55,0.25,3509.66,675.61,19.25,4
ORD-02495,20210115,CUST-0055,PROD-028,GEO-015,Second Class,1,2093.25,0.05,1988.59,760.04,38.22,4
ORD-04830,20210116,CUST-0107,PROD-010,GEO-009,First Class,1,3429.28,0.0,3429.28,1714.64,50.0,3
ORD-04095,20210116,CUST-0128,PROD-035,GEO-010,Standard Class,2,18616.73,0.0,37233.46,6702.02,18.0,6
ORD-01963,20210118,CUST-0213,PROD-022,GEO-014,Standard Class,2,21107.33,0.1,37993.19,6215.31,16.36,5
ORD-03724,20210119,CUST-0162,PROD-020,GEO-006,Standard Class,3,1259.36,0.1,3400.27,1533.52,45.1,7
ORD-03431,20210119,CUST-0036,PROD-017,GEO-005,Same Day,2,54001.73,0.0,108003.46,21859.9,20.24,2
ORD-00424,20210119,CUST-0156,PROD-010,GEO-004,Same Day,1,3460.8,0.0,3460.8,1591.97,46.0,1
ORD-02085,20210120,CUST-0108,PROD-036,GEO-018,Second Class,2,8155.01,0.25,12232.52,1850.17,15.13,3
ORD-02347,20210120,CUST-0268,PROD-049,GEO-015,Standard Class,3,2075.37,0.1,5603.5,2267.57,40.47,6
ORD-01536,20210120,CUST-0004,PROD-009,GEO-012,Standard Class,3,2552.3,0.15,6508.37,1895.69,29.13,5
ORD-03998,20210120,CUST-0252,PROD-009,GEO-015,First Class,1,2583.65,0.05,2454.47,891.2,36.31,3
ORD-00746,20210121,CUST-0053,PROD-010,GEO-014,First Class,1,3451.17,0.15,2933.49,1124.26,38.32,4
ORD-04329,20210121,CUST-0095,PROD-024,GEO-013,Standard Class,3,224.19,0.05,638.94,305.26,47.78,5
ORD-00060,20210121,CUST-0029,PROD-045,GEO-008,Standard Class,1,9063.83,0.0,9063.83,2537.87,28.0,5
ORD-04794,20210121,CUST-0115,PROD-032,GEO-005,Standard Class,2,4360.5,0.0,8721.0,2808.16,32.2,5
ORD-03113,20210122,CUST-0078,PROD-014,GEO-001,Standard Class,2,452.87,0.0,905.74,483.3,53.36,7
ORD-03306,20210122,CUST-0184,PROD-003,GEO-009,Standard Class,1,1809.0,0.0,1809.0,994.95,55.0,5
ORD-01928,20210122,CUST-0171,PROD-037,GEO-010,Standard Class,2,3279.75,0.25,4919.62,1136.43,23.1,5
ORD-01117,20210123,CUST-0274,PROD-038,GEO-005,Standard Class,1,1197.62,0.4,718.57,107.36,14.94,7
ORD-04297,20210124,CUST-0043,PROD-029,GEO-012,Standard Class,5,2864.24,0.3,10024.84,1452.6,14.49,5
ORD-02660,20210124,CUST-0159,PROD-045,GEO-011,Standard Class,1,9917.26,0.0,9917.26,2915.67,29.4,6
ORD-02080,20210126,CUST-0228,PROD-050,GEO-016,First Class,1,1776.73,0.15,1510.22,545.72,36.14,2
ORD-01076,20210127,CUST-0243,PROD-003,GEO-011,Standard Class,1,1741.66,0.15,1480.41,624.1,42.16,5
ORD-04172,20210127,CUST-0031,PROD-043,GEO-020,Standard Class,2,6196.87,0.4,7436.24,687.1,9.24,5
ORD-03285,20210129,CUST-0087,PROD-010,GEO-006,Standard Class,2,3582.45,0.2,5731.92,1834.21,32.0,5
ORD-01115,20210129,CUST-0156,PROD-019,GEO-004,Standard Class,2,4462.03,0.2,7139.25,1471.25,20.61,5
ORD-00958,20210129,CUST-0258,PROD-025,GEO-002,Standard Class,1,336.67,0.1,303.0,102.87,33.95,7
ORD-03645,20210130,CUST-0168,PROD-048,GEO-006,Standard Class,1,1472.01,0.3,1030.41,246.47,23.92,7
ORD-03258,20210130,CUST-0092,PROD-022,GEO-001,First Class,1,21701.74,0.0,21701.74,3793.46,17.48,2
ORD-02641,20210130,CUST-0083,PROD-003,GEO-014,Standard Class,1,1731.78,0.0,1731.78,1000.1,57.75,6
ORD-01026,20210130,CUST-0225,PROD-029,GEO-020,Standard Class,1,2860.48,0.15,2431.41,585.73,24.09,5
ORD-01343,20210131,CUST-0109,PROD-025,GEO-009,Standard Class,1,350.15,0.0,350.15,157.57,45.0,7
ORD-02216,20210131,CUST-0266,PROD-043,GEO-011,Standard Class,1,6304.58,0.0,6304.58,1985.94,31.5,5
ORD-04019,20210131,CUST-0026,PROD-017,GEO-013,Standard Class,1,52451.35,0.25,39338.51,4997.96,12.71,6
ORD-02418,20210201,CUST-0189,PROD-030,GEO-011,Standard Class,1,566.13,0.3,396.29,72.73,18.35,5
ORD-03348,20210201,CUST-0233,PROD-036,GEO-020,First Class,1,8070.21,0.35,5245.64,533.74,10.17,3
ORD-00664,20210201,CUST-0229,PROD-023,GEO-010,Standard Class,3,3676.55,0.2,8823.72,2032.99,23.04,6
ORD-02755,20210201,CUST-0224,PROD-042,GEO-016,Standard Class,1,1736.3,0.3,1215.41,246.0,20.24,7
ORD-04477,20210201,CUST-0132,PROD-036,GEO-017,First Class,3,7941.87,0.0,23825.61,6552.04,27.5,4
ORD-03914,20210202,CUST-0229,PROD-048,GEO-010,Second Class,2,1518.05,0.15,2580.68,979.63,37.96,5
ORD-01469,20210202,CUST-0223,PROD-012,GEO-015,Standard Class,1,1739.65,0.0,1739.65,913.31,52.5,6
ORD-01478,20210202,CUST-0035,PROD-021,GEO-015,Second Class,1,3308.11,0.05,3142.7,1051.0,33.44,4
ORD-00708,20210203,CUST-0235,PROD-014,GEO-020,Standard Class,1,458.27,0.3,320.79,94.15,29.35,7
ORD-01645,20210203,CUST-0191,PROD-010,GEO-015,Standard Class,1,3513.1,0.05,3337.44,1594.47,47.78,6
ORD-04266,20210203,CUST-0156,PROD-025,GEO-004,Standard Class,3,364.44,0.1,983.99,334.04,33.95,5
ORD-03346,20210203,CUST-0208,PROD-002,GEO-007,Standard Class,3,1473.73,0.15,3758.01,1152.21,30.66,5
ORD-03698,20210203,CUST-0075,PROD-034,GEO-013,Second Class,4,9933.38,0.35,25826.79,1505.06,5.83,4
ORD-01313,20210203,CUST-0130,PROD-011,GEO-012,Standard Class,4,1805.82,0.0,7223.28,3033.78,42.0,6
ORD-00826,20210203,CUST-0161,PROD-019,GEO-012,Standard Class,1,4633.88,0.0,4633.88,1702.95,36.75,7
ORD-01717,20210204,CUST-0092,PROD-012,GEO-001,Second Class,1,1855.88,0.05,1763.09,738.03,41.86,5
ORD-00562,20210204,CUST-0062,PROD-028,GEO-011,Standard Class,1,2123.79,0.1,1911.41,658.29,34.44,7
ORD-02869,20210204,CUST-0073,PROD-026,GEO-006,Standard Class,3,699.52,0.1,1888.7,805.34,42.64,7
ORD-03391,20210204,CUST-0286,PROD-043,GEO-007,Standard Class,1,6542.66,0.05,6215.53,1696.84,27.3,6
ORD-02310,20210205,CUST-0003,PROD-002,GEO-017,Standard Class,3,1571.03,0.05,4477.44,1882.41,42.04,7
ORD-01677,20210205,CUST-0074,PROD-013,GEO-015,Standard Class,1,177.06,0.1,159.35,75.46,47.35,5
ORD-02835,20210205,CUST-0109,PROD-006,GEO-009,First Class,1,2175.91,0.25,1631.93,359.02,22.0,4
ORD-01180,20210205,CUST-0037,PROD-022,GEO-009,Standard Class,3,21059.55,0.0,63178.65,12003.94,19.0,5
ORD-03892,20210206,CUST-0005,PROD-047,GEO-006,Standard Class,2,3435.31,0.15,5840.03,1278.97,21.9,7
ORD-01914,20210206,CUST-0060,PROD-012,GEO-013,Standard Class,1,1741.43,0.25,1306.07,377.13,28.88,5
ORD-02514,20210207,CUST-0257,PROD-046,GEO-009,Second Class,1,4574.34,0.1,4116.91,1519.14,36.9,5
ORD-02588,20210207,CUST-0057,PROD-017,GEO-020,First Class,2,57542.53,0.35,74805.29,6698.06,8.95,4
ORD-00550,20210207,CUST-0035,PROD-046,GEO-015,Second Class,1,4393.92,0.05,4174.22,1794.81,43.0,4
ORD-03178,20210207,CUST-0128,PROD-020,GEO-010,Second Class,4,1217.48,0.15,4139.43,1661.98,40.15,3
ORD-04444,20210207,CUST-0219,PROD-004,GEO-020,First Class,3,2568.08,0.0,7704.24,4491.58,58.3,3
ORD-03926,20210208,CUST-0188,PROD-031,GEO-016,Second Class,1,992.77,0.25,744.58,234.24,31.46,4
ORD-03462,20210208,CUST-0195,PROD-016,GEO-008,Standard Class,1,41766.42,0.05,39678.1,7221.41,18.2,7
ORD-01522,20210209,CUST-0067,PROD-017,GEO-016,Same Day,3,54957.19,0.05,156627.99,34492.61,22.02,0
ORD-03186,20210210,CUST-0011,PROD-019,GEO-003,Same Day,4,4645.18,0.0,18580.72,5982.99,32.2,2
ORD-02675,20210210,CUST-0050,PROD-041,GEO-013,Standard Class,1,26180.65,0.0,26180.65,5772.84,22.05,5
ORD-02266,20210210,CUST-0089,PROD-027,GEO-001,Standard Class,1,376.9,0.05,358.05,143.89,40.19,6
ORD-01149,20210211,CUST-0167,PROD-041,GEO-011,Second Class,1,25500.87,0.0,25500.87,5622.94,22.05,3
ORD-01033,20210211,CUST-0266,PROD-016,GEO-011,First Class,1,41020.54,0.05,38969.51,7447.07,19.11,4
ORD-03050,20210211,CUST-0068,PROD-045,GEO-018,Second Class,1,9793.28,0.0,9793.28,3016.33,30.8,4
ORD-01535,20210212,CUST-0081,PROD-021,GEO-008,Same Day,1,3205.2,0.25,2403.9,462.75,19.25,1
ORD-04792,20210212,CUST-0167,PROD-043,GEO-011,Second Class,1,6244.51,0.3,4371.16,633.38,14.49,5
ORD-03872,20210213,CUST-0254,PROD-049,GEO-017,Second Class,3,1994.14,0.25,4486.82,1275.82,28.43,5
ORD-03928,20210214,CUST-0049,PROD-038,GEO-003,Standard Class,3,1160.12,0.05,3306.34,1605.48,48.56,6
ORD-00140,20210214,CUST-0275,PROD-029,GEO-003,Standard Class,1,2784.88,0.3,1949.42,247.5,12.7,7
ORD-03571,20210214,CUST-0234,PROD-005,GEO-005,Second Class,1,3142.06,0.0,3142.06,1098.46,34.96,3
ORD-03068,20210214,CUST-0132,PROD-043,GEO-017,Standard Class,1,6664.14,0.2,5331.31,1125.97,21.12,7
ORD-04470,20210214,CUST-0288,PROD-009,GEO-017,Standard Class,1,2483.69,0.15,2111.14,644.19,30.51,7
ORD-00992,20210215,CUST-0056,PROD-019,GEO-008,Standard Class,2,4669.99,0.05,8872.98,2826.04,31.85,5
ORD-02846,20210215,CUST-0124,PROD-008,GEO-011,Standard Class,1,2189.47,0.2,1751.58,564.99,32.26,6
ORD-00379,20210215,CUST-0007,PROD-032,GEO-003,Standard Class,2,4324.95,0.1,7784.91,2055.53,26.4,7
ORD-02624,20210216,CUST-0105,PROD-019,GEO-001,Standard Class,4,4614.61,0.25,13843.83,2451.74,17.71,6
ORD-04926,20210216,CUST-0066,PROD-046,GEO-007,Standard Class,2,4383.04,0.1,7889.47,2911.21,36.9,7
ORD-03973,20210216,CUST-0166,PROD-050,GEO-020,Second Class,2,1776.03,0.2,2841.65,900.24,31.68,3
ORD-04382,20210216,CUST-0182,PROD-010,GEO-020,Standard Class,1,3507.98,0.1,3157.18,1423.88,45.1,7
ORD-01684,20210217,CUST-0068,PROD-010,GEO-018,First Class,2,3498.5,0.25,5247.75,1587.44,30.25,3
ORD-02874,20210217,CUST-0024,PROD-041,GEO-001,Standard Class,2,24725.49,0.15,42033.33,5928.21,14.1,7
ORD-03056,20210217,CUST-0237,PROD-020,GEO-006,Standard Class,2,1230.16,0.2,1968.26,692.83,35.2,6
ORD-01913,20210218,CUST-0274,PROD-037,GEO-005,First Class,4,3261.75,0.2,10437.6,2581.18,24.73,2
ORD-04342,20210218,CUST-0171,PROD-015,GEO-010,Standard Class,4,1544.97,0.1,5561.89,2052.34,36.9,6
ORD-02247,20210219,CUST-0088,PROD-016,GEO-005,Same Day,4,41550.43,0.0,166201.72,30581.11,18.4,2
ORD-00951,20210220,CUST-0039,PROD-007,GEO-006,Standard Class,1,645.86,0.0,645.86,258.34,40.0,7
ORD-01933,20210221,CUST-0271,PROD-015,GEO-002,Second Class,1,1498.77,0.1,1348.89,457.92,33.95,4
ORD-00252,20210221,CUST-0098,PROD-043,GEO-012,Standard Class,1,6760.02,0.2,5408.02,1090.26,20.16,6
ORD-01497,20210221,CUST-0229,PROD-035,GEO-010,Standard Class,3,18800.55,0.0,56401.65,10152.3,18.0,6
ORD-01691,20210221,CUST-0040,PROD-036,GEO-008,Second Class,1,8366.27,0.0,8366.27,2091.57,25.0,4
ORD-03951,20210222,CUST-0241,PROD-013,GEO-015,Standard Class,2,184.39,0.05,350.34,184.12,52.55,6
ORD-00672,20210224,CUST-0151,PROD-039,GEO-013,Standard Class,2,832.85,0.1,1499.13,774.45,51.66,6
ORD-01759,20210225,CUST-0137,PROD-022,GEO-005,Standard Class,1,22029.08,0.15,18724.72,2389.35,12.76,7
ORD-04201,20210225,CUST-0196,PROD-033,GEO-015,Standard Class,3,432.05,0.2,1036.92,320.53,30.91,6
ORD-04455,20210225,CUST-0207,PROD-014,GEO-007,Standard Class,2,440.05,0.15,748.08,316.74,42.34,5
ORD-03738,20210225,CUST-0132,PROD-050,GEO-017,Second Class,1,1727.5,0.05,1641.12,739.24,45.04,5
ORD-04191,20210226,CUST-0165,PROD-019,GEO-009,Second Class,1,4386.4,0.1,3947.76,1133.01,28.7,4
ORD-04222,20210226,CUST-0263,PROD-029,GEO-009,Same Day,2,2757.12,0.3,3859.97,532.68,13.8,2
ORD-02153,20210227,CUST-0052,PROD-035,GEO-009,Second Class,3,17160.13,0.2,41184.31,4744.43,11.52,5
ORD-01807,20210227,CUST-0158,PROD-040,GEO-006,Second Class,1,118.64,0.15,100.84,44.17,43.8,5
ORD-02278,20210227,CUST-0120,PROD-016,GEO-002,Standard Class,2,42644.65,0.05,81024.83,13566.8,16.74,7
ORD-02809,20210228,CUST-0296,PROD-017,GEO-008,Standard Class,1,57677.46,0.3,40374.22,4085.87,10.12,6
ORD-02152,20210228,CUST-0101,PROD-045,GEO-014,Standard Class,4,9706.76,0.0,38827.04,11415.15,29.4,5
ORD-04651,20210228,CUST-0151,PROD-039,GEO-013,First Class,1,776.73,0.0,776.73,489.34,63.0,4
ORD-01203,20210301,CUST-0162,PROD-039,GEO-006,Standard Class,2,782.2,0.0,1564.4,938.64,60.0,7
ORD-03714,20210302,CUST-0088,PROD-022,GEO-005,Standard Class,3,21862.44,0.0,65587.32,11464.66,17.48,7
ORD-02991,20210302,CUST-0170,PROD-039,GEO-003,Standard Class,1,811.3,0.15,689.6,277.88,40.3,5
ORD-01639,20210302,CUST-0101,PROD-019,GEO-014,First Class,1,4358.62,0.3,3051.03,515.78,16.91,2
ORD-04395,20210303,CUST-0209,PROD-039,GEO-007,First Class,2,834.53,0.3,1168.34,322.46,27.6,2
ORD-03419,20210303,CUST-0210,PROD-014,GEO-018,Second Class,3,445.86,0.2,1070.06,436.93,40.83,4
ORD-02420,20210303,CUST-0116,PROD-015,GEO-009,Standard Class,1,1459.56,0.1,1313.6,484.72,36.9,7
ORD-04574,20210304,CUST-0099,PROD-021,GEO-018,First Class,4,3240.55,0.0,12962.2,4990.45,38.5,4
ORD-01097,20210304,CUST-0095,PROD-046,GEO-013,Second Class,2,4282.61,0.0,8565.22,4047.07,47.25,3
ORD-03360,20210304,CUST-0152,PROD-045,GEO-018,First Class,1,9059.02,0.05,8606.07,2412.11,28.03,4
ORD-02037,20210304,CUST-0252,PROD-003,GEO-015,Standard Class,3,1718.9,0.0,5156.7,2977.99,57.75,6
ORD-03765,20210305,CUST-0252,PROD-016,GEO-015,Standard Class,1,43380.78,0.35,28197.51,2190.95,7.77,6
ORD-02599,20210305,CUST-0115,PROD-036,GEO-005,Standard Class,2,7859.08,0.0,15718.16,3615.18,23.0,5
ORD-03924,20210306,CUST-0215,PROD-010,GEO-012,First Class,1,3640.75,0.25,2730.56,788.44,28.87,2
ORD-02980,20210306,CUST-0299,PROD-030,GEO-010,Standard Class,4,582.49,0.0,2329.96,885.38,38.0,7
ORD-03181,20210306,CUST-0155,PROD-025,GEO-016,Second Class,1,367.33,0.35,238.76,43.72,18.31,3
ORD-04108,20210306,CUST-0062,PROD-048,GEO-011,Standard Class,1,1512.64,0.2,1210.11,422.86,34.94,5
ORD-01628,20210307,CUST-0063,PROD-012,GEO-008,Standard Class,1,1784.51,0.15,1516.83,553.64,36.5,6
ORD-00753,20210308,CUST-0072,PROD-022,GEO-006,Standard Class,3,22804.24,0.0,68412.72,12998.42,19.0,7
ORD-04683,20210308,CUST-0172,PROD-009,GEO-019,Standard Class,1,2548.61,0.1,2293.75,786.2,34.28,5
ORD-02101,20210308,CUST-0293,PROD-025,GEO-011,Standard Class,1,367.02,0.3,256.91,55.84,21.74,7
ORD-03810,20210308,CUST-0225,PROD-016,GEO-020,Second Class,2,44088.39,0.15,74950.26,12037.01,16.06,4
ORD-03976,20210308,CUST-0282,PROD-005,GEO-002,Standard Class,1,3099.1,0.05,2944.14,936.63,31.81,7
ORD-03255,20210308,CUST-0092,PROD-022,GEO-001,Standard Class,4,21132.41,0.15,71850.19,9168.37,12.76,6
ORD-03562,20210308,CUST-0193,PROD-034,GEO-014,Second Class,1,9659.46,0.05,9176.49,1315.22,14.33,4
ORD-03966,20210308,CUST-0152,PROD-003,GEO-018,Standard Class,1,1830.31,0.0,1830.31,1107.34,60.5,5
ORD-03586,20210309,CUST-0015,PROD-001,GEO-014,Standard Class,3,5350.49,0.2,12841.18,3279.12,25.54,6
ORD-03131,20210309,CUST-0251,PROD-034,GEO-020,Same Day,1,9651.18,0.05,9168.62,1376.67,15.02,1
ORD-01874,20210309,CUST-0169,PROD-016,GEO-016,Second Class,1,43187.14,0.15,36709.07,5895.47,16.06,4
ORD-04790,20210309,CUST-0188,PROD-012,GEO-016,Standard Class,3,1839.02,0.05,5241.21,2623.23,50.05,7
ORD-02921,20210310,CUST-0287,PROD-016,GEO-018,Standard Class,1,42905.03,0.0,42905.03,9439.11,22.0,6
ORD-01101,20210310,CUST-0028,PROD-019,GEO-012,Standard Class,1,4445.24,0.2,3556.19,836.42,23.52,6
ORD-04760,20210310,CUST-0096,PROD-012,GEO-015,Second Class,4,1753.26,0.0,7013.04,3681.85,52.5,5
ORD-02630,20210310,CUST-0194,PROD-037,GEO-006,First Class,2,3100.29,0.2,4960.46,1333.37,26.88,4
ORD-01276,20210310,CUST-0095,PROD-015,GEO-013,First Class,1,1504.14,0.1,1353.73,524.51,38.75,4
ORD-00632,20210310,CUST-0093,PROD-049,GEO-018,Standard Class,2,2029.73,0.15,3450.54,1302.27,37.74,6
ORD-00044,20210310,CUST-0286,PROD-039,GEO-007,Standard Class,3,772.03,0.35,1505.46,334.21,22.2,7
ORD-02212,20210311,CUST-0251,PROD-034,GEO-020,Standard Class,4,10089.78,0.15,34305.25,4132.06,12.04,5
ORD-01751,20210311,CUST-0299,PROD-010,GEO-010,First Class,1,3526.44,0.05,3350.12,1524.3,45.5,4
ORD-00128,20210311,CUST-0179,PROD-017,GEO-004,Standard Class,4,55420.84,0.0,221683.36,44868.71,20.24,6
ORD-02239,20210311,CUST-0237,PROD-022,GEO-006,Same Day,1,22101.25,0.2,17681.0,2150.01,12.16,0
ORD-01920,20210311,CUST-0097,PROD-038,GEO-004,Standard Class,2,1144.99,0.2,1831.98,625.63,34.15,5
ORD-02044,20210312,CUST-0093,PROD-001,GEO-018,Standard Class,2,5613.27,0.15,9542.56,2911.82,30.51,7
ORD-04624,20210312,CUST-0046,PROD-031,GEO-014,Second Class,4,955.85,0.1,3441.06,1540.63,44.77,4
ORD-03129,20210312,CUST-0087,PROD-017,GEO-006,Standard Class,2,53676.65,0.0,107353.3,23617.73,22.0,7
ORD-04527,20210312,CUST-0006,PROD-017,GEO-019,Second Class,3,55648.49,0.3,116861.83,13009.06,11.13,5
ORD-01986,20210313,CUST-0012,PROD-015,GEO-010,Standard Class,3,1464.26,0.0,4392.78,1976.75,45.0,7
ORD-02756,20210313,CUST-0079,PROD-044,GEO-014,Second Class,1,855.35,0.05,812.58,481.38,59.24,5
ORD-03742,20210313,CUST-0157,PROD-015,GEO-016,Standard Class,2,1446.43,0.0,2892.86,1431.97,49.5,7
ORD-02104,20210313,CUST-0050,PROD-005,GEO-013,Standard Class,2,3177.52,0.0,6355.04,2535.67,39.9,6
ORD-02258,20210313,CUST-0216,PROD-010,GEO-008,Second Class,1,3562.55,0.2,2850.04,912.01,32.0,3
ORD-02653,20210314,CUST-0172,PROD-039,GEO-019,Standard Class,2,792.37,0.1,1426.27,771.89,54.12,5
ORD-02052,20210315,CUST-0248,PROD-034,GEO-020,Standard Class,3,10471.3,0.05,29843.2,4480.96,15.02,6
ORD-04006,20210315,CUST-0232,PROD-042,GEO-007,Standard Class,3,1819.63,0.1,4913.0,1611.46,32.8,6
ORD-02847,20210315,CUST-0137,PROD-029,GEO-005,Standard Class,1,2876.74,0.1,2589.07,585.96,22.63,6
ORD-00633,20210316,CUST-0113,PROD-017,GEO-003,Standard Class,2,53236.46,0.1,95825.63,15903.98,16.6,6
ORD-04729,20210316,CUST-0210,PROD-006,GEO-018,Second Class,1,2098.04,0.0,2098.04,923.14,44.0,4
ORD-00566,20210316,CUST-0061,PROD-003,GEO-019,Second Class,1,1860.93,0.3,1302.65,362.53,27.83,4
ORD-00462,20210316,CUST-0203,PROD-042,GEO-018,Standard Class,1,1721.28,0.15,1463.09,469.94,32.12,7
ORD-00620,20210317,CUST-0255,PROD-033,GEO-011,Same Day,3,453.45,0.0,1360.35,657.05,48.3,1
ORD-01273,20210317,CUST-0075,PROD-037,GEO-013,Standard Class,1,3325.92,0.15,2827.03,910.11,32.19,6
ORD-01261,20210317,CUST-0199,PROD-045,GEO-017,Standard Class,1,9522.12,0.2,7617.7,1501.6,19.71,7
ORD-03728,20210317,CUST-0093,PROD-038,GEO-018,Second Class,4,1193.7,0.0,4774.8,3046.32,63.8,5
ORD-02343,20210317,CUST-0176,PROD-046,GEO-019,Same Day,4,4369.81,0.2,13983.39,4429.94,31.68,2
ORD-02633,20210318,CUST-0081,PROD-047,GEO-008,Same Day,1,3555.22,0.15,3021.94,661.8,21.9,0
ORD-02146,20210318,CUST-0184,PROD-016,GEO-009,Standard Class,1,39965.03,0.2,31972.02,4092.42,12.8,7
ORD-00486,20210319,CUST-0290,PROD-041,GEO-005,Standard Class,1,24960.19,0.0,24960.19,4822.31,19.32,5
ORD-04658,20210319,CUST-0214,PROD-012,GEO-015,Standard Class,4,1770.73,0.25,5312.19,1533.89,28.87,7
ORD-02076,20210320,CUST-0276,PROD-011,GEO-006,Second Class,2,1761.35,0.0,3522.7,1409.08,40.0,5
ORD-03302,20210321,CUST-0134,PROD-004,GEO-002,Same Day,4,2392.67,0.15,8135.08,2895.66,35.59,0
ORD-01738,20210321,CUST-0010,PROD-048,GEO-017,Second Class,4,1513.15,0.2,4842.08,1772.58,36.61,4
ORD-01177,20210321,CUST-0051,PROD-036,GEO-008,Second Class,1,7617.59,0.35,4951.43,458.01,9.25,5
ORD-01564,20210322,CUST-0066,PROD-015,GEO-007,Standard Class,1,1504.48,0.0,1504.48,677.02,45.0,7
ORD-03395,20210322,CUST-0207,PROD-014,GEO-007,Standard Class,2,438.65,0.05,833.44,439.89,52.78,7
ORD-04311,20210322,CUST-0146,PROD-047,GEO-020,Standard Class,2,3584.89,0.05,6811.29,2045.43,30.03,6
ORD-04981,20210322,CUST-0010,PROD-039,GEO-017,Standard Class,2,802.08,0.0,1604.16,1058.75,66.0,5
ORD-02211,20210322,CUST-0091,PROD-042,GEO-016,Standard Class,1,1853.87,0.1,1668.48,601.99,36.08,7
ORD-01283,20210322,CUST-0116,PROD-017,GEO-009,Standard Class,2,56963.66,0.2,91141.86,12832.77,14.08,6
ORD-02009,20210323,CUST-0243,PROD-028,GEO-011,Standard Class,1,2185.07,0.15,1857.31,569.45,30.66,7
ORD-02981,20210324,CUST-0105,PROD-020,GEO-001,Second Class,1,1198.59,0.0,1198.59,606.48,50.6,3
ORD-00728,20210324,CUST-0128,PROD-020,GEO-010,Standard Class,1,1190.18,0.0,1190.18,654.6,55.0,6
ORD-03262,20210325,CUST-0140,PROD-045,GEO-005,Standard Class,5,9522.06,0.0,47610.3,12264.41,25.76,7
ORD-04831,20210325,CUST-0247,PROD-046,GEO-016,Second Class,1,4524.89,0.05,4298.65,1936.33,45.05,5
ORD-01439,20210325,CUST-0188,PROD-049,GEO-016,Standard Class,1,2072.22,0.1,1865.0,790.65,42.39,5
ORD-03103,20210326,CUST-0065,PROD-017,GEO-020,Standard Class,2,54300.45,0.15,92310.76,16307.62,17.67,6
ORD-03587,20210326,CUST-0241,PROD-028,GEO-015,Standard Class,2,2016.99,0.05,3832.28,1464.7,38.22,7
ORD-03606,20210326,CUST-0297,PROD-003,GEO-015,Standard Class,1,1832.2,0.0,1832.2,1058.1,57.75,7
ORD-00372,20210326,CUST-0269,PROD-017,GEO-003,Standard Class,1,56368.54,0.05,53550.11,9863.07,18.42,5
ORD-02953,20210326,CUST-0156,PROD-042,GEO-004,Standard Class,1,1728.0,0.0,1728.0,635.9,36.8,7
ORD-01200,20210327,CUST-0001,PROD-049,GEO-001,First Class,1,1962.3,0.15,1667.96,526.5,31.57,3
ORD-04499,20210328,CUST-0192,PROD-028,GEO-003,Second Class,1,2172.72,0.05,2064.08,691.22,33.49,5
ORD-00755,20210329,CUST-0199,PROD-015,GEO-017,Standard Class,2,1527.38,0.1,2749.28,1115.93,40.59,7
ORD-03798,20210329,CUST-0266,PROD-038,GEO-011,Second Class,1,1227.85,0.25,920.89,308.45,33.49,4
ORD-00280,20210331,CUST-0091,PROD-022,GEO-016,Standard Class,1,22108.96,0.3,15476.27,1487.89,9.61,6
ORD-01369,20210331,CUST-0106,PROD-036,GEO-015,Same Day,3,8346.87,0.0,25040.61,6573.16,26.25,1
ORD-00953,20210331,CUST-0109,PROD-032,GEO-009,First Class,2,4606.71,0.05,8752.75,2787.75,31.85,4
ORD-04032,20210401,CUST-0016,PROD-036,GEO-010,Second Class,2,7954.03,0.05,15112.66,3438.13,22.75,4
ORD-04916,20210401,CUST-0110,PROD-014,GEO-003,Standard Class,1,427.77,0.1,384.99,168.45,43.75,6
ORD-03057,20210401,CUST-0239,PROD-012,GEO-015,Same Day,1,1729.93,0.1,1556.94,670.27,43.05,1
ORD-00279,20210402,CUST-0274,PROD-037,GEO-005,Standard Class,1,3157.61,0.0,3157.61,1220.1,38.64,5
ORD-04270,20210402,CUST-0084,PROD-026,GEO-018,Same Day,1,695.03,0.3,486.52,128.02,26.31,1
ORD-01364,20210402,CUST-0192,PROD-030,GEO-003,First Class,1,584.17,0.15,496.54,126.72,25.52,2
ORD-04992,20210403,CUST-0257,PROD-045,GEO-009,First Class,3,9593.58,0.0,28780.74,8058.61,28.0,4
ORD-03267,20210403,CUST-0054,PROD-001,GEO-013,Standard Class,1,5442.59,0.0,5442.59,2171.59,39.9,6
ORD-01498,20210403,CUST-0001,PROD-037,GEO-001,Standard Class,4,3226.06,0.0,12904.24,4986.2,38.64,7
ORD-02524,20210404,CUST-0206,PROD-046,GEO-005,Standard Class,2,4502.91,0.0,9005.82,3728.41,41.4,6
ORD-04079,20210404,CUST-0195,PROD-009,GEO-008,Standard Class,3,2548.06,0.35,4968.72,698.6,14.06,6
ORD-04773,20210404,CUST-0292,PROD-009,GEO-006,Same Day,3,2510.87,0.0,7532.61,2862.39,38.0,0
ORD-04956,20210405,CUST-0063,PROD-050,GEO-008,Standard Class,1,1824.74,0.05,1733.5,709.87,40.95,5
ORD-02812,20210405,CUST-0271,PROD-050,GEO-002,Standard Class,1,1861.78,0.25,1396.34,317.94,22.77,6
ORD-02564,20210405,CUST-0150,PROD-008,GEO-002,Standard Class,2,2135.32,0.3,2989.45,607.26,20.31,7
ORD-00716,20210405,CUST-0206,PROD-047,GEO-005,Standard Class,3,3405.98,0.1,9196.15,2081.27,22.63,6
ORD-04390,20210405,CUST-0151,PROD-001,GEO-013,Standard Class,3,5240.75,0.25,11791.69,2587.68,21.94,5
ORD-04303,20210405,CUST-0052,PROD-016,GEO-009,Standard Class,1,42453.2,0.0,42453.2,8490.64,20.0,7
ORD-03150,20210405,CUST-0092,PROD-032,GEO-001,Second Class,1,4618.99,0.1,4157.09,1097.63,26.4,4
ORD-04826,20210406,CUST-0004,PROD-035,GEO-012,Standard Class,3,17483.77,0.15,44583.61,6151.2,13.8,5
ORD-00982,20210406,CUST-0263,PROD-018,GEO-009,Standard Class,1,726.05,0.25,544.54,125.79,23.1,7
ORD-03357,20210407,CUST-0145,PROD-038,GEO-018,Standard Class,1,1208.23,0.25,906.17,317.98,35.09,5
ORD-03314,20210407,CUST-0154,PROD-013,GEO-019,Second Class,1,183.0,0.0,183.0,110.72,60.5,3
ORD-02672,20210407,CUST-0221,PROD-037,GEO-003,Same Day,1,3062.57,0.0,3062.57,1183.38,38.64,2
ORD-01575,20210407,CUST-0023,PROD-013,GEO-007,First Class,1,182.49,0.0,182.49,100.37,55.0,3
ORD-04092,20210407,CUST-0084,PROD-015,GEO-018,Standard Class,4,1513.02,0.2,4841.66,1533.84,31.68,6
ORD-00904,20210407,CUST-0125,PROD-002,GEO-003,First Class,3,1454.88,0.25,3273.48,695.68,21.25,4
ORD-04113,20210407,CUST-0287,PROD-046,GEO-018,Standard Class,1,4353.89,0.3,3047.72,693.97,22.77,5
ORD-03475,20210408,CUST-0091,PROD-045,GEO-016,Standard Class,2,9566.73,0.0,19133.46,5893.11,30.8,7
ORD-00089,20210409,CUST-0284,PROD-049,GEO-001,Standard Class,2,1946.44,0.1,3503.59,1242.26,35.46,6
ORD-03694,20210409,CUST-0227,PROD-044,GEO-007,Second Class,1,879.21,0.15,747.33,338.24,45.26,3
ORD-04569,20210409,CUST-0237,PROD-039,GEO-006,Standard Class,2,829.5,0.25,1244.25,410.6,33.0,6
ORD-03650,20210409,CUST-0140,PROD-039,GEO-005,Second Class,1,764.01,0.2,611.21,215.92,35.33,4
ORD-02543,20210409,CUST-0062,PROD-023,GEO-011,Standard Class,2,3974.42,0.0,7948.84,3004.66,37.8,7
ORD-03757,20210410,CUST-0207,PROD-007,GEO-007,Standard Class,1,677.55,0.2,542.04,138.76,25.6,6
ORD-01151,20210411,CUST-0005,PROD-011,GEO-006,Standard Class,2,1862.68,0.05,3539.09,1288.23,36.4,7
ORD-03005,20210411,CUST-0139,PROD-001,GEO-001,Second Class,1,5349.87,0.25,4012.4,771.5,19.23,3
ORD-02059,20210411,CUST-0232,PROD-038,GEO-007,Second Class,1,1243.17,0.0,1243.17,721.04,58.0,3
ORD-01957,20210411,CUST-0288,PROD-021,GEO-017,Second Class,2,3050.26,0.1,5490.47,1733.34,31.57,5
ORD-04008,20210411,CUST-0058,PROD-030,GEO-008,Standard Class,1,607.23,0.1,546.51,170.29,31.16,6
ORD-04550,20210411,CUST-0193,PROD-020,GEO-014,Standard Class,2,1251.58,0.05,2378.0,1249.7,52.55,7
ORD-00929,20210411,CUST-0064,PROD-049,GEO-007,Standard Class,3,2058.79,0.05,5867.55,2509.55,42.77,5
ORD-03664,20210411,CUST-0196,PROD-048,GEO-015,Second Class,4,1458.0,0.05,5540.4,2752.81,49.69,5
ORD-03121,20210411,CUST-0074,PROD-034,GEO-015,Standard Class,1,9695.83,0.0,9695.83,1527.09,15.75,7
ORD-04055,20210411,CUST-0279,PROD-016,GEO-001,Second Class,1,43858.0,0.1,39472.2,5955.56,15.09,5
ORD-02346,20210411,CUST-0299,PROD-023,GEO-010,Standard Class,2,3727.52,0.05,7082.29,2320.16,32.76,5
ORD-03789,20210411,CUST-0203,PROD-022,GEO-018,Second Class,2,23088.24,0.1,41558.83,7122.36,17.14,5
ORD-04331,20210411,CUST-0076,PROD-006,GEO-010,Standard Class,2,2218.11,0.25,3327.16,731.98,22.0,5
ORD-00168,20210412,CUST-0229,PROD-002,GEO-010,Standard Class,1,1513.86,0.1,1362.47,469.23,34.44,7
ORD-03991,20210412,CUST-0246,PROD-046,GEO-019,First Class,3,4473.06,0.05,12748.22,5742.44,45.05,2
ORD-04409,20210412,CUST-0245,PROD-010,GEO-004,Standard Class,1,3416.29,0.15,2903.85,975.12,33.58,6
ORD-03180,20210412,CUST-0249,PROD-045,GEO-013,Standard Class,1,9751.42,0.1,8776.28,2115.78,24.11,5
ORD-00066,20210412,CUST-0204,PROD-020,GEO-013,Standard Class,2,1170.29,0.0,2340.58,1351.69,57.75,6
ORD-04571,20210412,CUST-0149,PROD-037,GEO-020,Second Class,2,3264.93,0.05,6203.37,2608.02,42.04,3
ORD-01291,20210412,CUST-0234,PROD-044,GEO-005,Standard Class,1,807.62,0.0,807.62,460.66,57.04,5
ORD-02954,20210413,CUST-0228,PROD-035,GEO-016,Second Class,2,18801.29,0.0,37602.58,7445.31,19.8,4
ORD-02823,20210413,CUST-0133,PROD-007,GEO-010,Standard Class,2,657.35,0.0,1314.7,525.88,40.0,5
ORD-04127,20210413,CUST-0222,PROD-003,GEO-009,Second Class,2,1713.43,0.15,2912.83,1169.5,40.15,4
ORD-04715,20210413,CUST-0262,PROD-005,GEO-003,Standard Class,3,3271.86,0.05,9324.8,2966.56,31.81,5
ORD-01551,20210414,CUST-0233,PROD-017,GEO-020,Standard Class,5,56657.54,0.15,240794.54,42538.76,17.67,5
ORD-04034,20210415,CUST-0296,PROD-016,GEO-008,Standard Class,4,40469.68,0.1,145690.85,23893.3,16.4,7
ORD-02547,20210415,CUST-0079,PROD-046,GEO-014,Standard Class,1,4294.06,0.0,4294.06,2028.95,47.25,5
ORD-00155,20210415,CUST-0104,PROD-017,GEO-012,Standard Class,1,57682.47,0.0,57682.47,13324.65,23.1,5
ORD-04472,20210415,CUST-0211,PROD-022,GEO-007,Standard Class,1,21905.18,0.0,21905.18,4161.98,19.0,5
ORD-00908,20210415,CUST-0250,PROD-046,GEO-017,Standard Class,1,4398.29,0.0,4398.29,2177.15,49.5,6
ORD-00573,20210415,CUST-0002,PROD-034,GEO-006,Standard Class,1,9556.18,0.1,8600.56,1057.87,12.3,5
ORD-04096,20210415,CUST-0193,PROD-008,GEO-014,Same Day,1,2296.17,0.15,1951.74,718.08,36.79,1
ORD-02261,20210415,CUST-0086,PROD-013,GEO-007,Standard Class,4,177.8,0.2,568.96,200.27,35.2,6
ORD-02269,20210415,CUST-0189,PROD-025,GEO-011,Same Day,1,341.93,0.15,290.64,100.25,34.49,0
ORD-01857,20210416,CUST-0161,PROD-012,GEO-012,Standard Class,1,1879.88,0.0,1879.88,986.94,52.5,5
ORD-04541,20210416,CUST-0014,PROD-017,GEO-011,Standard Class,1,56292.58,0.1,50663.32,9596.64,18.94,7
ORD-00151,20210416,CUST-0069,PROD-004,GEO-014,First Class,4,2624.48,0.2,8398.34,2991.16,35.62,3
ORD-04887,20210416,CUST-0020,PROD-019,GEO-020,Standard Class,1,4652.05,0.0,4652.05,1791.04,38.5,6
ORD-02019,20210417,CUST-0035,PROD-012,GEO-015,First Class,2,1719.22,0.1,3094.6,1332.23,43.05,3
ORD-03078,20210417,CUST-0189,PROD-031,GEO-011,Second Class,1,988.35,0.0,988.35,539.64,54.6,4
ORD-02658,20210417,CUST-0290,PROD-011,GEO-005,Standard Class,1,1752.68,0.0,1752.68,644.98,36.8,7
ORD-03069,20210417,CUST-0277,PROD-046,GEO-016,Standard Class,4,4387.06,0.0,17548.24,8686.38,49.5,7
ORD-00206,20210418,CUST-0042,PROD-042,GEO-008,Standard Class,3,1799.68,0.15,4589.18,1340.04,29.2,7
ORD-03109,20210418,CUST-0056,PROD-002,GEO-008,Standard Class,1,1431.82,0.05,1360.23,519.88,38.22,5
ORD-03779,20210418,CUST-0008,PROD-006,GEO-016,Second Class,2,2240.41,0.0,4480.82,1971.56,44.0,4
ORD-03576,20210418,CUST-0166,PROD-034,GEO-020,First Class,1,9829.93,0.15,8355.44,1006.41,12.04,2
ORD-02553,20210418,CUST-0149,PROD-017,GEO-020,Second Class,1,54239.05,0.35,35255.38,3156.77,8.95,5
ORD-03017,20210419,CUST-0291,PROD-046,GEO-003,First Class,1,4698.82,0.2,3759.06,996.0,26.5,2
ORD-02359,20210419,CUST-0185,PROD-047,GEO-014,Standard Class,1,3540.77,0.2,2832.62,571.05,20.16,7
ORD-02563,20210419,CUST-0115,PROD-046,GEO-005,Standard Class,1,4536.81,0.05,4309.97,1623.74,37.67,7
ORD-00825,20210419,CUST-0226,PROD-032,GEO-002,Standard Class,2,4416.91,0.15,7508.75,1765.01,23.51,5
ORD-03588,20210420,CUST-0209,PROD-036,GEO-007,Second Class,1,7851.93,0.0,7851.93,1962.98,25.0,5
ORD-02098,20210421,CUST-0115,PROD-036,GEO-005,Standard Class,1,7875.55,0.15,6694.22,1123.96,16.79,6
ORD-04556,20210421,CUST-0138,PROD-037,GEO-014,Second Class,2,3234.34,0.2,5174.94,1460.57,28.22,3
ORD-01618,20210422,CUST-0148,PROD-002,GEO-015,Standard Class,1,1438.53,0.1,1294.68,468.18,36.16,5
ORD-04040,20210422,CUST-0119,PROD-010,GEO-020,Same Day,1,3426.39,0.1,3083.75,1390.77,45.1,1
ORD-04697,20210423,CUST-0197,PROD-042,GEO-002,Second Class,3,1752.14,0.15,4467.96,1200.27,26.86,3
ORD-00138,20210423,CUST-0063,PROD-003,GEO-008,Standard Class,1,1857.44,0.0,1857.44,1021.59,55.0,5
ORD-02462,20210423,CUST-0051,PROD-043,GEO-008,Standard Class,4,6753.77,0.25,20261.31,3343.12,16.5,5
ORD-04350,20210423,CUST-0221,PROD-041,GEO-003,Standard Class,1,23940.09,0.25,17955.07,1907.91,10.63,5
ORD-04589,20210424,CUST-0279,PROD-046,GEO-001,Second Class,2,4572.73,0.3,6401.82,1219.17,19.04,5
ORD-04207,20210424,CUST-0187,PROD-016,GEO-018,Standard Class,1,42004.5,0.15,35703.82,5734.04,16.06,5
ORD-02659,20210424,CUST-0024,PROD-048,GEO-001,Standard Class,4,1493.53,0.25,4480.59,1178.93,26.31,6
ORD-04439,20210425,CUST-0224,PROD-017,GEO-016,Second Class,3,54584.41,0.15,139190.25,24589.34,17.67,4
ORD-02016,20210425,CUST-0216,PROD-041,GEO-008,Standard Class,2,25692.15,0.2,41107.44,5524.84,13.44,6
ORD-00857,20210425,CUST-0272,PROD-037,GEO-001,First Class,3,3261.33,0.2,7827.19,1935.63,24.73,4
ORD-03563,20210426,CUST-0195,PROD-022,GEO-008,Standard Class,1,21445.37,0.1,19300.83,3007.07,15.58,6
ORD-00717,20210426,CUST-0122,PROD-038,GEO-002,Standard Class,4,1246.34,0.0,4985.36,2660.19,53.36,7
ORD-01179,20210426,CUST-0132,PROD-023,GEO-017,Second Class,3,3872.93,0.3,8133.15,1481.54,18.22,4
ORD-01130,20210427,CUST-0078,PROD-020,GEO-001,Standard Class,1,1239.05,0.15,1053.19,389.03,36.94,7
ORD-02805,20210427,CUST-0101,PROD-022,GEO-014,Standard Class,2,23071.19,0.1,41528.14,6793.58,16.36,6
ORD-00835,20210428,CUST-0143,PROD-006,GEO-016,First Class,1,2237.23,0.05,2125.37,850.99,40.04,4
ORD-03898,20210428,CUST-0108,PROD-048,GEO-018,Standard Class,1,1516.71,0.25,1137.53,357.86,31.46,7
ORD-04689,20210428,CUST-0074,PROD-047,GEO-015,Standard Class,1,3375.75,0.0,3375.75,1063.36,31.5,7
ORD-00006,20210429,CUST-0011,PROD-023,GEO-003,Second Class,2,3704.14,0.05,7037.87,2121.16,30.14,4
ORD-01384,20210429,CUST-0228,PROD-001,GEO-016,Second Class,2,5726.74,0.3,8017.44,1541.6,19.23,3
ORD-03841,20210429,CUST-0212,PROD-046,GEO-002,Standard Class,2,4435.92,0.05,8428.25,3175.26,37.67,5
ORD-01220,20210429,CUST-0079,PROD-037,GEO-014,Standard Class,1,3314.22,0.05,3148.51,1263.53,40.13,7
ORD-04246,20210430,CUST-0213,PROD-028,GEO-014,Standard Class,3,2162.97,0.0,6488.91,2725.34,42.0,5
ORD-00230,20210430,CUST-0206,PROD-044,GEO-005,Standard Class,3,865.58,0.3,1817.72,476.94,26.24,7
ORD-00522,20210501,CUST-0085,PROD-032,GEO-006,Standard Class,1,4411.77,0.05,4191.18,1334.89,31.85,6
ORD-02990,20210501,CUST-0119,PROD-013,GEO-020,Standard Class,1,175.89,0.2,140.71,54.48,38.72,7
ORD-03086,20210501,CUST-0271,PROD-012,GEO-002,Standard Class,2,1749.1,0.05,3323.29,1391.13,41.86,7
ORD-01848,20210502,CUST-0031,PROD-023,GEO-020,Standard Class,3,3835.4,0.0,11506.2,4556.45,39.6,6
ORD-04407,20210502,CUST-0138,PROD-016,GEO-014,First Class,1,44016.26,0.2,35213.01,4732.63,13.44,2
ORD-02115,20210502,CUST-0287,PROD-003,GEO-018,Standard Class,2,1873.84,0.0,3747.68,2267.34,60.5,6
ORD-01147,20210502,CUST-0185,PROD-046,GEO-014,Second Class,3,4562.64,0.0,13687.92,6467.54,47.25,5
ORD-03773,20210503,CUST-0276,PROD-037,GEO-006,Second Class,2,3296.68,0.0,6593.36,2769.21,42.0,5
ORD-03990,20210503,CUST-0013,PROD-046,GEO-005,Standard Class,1,4449.13,0.2,3559.3,943.07,26.5,7
ORD-02411,20210503,CUST-0092,PROD-029,GEO-001,Second Class,1,2810.39,0.05,2669.87,670.56,25.12,3
ORD-00874,20210504,CUST-0075,PROD-017,GEO-013,Second Class,3,56083.63,0.15,143013.26,24116.33,16.86,5
ORD-01421,20210504,CUST-0282,PROD-044,GEO-002,Standard Class,2,838.41,0.05,1592.98,826.86,51.91,5
ORD-02031,20210504,CUST-0296,PROD-029,GEO-008,Second Class,3,2888.04,0.25,6498.09,1072.18,16.5,5
ORD-01249,20210504,CUST-0139,PROD-007,GEO-001,Standard Class,5,649.66,0.0,3248.3,1195.37,36.8,6
ORD-04551,20210504,CUST-0241,PROD-034,GEO-015,Second Class,2,9640.16,0.15,16388.27,1884.25,11.5,4
ORD-02931,20210504,CUST-0262,PROD-034,GEO-003,Standard Class,3,10091.34,0.05,28760.32,3611.72,12.56,7
ORD-02163,20210504,CUST-0127,PROD-041,GEO-008,Second Class,1,25173.78,0.05,23915.09,4570.17,19.11,5
ORD-00765,20210505,CUST-0241,PROD-049,GEO-015,Standard Class,2,2058.44,0.25,3087.66,838.07,27.14,7
ORD-04638,20210505,CUST-0064,PROD-010,GEO-007,Standard Class,1,3549.61,0.15,3017.17,1101.27,36.5,5
ORD-02707,20210505,CUST-0095,PROD-036,GEO-013,Standard Class,2,7916.52,0.4,9499.82,698.24,7.35,5
ORD-01386,20210505,CUST-0197,PROD-005,GEO-002,Same Day,1,3175.47,0.3,2222.83,357.47,16.08,0
ORD-04966,20210506,CUST-0127,PROD-006,GEO-008,First Class,1,2111.62,0.0,2111.62,844.65,40.0,3
ORD-02631,20210506,CUST-0191,PROD-021,GEO-015,Second Class,4,3174.62,0.0,12698.48,4666.69,36.75,5
ORD-02403,20210506,CUST-0298,PROD-045,GEO-018,Second Class,1,9675.0,0.05,9191.25,2576.12,28.03,5
ORD-01599,20210507,CUST-0142,PROD-043,GEO-012,Same Day,1,6676.36,0.0,6676.36,2103.06,31.5,0
ORD-03349,20210507,CUST-0217,PROD-037,GEO-002,Standard Class,1,3067.13,0.15,2607.06,735.37,28.21,6
ORD-04011,20210507,CUST-0238,PROD-046,GEO-011,Standard Class,1,4693.48,0.1,4224.13,1636.64,38.75,7
ORD-02927,20210507,CUST-0044,PROD-048,GEO-014,Standard Class,2,1435.75,0.05,2727.92,1355.39,49.69,6
ORD-00683,20210507,CUST-0079,PROD-001,GEO-014,Standard Class,2,5769.56,0.1,10385.21,3397.83,32.72,6
ORD-00935,20210507,CUST-0291,PROD-011,GEO-003,Standard Class,2,1755.39,0.15,2984.16,801.66,26.86,7
ORD-01590,20210508,CUST-0172,PROD-047,GEO-019,Second Class,2,3604.23,0.25,5406.34,981.26,18.15,5
ORD-01320,20210508,CUST-0076,PROD-027,GEO-010,First Class,1,377.03,0.05,358.18,156.45,43.68,4
ORD-01637,20210508,CUST-0168,PROD-034,GEO-006,Standard Class,4,10220.59,0.3,28617.65,1974.62,6.9,7
ORD-00311,20210509,CUST-0229,PROD-018,GEO-010,Standard Class,3,781.42,0.2,1875.41,504.11,26.88,6
ORD-03008,20210509,CUST-0011,PROD-034,GEO-003,First Class,1,9576.6,0.05,9097.77,1142.5,12.56,2
ORD-01882,20210509,CUST-0166,PROD-016,GEO-020,Standard Class,1,42230.62,0.05,40119.09,8031.84,20.02,7
ORD-03510,20210509,CUST-0207,PROD-010,GEO-007,Standard Class,1,3619.8,0.05,3438.81,1564.66,45.5,6
ORD-04622,20210509,CUST-0099,PROD-023,GEO-018,Standard Class,3,3855.22,0.05,10987.38,3959.42,36.04,7
ORD-01792,20210509,CUST-0011,PROD-047,GEO-003,Standard Class,1,3370.4,0.2,2696.32,476.27,17.66,5
ORD-03471,20210510,CUST-0041,PROD-042,GEO-011,Standard Class,2,1744.65,0.2,2791.44,750.34,26.88,6
ORD-03895,20210510,CUST-0063,PROD-031,GEO-008,First Class,1,969.95,0.35,630.47,121.3,19.24,4
ORD-03656,20210511,CUST-0216,PROD-021,GEO-008,Second Class,1,3140.74,0.0,3140.74,1099.26,35.0,5
ORD-03813,20210511,CUST-0163,PROD-009,GEO-004,Standard Class,2,2459.92,0.15,4181.86,1067.25,25.52,5
ORD-00334,20210511,CUST-0112,PROD-019,GEO-010,Second Class,1,4286.79,0.05,4072.45,1297.08,31.85,3
ORD-04531,20210512,CUST-0191,PROD-049,GEO-015,Standard Class,2,1958.8,0.05,3721.72,1671.37,44.91,7
ORD-01482,20210512,CUST-0048,PROD-023,GEO-007,Standard Class,3,3929.5,0.1,10609.65,3131.97,29.52,7
ORD-00346,20210513,CUST-0238,PROD-003,GEO-011,Standard Class,5,1827.75,0.0,9138.75,5277.63,57.75,7
ORD-04605,20210514,CUST-0069,PROD-039,GEO-014,Second Class,1,770.37,0.15,654.81,301.15,45.99,3
ORD-01974,20210514,CUST-0295,PROD-004,GEO-008,Standard Class,1,2489.41,0.1,2240.47,973.71,43.46,7
ORD-00559,20210514,CUST-0123,PROD-009,GEO-013,Standard Class,1,2422.14,0.2,1937.71,494.81,25.54,5
ORD-02043,20210516,CUST-0087,PROD-043,GEO-006,Standard Class,1,6595.52,0.05,6265.74,1710.55,27.3,7
ORD-04845,20210516,CUST-0048,PROD-020,GEO-007,First Class,3,1253.64,0.25,2820.69,853.26,30.25,3
ORD-03739,20210516,CUST-0286,PROD-047,GEO-007,Standard Class,4,3622.43,0.1,13040.75,3208.02,24.6,7
ORD-04317,20210516,CUST-0041,PROD-021,GEO-011,Standard Class,4,3086.56,0.1,11111.62,3348.48,30.13,7
ORD-00498,20210517,CUST-0106,PROD-002,GEO-015,Standard Class,1,1574.22,0.3,1101.95,223.54,20.29,7
ORD-03521,20210517,CUST-0193,PROD-020,GEO-014,Standard Class,4,1196.96,0.0,4787.84,2764.98,57.75,5
ORD-04955,20210517,CUST-0285,PROD-019,GEO-004,Standard Class,4,4638.68,0.0,18554.72,5974.62,32.2,5
ORD-04254,20210518,CUST-0139,PROD-044,GEO-001,Second Class,1,880.88,0.05,836.84,434.38,51.91,3
ORD-00551,20210519,CUST-0021,PROD-004,GEO-014,Standard Class,1,2539.19,0.0,2539.19,1413.06,55.65,6
ORD-02127,20210519,CUST-0023,PROD-039,GEO-007,First Class,1,794.65,0.2,635.72,244.12,38.4,2
ORD-03537,20210519,CUST-0271,PROD-047,GEO-002,Standard Class,2,3583.49,0.0,7166.98,1978.08,27.6,7
ORD-00317,20210519,CUST-0278,PROD-011,GEO-001,Second Class,2,1738.81,0.2,2782.1,655.24,23.55,3
ORD-03067,20210520,CUST-0117,PROD-039,GEO-016,Standard Class,5,792.58,0.15,3368.46,1622.93,48.18,7
ORD-02345,20210520,CUST-0005,PROD-001,GEO-006,Standard Class,3,5466.72,0.35,10660.1,1498.81,14.06,6
ORD-00696,20210520,CUST-0284,PROD-013,GEO-001,First Class,2,187.17,0.15,318.19,117.53,36.94,3
ORD-03230,20210520,CUST-0049,PROD-026,GEO-003,First Class,3,673.79,0.25,1516.03,398.89,26.31,4
ORD-04893,20210520,CUST-0202,PROD-046,GEO-003,Standard Class,1,4596.32,0.05,4366.5,1645.03,37.67,5
ORD-03579,20210521,CUST-0020,PROD-023,GEO-020,Standard Class,1,3828.39,0.0,3828.39,1516.04,39.6,7
ORD-02112,20210522,CUST-0066,PROD-001,GEO-007,Standard Class,1,5558.36,0.2,4446.69,1081.44,24.32,6
ORD-02700,20210523,CUST-0195,PROD-005,GEO-008,First Class,2,3298.72,0.25,4948.08,1034.15,20.9,3
ORD-03912,20210524,CUST-0032,PROD-047,GEO-005,Second Class,3,3575.65,0.3,7508.86,953.32,12.7,4
ORD-00139,20210524,CUST-0235,PROD-038,GEO-020,Second Class,1,1183.32,0.1,1064.99,557.16,52.32,3
ORD-01526,20210524,CUST-0113,PROD-005,GEO-003,Standard Class,3,3094.03,0.2,7425.67,1661.45,22.37,5
ORD-04843,20210524,CUST-0098,PROD-023,GEO-012,Standard Class,1,3795.5,0.0,3795.5,1434.7,37.8,5
ORD-01514,20210524,CUST-0200,PROD-041,GEO-017,Same Day,1,23771.13,0.05,22582.57,4747.08,21.02,2
ORD-02424,20210525,CUST-0167,PROD-019,GEO-011,Standard Class,2,4440.0,0.2,7104.0,1670.86,23.52,7
ORD-04860,20210525,CUST-0090,PROD-046,GEO-016,Second Class,2,4332.58,0.1,7798.64,3165.47,40.59,4
ORD-01793,20210525,CUST-0153,PROD-010,GEO-008,Standard Class,2,3608.75,0.1,6495.75,2663.26,41.0,6
ORD-04372,20210525,CUST-0045,PROD-028,GEO-019,Standard Class,2,2141.6,0.1,3854.88,1390.84,36.08,5
ORD-02427,20210526,CUST-0251,PROD-042,GEO-020,Same Day,4,1755.38,0.1,6319.37,2280.02,36.08,2
ORD-02224,20210526,CUST-0229,PROD-014,GEO-010,Standard Class,1,451.36,0.15,383.66,162.44,42.34,6
ORD-02207,20210526,CUST-0201,PROD-036,GEO-007,First Class,4,7731.74,0.15,26287.92,4797.55,18.25,4
ORD-00749,20210526,CUST-0247,PROD-041,GEO-016,First Class,1,24777.98,0.1,22300.18,4224.1,18.94,3
ORD-01100,20210526,CUST-0049,PROD-019,GEO-003,Second Class,5,4348.68,0.3,15220.38,2254.44,14.81,4
ORD-00616,20210527,CUST-0012,PROD-026,GEO-010,Second Class,1,693.53,0.0,693.53,360.64,52.0,3
ORD-02090,20210528,CUST-0066,PROD-032,GEO-007,Standard Class,3,4281.91,0.05,12203.44,3886.8,31.85,5
ORD-04308,20210528,CUST-0071,PROD-015,GEO-018,Same Day,1,1498.29,0.05,1423.38,641.16,45.04,1
ORD-01721,20210528,CUST-0087,PROD-006,GEO-006,Standard Class,3,2223.48,0.15,5669.87,1655.6,29.2,6
ORD-01396,20210529,CUST-0016,PROD-048,GEO-010,First Class,1,1515.9,0.15,1288.52,489.12,37.96,3
ORD-04031,20210529,CUST-0111,PROD-005,GEO-016,First Class,2,3240.01,0.15,5508.02,1680.71,30.51,3
ORD-03717,20210529,CUST-0182,PROD-039,GEO-020,Standard Class,2,826.94,0.05,1571.19,943.66,60.06,7
ORD-02268,20210530,CUST-0113,PROD-045,GEO-003,Standard Class,2,9405.62,0.1,16930.12,3576.19,21.12,7
ORD-02455,20210530,CUST-0209,PROD-030,GEO-007,Same Day,1,585.48,0.0,585.48,222.48,38.0,1
ORD-00192,20210530,CUST-0045,PROD-036,GEO-019,Standard Class,1,8065.58,0.0,8065.58,2218.04,27.5,6
ORD-01285,20210531,CUST-0105,PROD-022,GEO-001,Second Class,3,22211.34,0.05,63302.32,10069.37,15.91,3
ORD-03591,20210531,CUST-0215,PROD-022,GEO-012,Standard Class,2,22728.32,0.05,43183.81,7839.8,18.15,5
ORD-01818,20210531,CUST-0260,PROD-005,GEO-010,First Class,1,3215.73,0.05,3054.94,1056.4,34.58,3
ORD-04105,20210601,CUST-0217,PROD-016,GEO-002,First Class,3,42499.58,0.1,114748.87,17313.31,15.09,2
ORD-04213,20210601,CUST-0267,PROD-048,GEO-015,Standard Class,1,1493.32,0.0,1493.32,815.36,54.6,5
ORD-03231,20210601,CUST-0081,PROD-019,GEO-008,First Class,1,4308.66,0.2,3446.93,772.11,22.4,3
ORD-04217,20210602,CUST-0040,PROD-024,GEO-008,Standard Class,1,221.14,0.1,199.03,81.6,41.0,5
ORD-01770,20210602,CUST-0140,PROD-004,GEO-005,Standard Class,1,2511.05,0.05,2385.5,1058.49,44.37,7
ORD-02936,20210602,CUST-0059,PROD-008,GEO-003,Standard Class,1,2253.04,0.15,1915.08,617.36,32.24,5
ORD-02275,20210603,CUST-0247,PROD-017,GEO-016,Standard Class,1,52452.91,0.25,39339.68,5236.11,13.31,6
ORD-00149,20210603,CUST-0183,PROD-025,GEO-020,Standard Class,1,363.51,0.1,327.16,132.79,40.59,6
ORD-04988,20210603,CUST-0283,PROD-015,GEO-013,Standard Class,2,1483.54,0.0,2967.08,1401.95,47.25,7
ORD-04251,20210603,CUST-0246,PROD-010,GEO-019,Standard Class,2,3479.1,0.0,6958.2,3827.01,55.0,6
ORD-02967,20210603,CUST-0207,PROD-050,GEO-007,Standard Class,4,1848.73,0.0,7394.92,3327.71,45.0,5
ORD-04984,20210603,CUST-0013,PROD-001,GEO-005,Standard Class,3,5494.32,0.05,15658.81,4981.63,31.81,5
ORD-03996,20210603,CUST-0282,PROD-034,GEO-002,Standard Class,1,9527.29,0.2,7621.83,673.16,8.83,5
ORD-03981,20210603,CUST-0033,PROD-008,GEO-006,Standard Class,1,2280.9,0.0,2280.9,1094.83,48.0,5
ORD-00532,20210604,CUST-0074,PROD-015,GEO-015,Second Class,3,1546.06,0.0,4638.18,2191.54,47.25,5
ORD-01701,20210604,CUST-0292,PROD-042,GEO-006,Second Class,1,1833.6,0.4,1100.16,123.22,11.2,3
ORD-00083,20210604,CUST-0226,PROD-038,GEO-002,Second Class,1,1181.86,0.05,1122.77,545.19,48.56,4
ORD-03530,20210604,CUST-0072,PROD-010,GEO-006,Standard Class,2,3417.25,0.05,6492.78,2954.21,45.5,7
ORD-02678,20210604,CUST-0083,PROD-015,GEO-014,Standard Class,5,1544.15,0.0,7720.75,3648.06,47.25,6
ORD-03868,20210605,CUST-0190,PROD-035,GEO-006,Second Class,1,17509.0,0.05,16633.55,2724.58,16.38,3
ORD-03743,20210606,CUST-0192,PROD-023,GEO-003,Second Class,1,3614.6,0.0,3614.6,1197.16,33.12,3
ORD-01491,20210606,CUST-0226,PROD-023,GEO-002,Standard Class,1,3703.94,0.05,3518.74,1060.52,30.14,6
ORD-02704,20210606,CUST-0073,PROD-036,GEO-006,Standard Class,1,7697.04,0.15,6542.48,1194.0,18.25,6
ORD-02065,20210607,CUST-0289,PROD-016,GEO-010,Standard Class,2,43941.62,0.25,65912.43,7250.37,11.0,6
ORD-01971,20210607,CUST-0265,PROD-047,GEO-018,First Class,1,3603.45,0.0,3603.45,1189.13,33.0,2
ORD-01716,20210607,CUST-0097,PROD-047,GEO-004,Standard Class,1,3400.01,0.05,3230.01,811.25,25.12,6
ORD-01496,20210608,CUST-0038,PROD-039,GEO-012,Standard Class,3,801.46,0.25,1803.28,624.83,34.65,7
ORD-02449,20210609,CUST-0105,PROD-039,GEO-001,Standard Class,4,780.54,0.0,3122.16,1723.44,55.2,7
ORD-03003,20210609,CUST-0178,PROD-015,GEO-001,Same Day,1,1450.69,0.0,1450.69,600.59,41.4,1
ORD-04524,20210611,CUST-0227,PROD-029,GEO-007,Second Class,4,2862.6,0.05,10877.88,2969.66,27.3,4
ORD-04307,20210611,CUST-0270,PROD-039,GEO-011,Standard Class,1,822.24,0.4,493.34,87.02,17.64,7
ORD-02308,20210612,CUST-0247,PROD-028,GEO-016,Standard Class,3,2031.26,0.0,6093.78,2681.26,44.0,6
ORD-01039,20210612,CUST-0287,PROD-024,GEO-018,Standard Class,2,219.44,0.0,438.88,241.38,55.0,7
ORD-04124,20210613,CUST-0263,PROD-028,GEO-009,Second Class,2,2041.91,0.1,3675.44,1205.54,32.8,5
ORD-00352,20210613,CUST-0021,PROD-049,GEO-014,Second Class,1,2009.09,0.15,1707.73,615.22,36.03,3
ORD-04828,20210613,CUST-0119,PROD-008,GEO-020,Standard Class,2,2178.46,0.0,4356.92,2300.45,52.8,5
ORD-04625,20210613,CUST-0234,PROD-034,GEO-005,Standard Class,1,10304.89,0.2,8243.91,728.11,8.83,6
ORD-00549,20210614,CUST-0242,PROD-014,GEO-019,Standard Class,1,460.7,0.05,437.66,254.1,58.06,5
ORD-03104,20210614,CUST-0086,PROD-044,GEO-007,Second Class,4,823.84,0.0,3295.36,2043.12,62.0,3
ORD-03546,20210614,CUST-0170,PROD-049,GEO-003,First Class,3,2042.18,0.2,4901.23,1356.35,27.67,2
ORD-03544,20210614,CUST-0098,PROD-037,GEO-012,First Class,4,3059.86,0.05,11627.47,4666.22,40.13,4
ORD-04501,20210614,CUST-0109,PROD-033,GEO-009,Standard Class,2,468.66,0.15,796.72,267.54,33.58,5
ORD-01847,20210614,CUST-0132,PROD-029,GEO-017,Standard Class,1,2777.15,0.2,2221.72,469.23,21.12,5
ORD-00936,20210614,CUST-0282,PROD-016,GEO-002,Standard Class,1,40064.91,0.0,40064.91,7371.94,18.4,6
ORD-02632,20210615,CUST-0298,PROD-042,GEO-018,First Class,1,1760.47,0.4,1056.28,130.13,12.32,3
ORD-04319,20210615,CUST-0077,PROD-047,GEO-004,Same Day,5,3556.1,0.2,14224.4,2512.59,17.66,1
ORD-04236,20210615,CUST-0106,PROD-010,GEO-015,Standard Class,1,3420.53,0.0,3420.53,1795.77,52.5,7
ORD-00194,20210615,CUST-0295,PROD-010,GEO-008,Standard Class,1,3427.08,0.1,3084.37,1264.59,41.0,5
ORD-03524,20210616,CUST-0069,PROD-037,GEO-014,Standard Class,3,3322.26,0.0,9966.78,4395.35,44.1,6
ORD-03820,20210616,CUST-0280,PROD-026,GEO-009,Second Class,3,671.29,0.05,1913.18,905.32,47.32,3
ORD-00673,20210616,CUST-0054,PROD-008,GEO-013,Standard Class,1,2211.26,0.0,2211.26,1114.47,50.4,6
ORD-02102,20210617,CUST-0217,PROD-034,GEO-002,Standard Class,1,10095.93,0.2,8076.74,713.34,8.83,5
ORD-02445,20210617,CUST-0217,PROD-024,GEO-002,Standard Class,2,209.36,0.05,397.78,166.51,41.86,7
ORD-04393,20210617,CUST-0211,PROD-043,GEO-007,First Class,1,6630.52,0.0,6630.52,1989.16,30.0,4
ORD-02555,20210618,CUST-0263,PROD-011,GEO-009,Standard Class,1,1881.1,0.1,1692.99,555.3,32.8,5
ORD-00595,20210618,CUST-0202,PROD-042,GEO-003,Standard Class,2,1860.5,0.1,3348.9,1010.56,30.18,7
ORD-02834,20210618,CUST-0040,PROD-020,GEO-008,Standard Class,4,1165.78,0.1,4196.81,1892.76,45.1,6
ORD-02824,20210618,CUST-0156,PROD-043,GEO-004,Second Class,2,6303.24,0.3,8824.54,1120.37,12.7,4
ORD-04133,20210618,CUST-0255,PROD-042,GEO-011,First Class,4,1876.75,0.1,6756.3,2326.87,34.44,3
ORD-04023,20210620,CUST-0191,PROD-003,GEO-015,Standard Class,2,1822.32,0.1,3280.18,1553.33,47.36,6
ORD-04364,20210620,CUST-0036,PROD-009,GEO-005,Same Day,1,2578.1,0.3,1804.67,290.22,16.08,0
ORD-01049,20210620,CUST-0176,PROD-028,GEO-019,Standard Class,3,2126.47,0.2,5103.53,1437.15,28.16,7
ORD-03018,20210621,CUST-0030,PROD-035,GEO-015,Second Class,1,18716.1,0.05,17780.29,3058.03,17.2,3
ORD-01734,20210621,CUST-0050,PROD-044,GEO-013,Second Class,2,813.17,0.1,1463.71,781.36,53.38,5
ORD-04614,20210621,CUST-0215,PROD-041,GEO-012,Standard Class,1,25279.95,0.0,25279.95,5574.23,22.05,5
ORD-02236,20210621,CUST-0189,PROD-044,GEO-011,Standard Class,2,877.96,0.05,1668.12,988.21,59.24,5
ORD-02474,20210621,CUST-0041,PROD-025,GEO-011,Standard Class,3,336.11,0.05,957.91,411.87,43.0,7
ORD-03093,20210621,CUST-0259,PROD-022,GEO-007,Standard Class,2,21199.7,0.0,42399.4,8055.89,19.0,6
ORD-00974,20210622,CUST-0118,PROD-041,GEO-005,Same Day,1,25672.65,0.0,25672.65,4959.96,19.32,2
ORD-03337,20210622,CUST-0204,PROD-046,GEO-013,Second Class,4,4407.58,0.2,14104.26,4265.13,30.24,5
ORD-00110,20210622,CUST-0080,PROD-016,GEO-008,Standard Class,5,42400.62,0.1,190802.79,31291.66,16.4,6
ORD-02871,20210622,CUST-0136,PROD-020,GEO-020,Standard Class,1,1197.1,0.15,1017.53,449.39,44.16,5
ORD-04593,20210622,CUST-0018,PROD-042,GEO-014,Same Day,1,1844.11,0.0,1844.11,774.52,42.0,0
ORD-02453,20210623,CUST-0127,PROD-016,GEO-008,Second Class,2,41520.08,0.25,62280.12,6850.81,11.0,4
ORD-03236,20210623,CUST-0104,PROD-035,GEO-012,Standard Class,1,18076.79,0.05,17172.95,2953.58,17.2,7
ORD-03245,20210624,CUST-0166,PROD-018,GEO-020,Standard Class,3,754.08,0.1,2036.02,771.33,37.88,5
ORD-01443,20210624,CUST-0265,PROD-014,GEO-018,First Class,1,454.93,0.0,454.93,290.25,63.8,4
ORD-02652,20210624,CUST-0054,PROD-042,GEO-013,Standard Class,3,1802.66,0.0,5407.98,2271.35,42.0,6
ORD-02988,20210624,CUST-0292,PROD-004,GEO-006,Standard Class,2,2379.34,0.05,4520.75,2180.36,48.23,5
ORD-02001,20210624,CUST-0229,PROD-013,GEO-010,First Class,1,175.65,0.4,105.39,16.23,15.4,3
ORD-01185,20210624,CUST-0156,PROD-044,GEO-004,Second Class,1,816.49,0.05,775.67,402.62,51.91,3
ORD-00067,20210624,CUST-0236,PROD-014,GEO-012,Second Class,2,432.32,0.1,778.18,388.6,49.94,4
ORD-01690,20210625,CUST-0067,PROD-016,GEO-016,Standard Class,1,40324.32,0.0,40324.32,8871.35,22.0,6
ORD-03030,20210625,CUST-0144,PROD-008,GEO-017,Standard Class,1,2168.96,0.05,2060.51,990.03,48.05,5
ORD-00073,20210625,CUST-0269,PROD-032,GEO-003,Standard Class,2,4320.8,0.0,8641.6,2782.6,32.2,6
ORD-00837,20210626,CUST-0121,PROD-012,GEO-004,Standard Class,2,1747.82,0.1,3146.08,1186.7,37.72,6
ORD-02634,20210626,CUST-0073,PROD-048,GEO-006,Second Class,3,1491.37,0.0,4474.11,2326.54,52.0,3
ORD-00384,20210626,CUST-0204,PROD-033,GEO-013,Standard Class,1,432.57,0.25,324.43,86.18,26.56,6
ORD-03137,20210626,CUST-0182,PROD-006,GEO-020,Second Class,4,2205.61,0.15,7499.07,2408.7,32.12,5
ORD-03903,20210627,CUST-0004,PROD-006,GEO-012,Standard Class,4,2209.04,0.0,8836.16,3711.18,42.0,5
ORD-04967,20210627,CUST-0171,PROD-032,GEO-010,Standard Class,2,4325.8,0.15,7353.86,1878.91,25.55,5
ORD-03092,20210627,CUST-0186,PROD-044,GEO-018,First Class,1,808.86,0.0,808.86,551.64,68.2,3
ORD-03059,20210627,CUST-0297,PROD-015,GEO-015,Second Class,2,1442.14,0.15,2451.64,845.63,34.49,4
ORD-02815,20210628,CUST-0205,PROD-043,GEO-016,First Class,3,6775.75,0.1,18294.53,4950.5,27.06,4
ORD-00165,20210628,CUST-0053,PROD-032,GEO-014,First Class,3,4569.86,0.2,10967.66,2579.6,23.52,3
ORD-04685,20210628,CUST-0143,PROD-042,GEO-016,Second Class,1,1768.82,0.25,1326.62,321.05,24.2,4
ORD-02300,20210628,CUST-0247,PROD-036,GEO-016,First Class,1,7916.06,0.0,7916.06,2176.92,27.5,3
ORD-02341,20210628,CUST-0086,PROD-016,GEO-007,Second Class,1,42120.48,0.2,33696.38,4313.14,12.8,4
ORD-03418,20210629,CUST-0258,PROD-015,GEO-002,Second Class,1,1460.27,0.2,1168.22,309.53,26.5,5
ORD-00321,20210629,CUST-0193,PROD-019,GEO-014,Standard Class,3,4610.58,0.0,13831.74,5083.17,36.75,7
ORD-04529,20210630,CUST-0300,PROD-023,GEO-003,Standard Class,1,3749.61,0.1,3374.65,916.5,27.16,5
ORD-03896,20210630,CUST-0103,PROD-048,GEO-010,Standard Class,2,1518.4,0.05,2884.96,1365.16,47.32,5
ORD-00130,20210701,CUST-0198,PROD-034,GEO-001,Standard Class,4,10097.41,0.25,30292.23,2299.18,7.59,6
ORD-04682,20210701,CUST-0039,PROD-034,GEO-006,Same Day,5,9718.57,0.0,48592.85,7288.93,15.0,2
ORD-03286,20210701,CUST-0236,PROD-034,GEO-012,First Class,1,10033.08,0.2,8026.46,809.07,10.08,4
ORD-03098,20210701,CUST-0061,PROD-036,GEO-019,Standard Class,1,8367.46,0.05,7949.09,1989.26,25.03,6
ORD-03953,20210701,CUST-0165,PROD-038,GEO-009,Standard Class,2,1250.39,0.2,2000.62,742.63,37.12,7
ORD-02165,20210701,CUST-0108,PROD-042,GEO-018,Second Class,1,1713.27,0.1,1541.94,556.34,36.08,4
ORD-01999,20210702,CUST-0211,PROD-017,GEO-007,Standard Class,1,54912.21,0.15,46675.38,7496.07,16.06,5
ORD-03693,20210703,CUST-0292,PROD-034,GEO-006,Standard Class,1,10384.17,0.05,9864.96,1346.57,13.65,6
ORD-02183,20210703,CUST-0184,PROD-044,GEO-009,Standard Class,2,878.61,0.0,1757.22,1089.48,62.0,6
ORD-03345,20210703,CUST-0239,PROD-016,GEO-015,Standard Class,1,43215.16,0.0,43215.16,9075.18,21.0,6
ORD-03269,20210704,CUST-0068,PROD-016,GEO-018,Second Class,3,41993.08,0.1,113381.32,20453.99,18.04,4
ORD-04296,20210704,CUST-0193,PROD-009,GEO-014,Standard Class,2,2380.52,0.0,4761.04,1899.66,39.9,5
ORD-04904,20210704,CUST-0241,PROD-015,GEO-015,First Class,1,1486.24,0.05,1411.93,607.1,43.0,2
ORD-03659,20210704,CUST-0183,PROD-016,GEO-020,Standard Class,1,42999.28,0.2,34399.42,4843.44,14.08,5
ORD-00389,20210704,CUST-0088,PROD-036,GEO-005,Second Class,2,8284.56,0.4,9941.47,640.23,6.44,4
ORD-02762,20210704,CUST-0141,PROD-001,GEO-012,Standard Class,1,5285.78,0.2,4228.62,1079.82,25.54,5
ORD-03397,20210704,CUST-0177,PROD-004,GEO-016,Standard Class,1,2456.04,0.2,1964.83,733.12,37.31,5
ORD-03887,20210705,CUST-0137,PROD-048,GEO-005,Standard Class,1,1483.93,0.05,1409.73,613.71,43.53,6
ORD-04369,20210705,CUST-0143,PROD-016,GEO-016,Standard Class,1,43980.27,0.2,35184.22,4953.94,14.08,6
ORD-03482,20210705,CUST-0227,PROD-023,GEO-007,Same Day,1,3648.31,0.25,2736.23,541.77,19.8,1
ORD-01908,20210705,CUST-0024,PROD-032,GEO-001,Standard Class,1,4639.96,0.15,3943.97,927.07,23.51,6
ORD-02304,20210705,CUST-0219,PROD-015,GEO-020,Standard Class,1,1471.43,0.15,1250.72,451.95,36.14,6
ORD-03277,20210706,CUST-0137,PROD-038,GEO-005,First Class,1,1172.26,0.25,879.2,258.02,29.35,2
ORD-02849,20210706,CUST-0282,PROD-003,GEO-002,Standard Class,1,1784.99,0.0,1784.99,903.2,50.6,6
ORD-04528,20210706,CUST-0016,PROD-035,GEO-010,First Class,3,17834.42,0.0,53503.26,9630.59,18.0,3
ORD-01981,20210707,CUST-0155,PROD-019,GEO-016,Standard Class,1,4346.83,0.05,4129.49,1446.76,35.03,5
ORD-01103,20210707,CUST-0080,PROD-005,GEO-008,Standard Class,3,3062.42,0.0,9187.26,3491.16,38.0,7
ORD-04964,20210707,CUST-0238,PROD-019,GEO-011,Second Class,1,4444.66,0.1,4000.19,1205.45,30.13,3
ORD-03184,20210708,CUST-0139,PROD-016,GEO-001,Second Class,2,43279.15,0.35,56262.9,3830.37,6.81,3
ORD-01511,20210708,CUST-0250,PROD-038,GEO-017,Standard Class,3,1199.48,0.0,3598.44,2295.81,63.8,7
ORD-01305,20210709,CUST-0186,PROD-037,GEO-018,Standard Class,5,3108.89,0.3,10881.11,2312.45,21.25,7
ORD-00033,20210709,CUST-0047,PROD-003,GEO-002,Standard Class,2,1883.19,0.1,3389.74,1406.47,41.49,5
ORD-01844,20210710,CUST-0235,PROD-012,GEO-020,Standard Class,2,1781.19,0.1,3206.14,1445.97,45.1,5
ORD-00694,20210710,CUST-0050,PROD-043,GEO-013,Standard Class,1,6250.78,0.0,6250.78,1968.99,31.5,7
ORD-01238,20210710,CUST-0080,PROD-050,GEO-008,Standard Class,1,1838.65,0.05,1746.72,715.28,40.95,5
ORD-03851,20210710,CUST-0034,PROD-017,GEO-003,Second Class,3,57373.68,0.05,163514.99,30116.84,18.42,3
ORD-04739,20210711,CUST-0082,PROD-010,GEO-001,Standard Class,1,3379.08,0.3,2365.36,500.51,21.16,6
ORD-00536,20210712,CUST-0112,PROD-018,GEO-010,Standard Class,1,785.27,0.15,667.48,204.65,30.66,5
ORD-01361,20210712,CUST-0212,PROD-034,GEO-002,Standard Class,4,9761.67,0.1,35142.01,3976.67,11.32,6
ORD-00411,20210713,CUST-0068,PROD-005,GEO-018,Second Class,2,3271.67,0.25,4907.5,1128.24,22.99,3
ORD-02676,20210713,CUST-0281,PROD-048,GEO-001,Standard Class,4,1472.29,0.05,5594.7,2435.62,43.53,6
ORD-00915,20210713,CUST-0020,PROD-017,GEO-020,Standard Class,1,53899.44,0.0,53899.44,13043.67,24.2,5
ORD-00684,20210714,CUST-0219,PROD-049,GEO-020,Standard Class,1,1952.21,0.05,1854.6,872.53,47.05,6
ORD-02732,20210714,CUST-0051,PROD-016,GEO-008,Second Class,1,41373.02,0.15,35167.07,5134.39,14.6,3
ORD-01918,20210714,CUST-0155,PROD-031,GEO-016,Second Class,3,930.61,0.0,2791.83,1596.93,57.2,3
ORD-01263,20210714,CUST-0071,PROD-033,GEO-018,First Class,1,432.08,0.0,432.08,218.64,50.6,4
ORD-00775,20210715,CUST-0251,PROD-014,GEO-020,Standard Class,1,466.81,0.1,420.13,219.79,52.31,5
ORD-01652,20210715,CUST-0193,PROD-036,GEO-014,Second Class,2,8262.57,0.2,13220.11,2220.98,16.8,3
ORD-00071,20210715,CUST-0186,PROD-048,GEO-018,Standard Class,2,1489.75,0.15,2532.57,1057.5,41.76,6
ORD-01254,20210715,CUST-0273,PROD-023,GEO-007,Standard Class,2,3769.69,0.05,7162.41,2346.41,32.76,5
ORD-01021,20210715,CUST-0223,PROD-032,GEO-015,Standard Class,4,4431.62,0.0,17726.48,6514.48,36.75,5
ORD-01831,20210716,CUST-0118,PROD-023,GEO-005,Standard Class,1,3936.59,0.0,3936.59,1303.8,33.12,6
ORD-04485,20210716,CUST-0052,PROD-015,GEO-009,Second Class,2,1530.97,0.05,2908.84,1191.17,40.95,5
ORD-03678,20210716,CUST-0256,PROD-043,GEO-005,Standard Class,1,6407.04,0.05,6086.69,1528.74,25.12,6
ORD-02024,20210717,CUST-0167,PROD-015,GEO-011,First Class,1,1508.9,0.05,1433.46,616.35,43.0,4
ORD-02379,20210717,CUST-0058,PROD-042,GEO-008,Second Class,4,1766.01,0.1,6357.64,2085.31,32.8,4
ORD-01885,20210717,CUST-0205,PROD-046,GEO-016,Second Class,2,4337.22,0.15,7373.27,2664.33,36.13,3
ORD-01113,20210718,CUST-0117,PROD-039,GEO-016,Standard Class,1,817.45,0.05,776.58,466.41,60.06,6
ORD-04647,20210718,CUST-0234,PROD-032,GEO-005,Standard Class,1,4324.06,0.25,3243.04,574.35,17.71,7
ORD-02082,20210719,CUST-0099,PROD-045,GEO-018,Second Class,2,9135.37,0.15,15530.13,3491.8,22.48,5
ORD-02374,20210719,CUST-0252,PROD-002,GEO-015,Second Class,3,1479.34,0.1,3994.22,1444.39,36.16,5
ORD-00605,20210719,CUST-0062,PROD-041,GEO-011,Standard Class,3,25704.9,0.1,69403.23,12548.8,18.08,5
ORD-01133,20210719,CUST-0120,PROD-050,GEO-002,Standard Class,1,1797.1,0.2,1437.68,380.93,26.5,5
ORD-00807,20210719,CUST-0077,PROD-016,GEO-004,Standard Class,1,41500.0,0.15,35275.0,4738.14,13.43,7
ORD-03680,20210719,CUST-0052,PROD-005,GEO-009,Standard Class,1,3277.86,0.0,3277.86,1245.59,38.0,7
ORD-03569,20210720,CUST-0108,PROD-010,GEO-018,Standard Class,2,3343.54,0.05,6352.73,3179.54,50.05,7
ORD-01698,20210720,CUST-0015,PROD-039,GEO-014,Standard Class,2,813.45,0.0,1626.9,1024.95,63.0,5
ORD-00957,20210720,CUST-0262,PROD-047,GEO-003,Standard Class,3,3393.24,0.0,10179.72,2809.61,27.6,6
ORD-03283,20210720,CUST-0060,PROD-048,GEO-013,Second Class,1,1568.35,0.25,1176.26,353.23,30.03,3
ORD-02526,20210720,CUST-0103,PROD-037,GEO-010,Standard Class,2,3296.22,0.1,5933.2,2043.39,34.44,5
ORD-03243,20210721,CUST-0111,PROD-008,GEO-016,First Class,2,2281.96,0.1,4107.53,1778.39,43.3,4
ORD-02227,20210721,CUST-0021,PROD-038,GEO-014,Standard Class,5,1238.1,0.05,5880.98,3259.18,55.42,6
ORD-01304,20210721,CUST-0064,PROD-022,GEO-007,Standard Class,4,22461.53,0.2,71876.9,8740.23,12.16,5
ORD-04757,20210722,CUST-0226,PROD-035,GEO-002,First Class,1,18862.99,0.05,17919.84,2700.45,15.07,3
ORD-02293,20210722,CUST-0065,PROD-042,GEO-020,Second Class,2,1787.71,0.0,3575.42,1573.19,44.0,3
ORD-00127,20210722,CUST-0224,PROD-026,GEO-016,Standard Class,5,657.67,0.1,2959.52,1388.13,46.9,5
ORD-00409,20210722,CUST-0055,PROD-041,GEO-015,Second Class,1,26104.31,0.05,24799.09,4976.07,20.07,3
ORD-00005,20210722,CUST-0233,PROD-023,GEO-020,Standard Class,2,3972.85,0.0,7945.7,3146.5,39.6,7
ORD-02323,20210723,CUST-0060,PROD-003,GEO-013,First Class,1,1874.69,0.25,1406.02,446.59,31.76,4
ORD-04208,20210723,CUST-0082,PROD-044,GEO-001,Second Class,1,852.78,0.0,852.78,486.42,57.04,5
ORD-00617,20210723,CUST-0066,PROD-048,GEO-007,Standard Class,1,1430.05,0.0,1430.05,743.63,52.0,6
ORD-03565,20210724,CUST-0064,PROD-029,GEO-007,First Class,3,2762.32,0.1,7458.26,1834.73,24.6,2
ORD-00350,20210724,CUST-0190,PROD-034,GEO-006,Second Class,2,9581.73,0.1,17247.11,2121.39,12.3,5
ORD-03293,20210724,CUST-0136,PROD-002,GEO-020,Standard Class,1,1545.54,0.1,1390.99,526.97,37.88,6
ORD-00675,20210725,CUST-0281,PROD-042,GEO-001,Standard Class,2,1819.5,0.0,3639.0,1339.15,36.8,6
ORD-00815,20210725,CUST-0138,PROD-010,GEO-014,Standard Class,1,3504.1,0.05,3328.9,1590.38,47.77,6
ORD-04330,20210725,CUST-0213,PROD-002,GEO-014,Standard Class,2,1524.7,0.1,2744.46,992.45,36.16,6
ORD-04406,20210725,CUST-0216,PROD-043,GEO-008,Standard Class,2,6760.06,0.0,13520.12,4056.04,30.0,7
ORD-02754,20210725,CUST-0105,PROD-050,GEO-001,First Class,1,1747.92,0.2,1398.34,370.5,26.5,2
ORD-03689,20210725,CUST-0102,PROD-049,GEO-014,Standard Class,2,1905.1,0.4,2286.12,315.89,13.82,5
ORD-04905,20210725,CUST-0256,PROD-016,GEO-005,Standard Class,2,42675.39,0.05,81083.24,13576.58,16.74,7
ORD-04898,20210726,CUST-0293,PROD-008,GEO-011,Standard Class,3,2125.75,0.05,6058.39,2778.62,45.86,5
ORD-00203,20210726,CUST-0274,PROD-031,GEO-005,Standard Class,2,945.47,0.2,1512.75,463.16,30.62,7
ORD-04669,20210726,CUST-0137,PROD-037,GEO-005,Standard Class,1,3356.29,0.05,3188.48,1121.15,35.16,7
ORD-02865,20210727,CUST-0002,PROD-004,GEO-006,First Class,1,2491.09,0.25,1868.32,544.62,29.15,2
ORD-02876,20210727,CUST-0076,PROD-041,GEO-010,Standard Class,3,25931.3,0.05,73904.2,14123.09,19.11,5
ORD-01769,20210728,CUST-0297,PROD-047,GEO-015,Standard Class,5,3581.87,0.1,16118.42,4163.39,25.83,7
ORD-01904,20210728,CUST-0212,PROD-015,GEO-002,Second Class,1,1477.95,0.05,1404.05,528.96,37.67,4
ORD-04587,20210728,CUST-0047,PROD-042,GEO-002,Second Class,1,1854.7,0.05,1761.96,590.04,33.49,5
ORD-00611,20210728,CUST-0128,PROD-048,GEO-010,Standard Class,4,1453.19,0.1,5231.48,2230.7,42.64,6
ORD-03496,20210728,CUST-0156,PROD-027,GEO-004,Second Class,1,389.23,0.05,369.77,148.6,40.19,4
ORD-00030,20210729,CUST-0213,PROD-005,GEO-014,Same Day,3,3066.72,0.05,8740.15,3173.46,36.31,1
ORD-03187,20210730,CUST-0078,PROD-042,GEO-001,Standard Class,2,1838.61,0.0,3677.22,1353.22,36.8,7
ORD-02460,20210730,CUST-0251,PROD-043,GEO-020,Standard Class,1,6537.48,0.1,5883.73,1592.14,27.06,7
ORD-02232,20210730,CUST-0292,PROD-020,GEO-006,Standard Class,1,1244.32,0.25,933.24,282.31,30.25,6
ORD-01544,20210730,CUST-0272,PROD-010,GEO-001,Second Class,2,3637.93,0.05,6912.07,2893.39,41.86,5
ORD-02109,20210730,CUST-0225,PROD-012,GEO-020,First Class,3,1733.19,0.0,5199.57,2859.76,55.0,4
ORD-00594,20210730,CUST-0298,PROD-008,GEO-018,Standard Class,2,2241.5,0.1,4034.7,1746.87,43.3,7
ORD-02116,20210731,CUST-0206,PROD-037,GEO-005,Standard Class,2,3338.29,0.0,6676.58,2579.83,38.64,7
ORD-02410,20210731,CUST-0029,PROD-022,GEO-008,First Class,3,21326.92,0.0,63980.76,12156.34,19.0,3
ORD-01174,20210731,CUST-0057,PROD-048,GEO-020,Standard Class,5,1446.33,0.0,7231.65,4136.51,57.2,7
ORD-02260,20210801,CUST-0113,PROD-008,GEO-003,Second Class,1,2234.37,0.0,2234.37,986.7,44.16,5
ORD-04021,20210802,CUST-0082,PROD-010,GEO-001,Second Class,4,3472.63,0.15,11806.94,3964.77,33.58,3
ORD-03386,20210802,CUST-0163,PROD-023,GEO-004,Standard Class,3,3644.61,0.1,9840.45,2672.51,27.16,5
ORD-03745,20210802,CUST-0177,PROD-031,GEO-016,Standard Class,2,935.35,0.3,1309.49,344.55,26.31,7
ORD-03442,20210802,CUST-0136,PROD-048,GEO-020,Second Class,2,1552.89,0.0,3105.78,1776.51,57.2,4
ORD-02537,20210802,CUST-0058,PROD-020,GEO-008,Standard Class,1,1181.28,0.25,885.96,268.0,30.25,7
ORD-00400,20210803,CUST-0028,PROD-034,GEO-012,Standard Class,1,9838.86,0.0,9838.86,1549.62,15.75,6
ORD-01523,20210803,CUST-0158,PROD-049,GEO-006,First Class,2,1900.47,0.0,3800.94,1786.44,47.0,3
ORD-01752,20210803,CUST-0195,PROD-002,GEO-008,Same Day,1,1455.18,0.0,1455.18,611.18,42.0,1
ORD-02719,20210803,CUST-0297,PROD-025,GEO-015,Second Class,1,351.85,0.3,246.3,53.53,21.73,3
ORD-03271,20210803,CUST-0161,PROD-041,GEO-012,Standard Class,1,25928.39,0.3,18149.87,1840.94,10.14,7
ORD-02402,20210803,CUST-0202,PROD-010,GEO-003,Standard Class,4,3576.88,0.0,14307.52,6581.46,46.0,5
ORD-04489,20210803,CUST-0014,PROD-042,GEO-011,Second Class,2,1795.2,0.1,3231.36,1112.88,34.44,5
ORD-01471,20210803,CUST-0022,PROD-047,GEO-009,Standard Class,1,3588.34,0.2,2870.67,551.17,19.2,7
ORD-00847,20210803,CUST-0059,PROD-034,GEO-003,Standard Class,1,10055.13,0.05,9552.37,1199.59,12.56,7
ORD-01368,20210804,CUST-0074,PROD-031,GEO-015,Second Class,2,914.5,0.15,1554.65,619.66,39.86,5
ORD-01998,20210804,CUST-0233,PROD-037,GEO-020,Standard Class,1,3085.98,0.1,2777.38,1052.18,37.88,5
ORD-04530,20210804,CUST-0247,PROD-044,GEO-016,First Class,1,879.53,0.05,835.55,518.56,62.06,3
ORD-04077,20210804,CUST-0276,PROD-049,GEO-006,Standard Class,1,1955.0,0.1,1759.5,678.11,38.54,6
ORD-00937,20210804,CUST-0129,PROD-042,GEO-015,Same Day,2,1809.12,0.2,2894.59,778.07,26.88,0
ORD-03776,20210805,CUST-0110,PROD-008,GEO-003,Standard Class,1,2209.52,0.15,1878.09,605.43,32.24,6
ORD-01080,20210806,CUST-0204,PROD-008,GEO-013,Standard Class,1,2154.29,0.35,1400.29,261.12,18.65,7
ORD-04359,20210807,CUST-0011,PROD-024,GEO-003,Standard Class,1,227.96,0.0,227.96,104.86,46.0,5
ORD-03123,20210807,CUST-0161,PROD-024,GEO-012,First Class,3,227.4,0.0,682.2,358.16,52.5,3
ORD-04998,20210807,CUST-0196,PROD-023,GEO-015,Standard Class,3,3765.06,0.0,11295.18,4269.57,37.8,5
ORD-02040,20210807,CUST-0059,PROD-008,GEO-003,Standard Class,2,2097.71,0.0,4195.42,1852.7,44.16,7
ORD-01730,20210807,CUST-0016,PROD-007,GEO-010,First Class,4,655.0,0.0,2620.0,1048.0,40.0,4
ORD-01073,20210808,CUST-0118,PROD-041,GEO-005,Standard Class,3,25295.71,0.1,68298.42,10820.11,15.84,7
ORD-03327,20210808,CUST-0177,PROD-004,GEO-016,Second Class,1,2416.69,0.0,2416.69,1408.94,58.3,4
ORD-00810,20210808,CUST-0026,PROD-007,GEO-013,Standard Class,2,658.54,0.2,1053.66,283.23,26.88,5
ORD-02353,20210808,CUST-0170,PROD-026,GEO-003,Same Day,2,709.28,0.15,1205.78,421.09,34.92,0
ORD-00711,20210808,CUST-0299,PROD-042,GEO-010,Standard Class,2,1829.12,0.3,2560.77,471.18,18.4,5
ORD-01762,20210808,CUST-0251,PROD-034,GEO-020,Standard Class,3,10217.4,0.0,30652.2,5057.61,16.5,7
ORD-00939,20210808,CUST-0121,PROD-015,GEO-004,Same Day,1,1435.27,0.15,1219.98,368.7,30.22,1
ORD-04921,20210809,CUST-0091,PROD-045,GEO-016,Second Class,1,9872.95,0.0,9872.95,3040.87,30.8,3
ORD-02860,20210810,CUST-0273,PROD-006,GEO-007,First Class,5,2308.0,0.05,10963.0,3990.53,36.4,3
ORD-01066,20210810,CUST-0298,PROD-010,GEO-018,First Class,1,3356.97,0.1,3021.27,1362.59,45.1,3
ORD-02989,20210810,CUST-0153,PROD-012,GEO-008,Same Day,1,1738.05,0.3,1216.64,279.83,23.0,0
ORD-01186,20210811,CUST-0050,PROD-034,GEO-013,Second Class,5,9890.24,0.2,39560.96,3987.74,10.08,5
ORD-00678,20210811,CUST-0028,PROD-006,GEO-012,Standard Class,1,2094.21,0.0,2094.21,879.56,42.0,6
ORD-03857,20210811,CUST-0156,PROD-008,GEO-004,Second Class,3,2109.03,0.1,5694.38,2062.01,36.21,5
ORD-04253,20210811,CUST-0006,PROD-019,GEO-019,Second Class,1,4337.38,0.0,4337.38,1669.89,38.5,3
ORD-04099,20210811,CUST-0060,PROD-018,GEO-013,Standard Class,2,766.57,0.05,1456.48,584.5,40.13,5
ORD-00466,20210812,CUST-0296,PROD-035,GEO-008,Same Day,2,17797.77,0.1,32035.99,4728.51,14.76,2
ORD-02408,20210812,CUST-0295,PROD-035,GEO-008,Standard Class,2,17370.28,0.2,27792.45,3201.69,11.52,7
ORD-02114,20210812,CUST-0034,PROD-017,GEO-003,Same Day,3,54277.41,0.1,146549.01,24322.44,16.6,2
ORD-00124,20210813,CUST-0284,PROD-019,GEO-001,Standard Class,4,4338.05,0.2,13881.76,2860.75,20.61,7
ORD-01131,20210813,CUST-0096,PROD-041,GEO-015,Standard Class,3,23862.15,0.1,64427.81,11649.19,18.08,6
ORD-00878,20210813,CUST-0232,PROD-019,GEO-007,Standard Class,1,4714.1,0.1,4242.69,1217.65,28.7,7
ORD-00840,20210813,CUST-0010,PROD-037,GEO-017,Second Class,1,3174.11,0.0,3174.11,1466.44,46.2,4
ORD-03179,20210813,CUST-0270,PROD-036,GEO-011,Standard Class,4,8395.25,0.1,30222.9,6505.47,21.52,7
ORD-02802,20210814,CUST-0112,PROD-041,GEO-010,Second Class,1,24346.75,0.0,24346.75,5112.82,21.0,5
ORD-00782,20210814,CUST-0067,PROD-044,GEO-016,Standard Class,2,812.35,0.0,1624.7,1108.04,68.2,6
ORD-02785,20210814,CUST-0202,PROD-014,GEO-003,Second Class,1,450.98,0.1,405.88,177.6,43.76,5
ORD-02763,20210815,CUST-0297,PROD-038,GEO-015,First Class,1,1173.9,0.1,1056.51,527.6,49.94,2
ORD-00530,20210815,CUST-0053,PROD-010,GEO-014,Standard Class,2,3651.52,0.05,6937.89,3314.58,47.78,6
ORD-03692,20210815,CUST-0198,PROD-041,GEO-001,Standard Class,1,25399.16,0.1,22859.24,3621.45,15.84,7
ORD-04920,20210815,CUST-0267,PROD-045,GEO-015,Standard Class,2,9057.71,0.0,18115.42,5325.94,29.4,5
ORD-02938,20210815,CUST-0105,PROD-007,GEO-001,Standard Class,3,673.06,0.15,1716.3,461.07,26.86,6
ORD-00413,20210815,CUST-0209,PROD-048,GEO-007,Standard Class,1,1511.58,0.1,1360.42,580.08,42.64,5
ORD-00966,20210815,CUST-0166,PROD-004,GEO-020,Second Class,1,2588.01,0.05,2458.61,1304.37,53.05,5
ORD-00820,20210816,CUST-0082,PROD-042,GEO-001,First Class,1,1732.85,0.0,1732.85,637.69,36.8,3
ORD-00912,20210816,CUST-0218,PROD-019,GEO-002,Standard Class,4,4674.36,0.25,14023.08,2483.48,17.71,5
ORD-01102,20210816,CUST-0043,PROD-049,GEO-012,Standard Class,5,1983.23,0.1,8924.54,3611.5,40.47,6
ORD-01479,20210816,CUST-0269,PROD-011,GEO-003,Standard Class,1,1878.48,0.1,1690.63,510.17,30.18,7
ORD-00589,20210816,CUST-0158,PROD-004,GEO-006,Standard Class,2,2550.54,0.15,4335.92,1677.57,38.69,5
ORD-03816,20210816,CUST-0074,PROD-025,GEO-015,Standard Class,2,358.19,0.0,716.38,338.49,47.25,7
ORD-03028,20210817,CUST-0258,PROD-027,GEO-002,Standard Class,1,361.87,0.15,307.59,99.16,32.24,5
ORD-01190,20210819,CUST-0213,PROD-042,GEO-014,Second Class,3,1725.5,0.15,4400.02,1349.05,30.66,5
ORD-02820,20210819,CUST-0072,PROD-005,GEO-006,Standard Class,1,3056.66,0.2,2445.33,594.7,24.32,6
ORD-02265,20210820,CUST-0110,PROD-047,GEO-003,Standard Class,1,3365.44,0.0,3365.44,928.86,27.6,6
ORD-04842,20210820,CUST-0279,PROD-035,GEO-001,Standard Class,3,18150.77,0.25,40839.23,3719.63,9.11,7
ORD-00873,20210821,CUST-0268,PROD-003,GEO-015,Standard Class,1,1859.32,0.2,1487.46,549.77,36.96,5
ORD-02591,20210821,CUST-0005,PROD-010,GEO-006,Second Class,1,3399.01,0.0,3399.01,1699.5,50.0,5
ORD-02573,20210821,CUST-0299,PROD-003,GEO-010,Standard Class,2,1767.38,0.0,3534.76,1944.12,55.0,7
ORD-03079,20210821,CUST-0014,PROD-023,GEO-011,Standard Class,2,3718.4,0.0,7436.8,2811.11,37.8,7
ORD-04103,20210821,CUST-0279,PROD-038,GEO-001,Standard Class,1,1156.65,0.05,1098.82,533.56,48.56,6
ORD-02386,20210822,CUST-0114,PROD-020,GEO-014,Standard Class,1,1172.55,0.1,1055.3,499.74,47.36,6
ORD-00851,20210822,CUST-0210,PROD-042,GEO-018,First Class,1,1792.53,0.25,1344.4,325.35,24.2,3
ORD-03889,20210822,CUST-0066,PROD-048,GEO-007,Standard Class,2,1558.44,0.05,2961.04,1401.16,47.32,5
ORD-01176,20210822,CUST-0104,PROD-023,GEO-012,Standard Class,1,3731.15,0.0,3731.15,1410.37,37.8,6
ORD-02764,20210823,CUST-0063,PROD-039,GEO-008,Standard Class,1,762.52,0.35,495.64,110.03,22.2,5
ORD-02845,20210823,CUST-0237,PROD-009,GEO-006,Second Class,3,2499.01,0.0,7497.03,2848.87,38.0,5
ORD-02122,20210824,CUST-0099,PROD-020,GEO-018,Standard Class,1,1167.6,0.2,934.08,361.68,38.72,5
ORD-01903,20210824,CUST-0263,PROD-033,GEO-009,Standard Class,1,470.57,0.2,376.46,110.83,29.44,7
ORD-04318,20210824,CUST-0076,PROD-028,GEO-010,Standard Class,2,2032.91,0.25,3049.36,670.86,22.0,6
ORD-01251,20210824,CUST-0185,PROD-039,GEO-014,Standard Class,2,820.88,0.0,1641.76,1034.31,63.0,5
ORD-04063,20210824,CUST-0259,PROD-008,GEO-007,Standard Class,4,2177.59,0.1,7839.32,3085.56,39.36,6
ORD-04653,20210825,CUST-0098,PROD-006,GEO-012,Same Day,1,2165.38,0.25,1624.04,375.15,23.1,0
ORD-00666,20210825,CUST-0132,PROD-017,GEO-017,Standard Class,3,55700.31,0.2,133680.74,20704.48,15.49,7
ORD-01728,20210825,CUST-0233,PROD-041,GEO-020,Second Class,4,24533.42,0.05,93227.0,19597.25,21.02,3
ORD-02693,20210825,CUST-0093,PROD-037,GEO-018,Standard Class,1,3292.99,0.35,2140.44,365.88,17.09,6
ORD-04629,20210826,CUST-0293,PROD-026,GEO-011,Same Day,5,704.15,0.2,2816.6,984.23,34.94,1
ORD-04500,20210826,CUST-0216,PROD-008,GEO-008,First Class,1,2152.72,0.2,1722.18,529.05,30.72,2
ORD-04607,20210826,CUST-0147,PROD-045,GEO-002,Standard Class,2,9945.81,0.1,17902.46,3781.57,21.12,7
ORD-00442,20210827,CUST-0044,PROD-002,GEO-014,Standard Class,1,1558.96,0.2,1247.17,352.0,28.22,5
ORD-03070,20210827,CUST-0180,PROD-013,GEO-005,First Class,3,173.58,0.0,520.74,263.5,50.6,2
ORD-01332,20210827,CUST-0030,PROD-004,GEO-015,Standard Class,2,2614.0,0.15,4443.8,1805.28,40.62,7
ORD-00270,20210827,CUST-0071,PROD-042,GEO-018,Second Class,3,1837.57,0.2,4410.17,1241.9,28.16,5
ORD-03583,20210827,CUST-0187,PROD-017,GEO-018,Standard Class,1,56037.3,0.1,50433.57,10008.04,19.84,5
ORD-01422,20210828,CUST-0184,PROD-001,GEO-009,Standard Class,5,5553.41,0.0,27767.05,10551.48,38.0,6
ORD-01556,20210829,CUST-0118,PROD-023,GEO-005,Standard Class,2,3794.7,0.05,7209.93,2173.01,30.14,6
ORD-00806,20210829,CUST-0046,PROD-022,GEO-014,Same Day,5,22691.65,0.0,113458.25,22634.92,19.95,2
ORD-01988,20210829,CUST-0259,PROD-007,GEO-007,Second Class,1,635.35,0.2,508.28,130.12,25.6,5
ORD-02011,20210829,CUST-0210,PROD-043,GEO-018,Standard Class,1,6458.08,0.2,5166.46,1091.16,21.12,5
ORD-02337,20210829,CUST-0258,PROD-042,GEO-002,Standard Class,2,1780.51,0.0,3561.02,1310.46,36.8,6
ORD-02454,20210829,CUST-0273,PROD-044,GEO-007,Second Class,1,818.57,0.1,736.71,374.54,50.84,5
ORD-02530,20210829,CUST-0156,PROD-010,GEO-004,Standard Class,1,3354.88,0.25,2516.16,636.58,25.3,6
ORD-01485,20210830,CUST-0095,PROD-031,GEO-013,Standard Class,1,988.29,0.15,840.05,334.82,39.86,7
ORD-02639,20210831,CUST-0147,PROD-017,GEO-002,First Class,1,56167.37,0.05,53359.0,9827.87,18.42,2
ORD-03799,20210831,CUST-0056,PROD-050,GEO-008,Second Class,3,1881.25,0.2,4515.0,1300.32,28.8,3
ORD-03620,20210831,CUST-0235,PROD-004,GEO-020,Second Class,1,2377.39,0.2,1901.91,709.64,37.31,3
ORD-01591,20210831,CUST-0027,PROD-002,GEO-018,First Class,1,1486.93,0.1,1338.24,506.98,37.88,3
ORD-01795,20210901,CUST-0121,PROD-004,GEO-004,Standard Class,2,2554.87,0.05,4854.25,2153.9,44.37,7
ORD-04707,20210903,CUST-0195,PROD-036,GEO-008,Standard Class,1,7835.4,0.0,7835.4,1958.85,25.0,5
ORD-01232,20210903,CUST-0046,PROD-003,GEO-014,Standard Class,1,1772.51,0.0,1772.51,1023.62,57.75,7
ORD-04911,20210903,CUST-0060,PROD-005,GEO-013,First Class,2,3146.24,0.1,5663.23,1852.89,32.72,3
ORD-04116,20210903,CUST-0007,PROD-032,GEO-003,Standard Class,1,4387.56,0.3,3071.29,454.92,14.81,7
ORD-00905,20210904,CUST-0196,PROD-041,GEO-015,Standard Class,1,25111.39,0.05,23855.82,4786.79,20.07,6
ORD-02613,20210904,CUST-0035,PROD-037,GEO-015,Standard Class,1,3141.85,0.05,2984.76,1197.82,40.13,7
ORD-04796,20210904,CUST-0039,PROD-049,GEO-006,Second Class,1,1973.51,0.0,1973.51,927.55,47.0,4
ORD-04366,20210904,CUST-0092,PROD-047,GEO-001,Standard Class,5,3464.25,0.1,15589.12,3528.13,22.63,6
ORD-03071,20210904,CUST-0228,PROD-016,GEO-016,Standard Class,3,42962.23,0.0,128886.69,28355.07,22.0,7
ORD-00179,20210905,CUST-0128,PROD-028,GEO-010,Standard Class,1,2004.61,0.1,1804.15,591.76,32.8,5
ORD-03215,20210905,CUST-0225,PROD-033,GEO-020,Second Class,1,431.47,0.05,409.9,188.74,46.05,3
ORD-00816,20210905,CUST-0094,PROD-037,GEO-008,Standard Class,3,3201.82,0.0,9605.46,4034.29,42.0,6
ORD-01346,20210905,CUST-0004,PROD-047,GEO-012,Standard Class,5,3378.28,0.05,16046.83,4599.82,28.66,7
ORD-03034,20210906,CUST-0233,PROD-011,GEO-020,Second Class,2,1860.56,0.15,3162.95,1015.94,32.12,3
ORD-00490,20210906,CUST-0294,PROD-044,GEO-002,Second Class,1,861.56,0.2,689.25,251.61,36.5,4
ORD-04272,20210906,CUST-0253,PROD-012,GEO-003,Standard Class,1,1845.28,0.3,1291.7,273.32,21.16,5
ORD-01378,20210907,CUST-0141,PROD-015,GEO-012,First Class,1,1515.76,0.1,1364.18,528.55,38.74,2
ORD-03064,20210907,CUST-0120,PROD-020,GEO-002,Standard Class,2,1192.23,0.4,1430.68,202.69,14.17,7
ORD-02242,20210907,CUST-0129,PROD-031,GEO-015,First Class,1,934.35,0.05,887.63,441.03,49.69,4
ORD-02972,20210907,CUST-0129,PROD-016,GEO-015,Second Class,2,41300.52,0.0,82601.04,17346.22,21.0,3
ORD-02858,20210908,CUST-0113,PROD-050,GEO-003,Standard Class,1,1726.15,0.1,1553.54,527.4,33.95,5
ORD-04910,20210908,CUST-0028,PROD-009,GEO-012,Standard Class,1,2445.31,0.0,2445.31,975.68,39.9,7
ORD-00069,20210908,CUST-0149,PROD-020,GEO-020,Standard Class,1,1154.37,0.05,1096.65,603.76,55.05,6
ORD-04511,20210908,CUST-0298,PROD-035,GEO-018,Second Class,1,17743.26,0.1,15968.93,2592.71,16.24,5
ORD-04907,20210909,CUST-0078,PROD-008,GEO-001,Standard Class,3,2244.2,0.2,5386.08,1522.23,28.26,5
ORD-02378,20210909,CUST-0133,PROD-021,GEO-010,Second Class,2,3178.81,0.1,5721.86,1642.17,28.7,4
ORD-03158,20210909,CUST-0218,PROD-038,GEO-002,First Class,3,1253.54,0.15,3196.53,1245.14,38.95,2
ORD-01370,20210909,CUST-0268,PROD-024,GEO-015,Second Class,1,222.59,0.05,211.46,101.02,47.77,3
ORD-04237,20210909,CUST-0153,PROD-036,GEO-008,Standard Class,1,8315.7,0.15,7068.34,1289.97,18.25,7
ORD-04632,20210909,CUST-0021,PROD-045,GEO-014,Standard Class,3,9757.35,0.0,29272.05,8605.98,29.4,5
ORD-01865,20210910,CUST-0224,PROD-017,GEO-016,Standard Class,1,54375.44,0.15,46219.12,8165.07,17.67,6
ORD-00560,20210910,CUST-0223,PROD-014,GEO-015,Second Class,1,447.01,0.0,447.01,272.23,60.9,4
ORD-02380,20210910,CUST-0097,PROD-027,GEO-004,Standard Class,1,386.82,0.0,386.82,170.82,44.16,7
ORD-00812,20210910,CUST-0219,PROD-017,GEO-020,Second Class,2,53266.61,0.1,95879.9,19026.4,19.84,3
ORD-03376,20210911,CUST-0222,PROD-049,GEO-009,Second Class,1,2066.5,0.2,1653.2,497.28,30.08,3
ORD-01924,20210911,CUST-0012,PROD-035,GEO-010,First Class,1,17881.08,0.0,17881.08,3218.59,18.0,2
ORD-01040,20210912,CUST-0175,PROD-045,GEO-001,Standard Class,4,9625.14,0.1,34650.5,7319.29,21.12,7
ORD-04058,20210912,CUST-0251,PROD-010,GEO-020,First Class,1,3505.38,0.25,2629.04,795.29,30.25,3
ORD-02629,20210912,CUST-0071,PROD-028,GEO-018,Standard Class,4,2042.7,0.15,6945.18,2230.79,32.12,7
ORD-02013,20210913,CUST-0079,PROD-032,GEO-014,First Class,4,4275.96,0.25,12827.88,2592.84,20.21,3
ORD-00355,20210913,CUST-0098,PROD-012,GEO-012,Second Class,1,1868.32,0.25,1401.24,404.61,28.88,5
ORD-03013,20210914,CUST-0225,PROD-047,GEO-020,First Class,1,3620.09,0.0,3620.09,1194.63,33.0,4
ORD-04495,20210914,CUST-0017,PROD-046,GEO-001,Standard Class,4,4660.3,0.05,17709.14,6671.74,37.67,7
ORD-03124,20210915,CUST-0085,PROD-041,GEO-006,Standard Class,2,25696.63,0.2,41114.61,5525.8,13.44,6
ORD-02604,20210915,CUST-0171,PROD-016,GEO-010,Standard Class,1,42278.84,0.25,31709.13,3488.0,11.0,6
ORD-01272,20210915,CUST-0273,PROD-047,GEO-007,Standard Class,1,3428.66,0.0,3428.66,1028.6,30.0,5
ORD-03535,20210916,CUST-0072,PROD-003,GEO-006,Standard Class,1,1807.04,0.15,1535.98,616.7,40.15,7
ORD-01719,20210916,CUST-0044,PROD-033,GEO-014,Standard Class,5,427.94,0.1,1925.73,762.71,39.61,5
ORD-01150,20210917,CUST-0300,PROD-034,GEO-003,Second Class,2,10436.16,0.2,16697.86,1474.75,8.83,4
ORD-04167,20210917,CUST-0161,PROD-035,GEO-012,Same Day,1,18363.2,0.15,15608.72,2153.54,13.8,0
ORD-01662,20210917,CUST-0015,PROD-038,GEO-014,Standard Class,1,1245.3,0.15,1058.5,470.58,44.46,6
ORD-00062,20210918,CUST-0168,PROD-022,GEO-006,Standard Class,1,22418.87,0.1,20176.98,3143.57,15.58,5
ORD-01055,20210918,CUST-0055,PROD-022,GEO-015,Same Day,3,22324.15,0.15,56926.58,8290.51,14.56,0
ORD-04674,20210918,CUST-0173,PROD-046,GEO-005,First Class,1,4569.03,0.0,4569.03,1891.58,41.4,3
ORD-01887,20210919,CUST-0079,PROD-038,GEO-014,Standard Class,1,1229.55,0.2,983.64,383.39,38.98,6
ORD-00701,20210919,CUST-0076,PROD-031,GEO-010,Standard Class,3,927.17,0.35,1807.98,347.86,19.24,6
ORD-04026,20210919,CUST-0105,PROD-020,GEO-001,Standard Class,1,1140.89,0.0,1140.89,577.29,50.6,7
ORD-01063,20210919,CUST-0235,PROD-044,GEO-020,Standard Class,3,843.31,0.0,2529.93,1725.42,68.2,7
ORD-01215,20210919,CUST-0214,PROD-049,GEO-015,Second Class,4,1941.87,0.25,5825.61,1581.22,27.14,3
ORD-03567,20210919,CUST-0108,PROD-049,GEO-018,Standard Class,1,1973.38,0.1,1776.04,752.94,42.39,6
ORD-01951,20210919,CUST-0117,PROD-046,GEO-016,First Class,4,4511.22,0.05,17142.64,7721.9,45.04,4
ORD-02047,20210920,CUST-0193,PROD-025,GEO-014,Second Class,4,353.39,0.0,1413.56,667.91,47.25,3
ORD-03101,20210920,CUST-0086,PROD-041,GEO-007,Standard Class,2,24837.4,0.05,47191.06,9018.21,19.11,6
ORD-02930,20210921,CUST-0032,PROD-042,GEO-005,Same Day,1,1764.11,0.05,1675.9,561.23,33.49,2
ORD-00612,20210921,CUST-0072,PROD-001,GEO-006,Standard Class,1,5587.73,0.2,4470.18,1087.15,24.32,5
ORD-02775,20210921,CUST-0131,PROD-042,GEO-019,Second Class,2,1877.81,0.2,3004.5,846.06,28.16,3
ORD-01085,20210921,CUST-0211,PROD-049,GEO-007,Standard Class,3,1926.06,0.0,5778.18,2715.74,47.0,6
ORD-03214,20210921,CUST-0267,PROD-023,GEO-015,Standard Class,1,3631.55,0.05,3449.97,1186.72,34.4,5
ORD-04368,20210922,CUST-0262,PROD-042,GEO-003,Standard Class,1,1875.49,0.15,1594.17,428.26,26.86,6
ORD-04872,20210922,CUST-0214,PROD-011,GEO-015,Standard Class,1,1731.7,0.0,1731.7,727.31,42.0,6
ORD-04810,20210922,CUST-0271,PROD-014,GEO-002,Standard Class,1,453.44,0.15,385.42,150.13,38.95,7
ORD-02419,20210922,CUST-0043,PROD-029,GEO-012,Second Class,2,2891.69,0.25,4337.54,751.47,17.32,4
ORD-00183,20210923,CUST-0103,PROD-048,GEO-010,Standard Class,1,1529.05,0.2,1223.24,407.09,33.28,5
ORD-02018,20210923,CUST-0002,PROD-047,GEO-006,Standard Class,5,3637.63,0.25,13641.11,2250.78,16.5,7
ORD-02596,20210924,CUST-0279,PROD-020,GEO-001,Standard Class,2,1242.48,0.05,2360.71,1087.02,46.05,5
ORD-01962,20210924,CUST-0071,PROD-022,GEO-018,Standard Class,2,21268.77,0.05,40410.66,7685.7,19.02,5
ORD-03032,20210924,CUST-0108,PROD-031,GEO-018,Standard Class,1,954.56,0.15,811.38,338.8,41.76,6
ORD-02431,20210924,CUST-0161,PROD-018,GEO-012,First Class,1,735.04,0.2,588.03,165.96,28.22,2
ORD-04937,20210924,CUST-0217,PROD-042,GEO-002,Standard Class,2,1770.25,0.1,3186.45,961.55,30.18,6
ORD-01601,20210924,CUST-0270,PROD-019,GEO-011,Second Class,2,4293.15,0.0,8586.3,3155.46,36.75,4
ORD-04606,20210925,CUST-0037,PROD-040,GEO-009,Standard Class,2,119.02,0.1,214.24,105.41,49.2,7
ORD-01868,20210925,CUST-0076,PROD-009,GEO-010,Standard Class,1,2380.41,0.05,2261.39,781.99,34.58,6
ORD-01709,20210925,CUST-0161,PROD-009,GEO-012,Standard Class,1,2379.76,0.25,1784.82,391.68,21.95,6
ORD-04259,20210925,CUST-0300,PROD-022,GEO-003,Second Class,2,22341.56,0.1,40214.81,5764.23,14.33,4
ORD-01990,20210926,CUST-0182,PROD-016,GEO-020,Same Day,3,39983.59,0.35,77968.0,6346.59,8.14,0
ORD-04160,20210927,CUST-0130,PROD-013,GEO-012,Standard Class,1,182.48,0.05,173.36,91.11,52.56,6
ORD-00198,20210927,CUST-0029,PROD-035,GEO-008,Standard Class,1,17241.44,0.0,17241.44,3103.46,18.0,7
ORD-03054,20210927,CUST-0007,PROD-049,GEO-003,Standard Class,1,1990.63,0.0,1990.63,860.75,43.24,6
ORD-02434,20210928,CUST-0044,PROD-041,GEO-014,Standard Class,1,25263.5,0.1,22737.15,4111.11,18.08,7
ORD-02110,20210928,CUST-0297,PROD-001,GEO-015,First Class,4,5254.5,0.3,14712.6,2700.35,18.35,2
ORD-02342,20210928,CUST-0194,PROD-048,GEO-006,First Class,3,1571.89,0.05,4479.89,2119.88,47.32,3
ORD-03648,20210928,CUST-0153,PROD-042,GEO-008,Standard Class,4,1841.6,0.0,7366.4,2946.56,40.0,7
ORD-00202,20210929,CUST-0141,PROD-045,GEO-012,First Class,3,9799.08,0.05,27927.38,7471.7,26.75,4
ORD-03095,20210929,CUST-0292,PROD-034,GEO-006,Standard Class,1,10479.69,0.25,7859.77,648.43,8.25,7
ORD-01156,20210930,CUST-0055,PROD-046,GEO-015,Standard Class,2,4435.45,0.1,7983.81,3093.33,38.75,6
ORD-04555,20210930,CUST-0095,PROD-020,GEO-013,Second Class,1,1199.94,0.2,959.95,354.8,36.96,3
ORD-02925,20210930,CUST-0202,PROD-050,GEO-003,Second Class,4,1802.07,0.1,6487.45,2202.36,33.95,4
ORD-03366,20210930,CUST-0049,PROD-035,GEO-003,Standard Class,1,18554.78,0.05,17627.04,2656.33,15.07,7
ORD-03598,20210930,CUST-0101,PROD-019,GEO-014,Standard Class,5,4334.22,0.2,17336.88,4077.63,23.52,5
ORD-02718,20210930,CUST-0231,PROD-038,GEO-006,First Class,1,1221.94,0.0,1221.94,708.73,58.0,4
ORD-03621,20211001,CUST-0152,PROD-045,GEO-018,Second Class,5,9077.61,0.1,40849.25,10316.89,25.26,4
ORD-02513,20211001,CUST-0011,PROD-002,GEO-003,Standard Class,2,1503.21,0.05,2856.1,1004.27,35.16,5
ORD-00173,20211001,CUST-0018,PROD-034,GEO-014,First Class,1,9660.76,0.15,8211.65,944.14,11.5,2
ORD-00023,20211001,CUST-0034,PROD-014,GEO-003,Standard Class,4,455.93,0.1,1641.35,718.18,43.76,6
ORD-04516,20211001,CUST-0119,PROD-017,GEO-020,Second Class,2,57714.14,0.15,98114.04,17332.82,17.67,3
ORD-03619,20211001,CUST-0279,PROD-006,GEO-001,Standard Class,1,2115.24,0.05,2009.48,672.93,33.49,5
ORD-03133,20211001,CUST-0267,PROD-024,GEO-015,Standard Class,2,223.69,0.0,447.38,234.87,52.5,6
ORD-04749,20211002,CUST-0082,PROD-010,GEO-001,Standard Class,5,3456.33,0.1,15553.49,5866.78,37.72,5
ORD-03213,20211003,CUST-0193,PROD-035,GEO-014,Standard Class,3,17130.3,0.05,48821.35,8396.79,17.2,5
ORD-03062,20211003,CUST-0254,PROD-018,GEO-017,Standard Class,2,753.95,0.15,1281.72,432.28,33.73,5
ORD-03948,20211003,CUST-0100,PROD-015,GEO-012,First Class,1,1431.79,0.25,1073.84,279.07,25.99,3
ORD-02365,20211004,CUST-0017,PROD-048,GEO-001,Standard Class,2,1474.13,0.35,1916.37,339.21,17.7,6
ORD-04599,20211004,CUST-0282,PROD-019,GEO-002,First Class,2,4689.31,0.2,7502.9,1546.2,20.61,4
ORD-01750,20211005,CUST-0024,PROD-010,GEO-001,Standard Class,2,3505.86,0.3,4908.2,1038.58,21.16,6
ORD-00196,20211005,CUST-0177,PROD-042,GEO-016,Standard Class,5,1799.8,0.0,8999.0,3959.56,44.0,7
ORD-02444,20211005,CUST-0143,PROD-049,GEO-016,Standard Class,5,2020.81,0.05,9598.85,4515.97,47.05,7
ORD-01060,20211005,CUST-0296,PROD-004,GEO-008,Standard Class,2,2553.83,0.15,4341.51,1679.73,38.69,5
ORD-00234,20211006,CUST-0061,PROD-005,GEO-019,Standard Class,1,3290.36,0.25,2467.77,567.34,22.99,5
ORD-04912,20211007,CUST-0054,PROD-007,GEO-013,Standard Class,1,658.74,0.1,592.87,204.18,34.44,5
ORD-00197,20211007,CUST-0094,PROD-044,GEO-008,Second Class,2,835.25,0.0,1670.5,1035.71,62.0,4
ORD-01944,20211007,CUST-0248,PROD-034,GEO-020,Standard Class,1,9760.21,0.0,9760.21,1610.43,16.5,5
ORD-02965,20211007,CUST-0133,PROD-047,GEO-010,Standard Class,2,3391.95,0.1,6105.51,1501.96,24.6,7
ORD-04766,20211007,CUST-0079,PROD-004,GEO-014,Second Class,1,2622.32,0.1,2360.09,1076.99,45.63,4
ORD-01175,20211008,CUST-0023,PROD-001,GEO-007,Standard Class,1,5506.57,0.2,4405.26,1071.36,24.32,5
ORD-04839,20211008,CUST-0004,PROD-019,GEO-012,Second Class,1,4359.41,0.0,4359.41,1602.08,36.75,4
ORD-01336,20211008,CUST-0182,PROD-015,GEO-020,Standard Class,3,1430.82,0.2,3433.97,1087.88,31.68,7
ORD-03021,20211008,CUST-0150,PROD-036,GEO-002,Second Class,3,8345.83,0.0,25037.49,5758.62,23.0,5
ORD-04813,20211008,CUST-0185,PROD-044,GEO-014,First Class,3,861.92,0.0,2585.76,1683.33,65.1,2
ORD-01839,20211009,CUST-0196,PROD-034,GEO-015,Standard Class,1,10147.07,0.0,10147.07,1598.16,15.75,6
ORD-02840,20211009,CUST-0055,PROD-027,GEO-015,Standard Class,1,378.15,0.05,359.24,164.77,45.87,5
ORD-02000,20211009,CUST-0218,PROD-006,GEO-002,Same Day,1,2276.04,0.0,2276.04,837.59,36.8,1
ORD-02542,20211009,CUST-0055,PROD-014,GEO-015,Second Class,5,435.66,0.0,2178.3,1326.58,60.9,5
ORD-02538,20211009,CUST-0283,PROD-002,GEO-013,First Class,1,1428.7,0.05,1357.26,544.68,40.13,3
ORD-04884,20211010,CUST-0125,PROD-020,GEO-003,Standard Class,3,1141.18,0.1,3081.19,1278.45,41.49,5
ORD-00515,20211010,CUST-0296,PROD-011,GEO-008,First Class,4,1850.47,0.05,7031.79,2559.57,36.4,4
ORD-00613,20211010,CUST-0114,PROD-036,GEO-014,Second Class,2,8351.25,0.0,16702.5,4384.4,26.25,3
ORD-02512,20211011,CUST-0200,PROD-030,GEO-017,Standard Class,2,563.61,0.05,1070.86,407.33,38.04,5
ORD-00788,20211011,CUST-0115,PROD-017,GEO-005,Standard Class,3,54072.44,0.15,137884.72,20372.75,14.78,5
ORD-01940,20211011,CUST-0240,PROD-005,GEO-002,First Class,4,3109.48,0.05,11816.02,3759.1,31.81,3
ORD-01616,20211012,CUST-0291,PROD-035,GEO-003,Standard Class,1,17862.19,0.1,16075.97,2182.99,13.58,6
ORD-00012,20211012,CUST-0014,PROD-047,GEO-011,Second Class,2,3526.42,0.3,4936.99,715.36,14.49,3
ORD-00547,20211013,CUST-0163,PROD-049,GEO-004,Standard Class,3,1955.57,0.0,5866.71,2536.76,43.24,6
ORD-03885,20211013,CUST-0176,PROD-041,GEO-019,Standard Class,1,24422.63,0.05,23201.5,4877.19,21.02,6
ORD-00525,20211014,CUST-0040,PROD-023,GEO-008,Standard Class,3,3750.96,0.0,11252.88,4051.04,36.0,7
ORD-01455,20211014,CUST-0130,PROD-039,GEO-012,Standard Class,1,760.67,0.15,646.57,297.36,45.99,7
ORD-03477,20211014,CUST-0033,PROD-024,GEO-006,Standard Class,2,222.01,0.0,444.02,222.01,50.0,7
ORD-01580,20211014,CUST-0112,PROD-045,GEO-010,Standard Class,1,9087.6,0.1,8178.84,1877.86,22.96,6
ORD-03425,20211014,CUST-0166,PROD-016,GEO-020,First Class,1,41459.01,0.35,26948.36,2193.6,8.14,3
ORD-02975,20211015,CUST-0194,PROD-042,GEO-006,Standard Class,2,1881.27,0.05,3574.41,1301.09,36.4,7
ORD-03834,20211015,CUST-0205,PROD-029,GEO-016,Standard Class,1,2773.5,0.05,2634.82,791.24,30.03,7
ORD-02485,20211015,CUST-0188,PROD-047,GEO-016,Standard Class,4,3569.38,0.25,10708.14,1943.52,18.15,7
ORD-02565,20211015,CUST-0143,PROD-017,GEO-016,Second Class,1,52827.17,0.1,47544.45,9434.72,19.84,4
ORD-00956,20211016,CUST-0149,PROD-044,GEO-020,Standard Class,1,843.98,0.1,759.58,424.79,55.92,6
ORD-04300,20211016,CUST-0017,PROD-047,GEO-001,Standard Class,4,3469.91,0.15,11797.69,2376.99,20.15,6
ORD-02569,20211016,CUST-0136,PROD-042,GEO-020,Same Day,1,1730.21,0.0,1730.21,761.29,44.0,1
ORD-02625,20211016,CUST-0243,PROD-017,GEO-011,First Class,3,57033.68,0.15,145435.88,24524.85,16.86,2
ORD-04580,20211017,CUST-0170,PROD-049,GEO-003,Standard Class,2,1916.24,0.1,3449.23,1222.98,35.46,6
ORD-01429,20211017,CUST-0065,PROD-016,GEO-020,Second Class,1,41326.57,0.15,35127.58,5641.49,16.06,3
ORD-04885,20211018,CUST-0051,PROD-036,GEO-008,Standard Class,1,8345.58,0.05,7928.3,1803.69,22.75,6
ORD-01159,20211018,CUST-0184,PROD-007,GEO-009,Standard Class,1,630.82,0.1,567.74,186.22,32.8,6
ORD-01077,20211018,CUST-0256,PROD-004,GEO-005,Standard Class,4,2411.06,0.0,9644.24,4702.53,48.76,7
ORD-00856,20211018,CUST-0259,PROD-020,GEO-007,Standard Class,1,1217.47,0.35,791.36,161.04,20.35,6
ORD-02913,20211020,CUST-0129,PROD-044,GEO-015,Standard Class,1,869.72,0.15,739.26,351.32,47.52,6
ORD-01431,20211020,CUST-0224,PROD-008,GEO-016,Standard Class,1,2281.69,0.1,2053.52,889.1,43.3,5
ORD-00502,20211020,CUST-0049,PROD-007,GEO-003,Same Day,1,664.19,0.05,630.98,211.31,33.49,1
ORD-04914,20211021,CUST-0229,PROD-043,GEO-010,Standard Class,5,6815.84,0.0,34079.2,10223.76,30.0,7
ORD-01710,20211021,CUST-0267,PROD-002,GEO-015,Second Class,2,1431.73,0.05,2720.29,1091.67,40.13,4
ORD-01127,20211022,CUST-0094,PROD-048,GEO-008,Standard Class,1,1483.41,0.35,964.22,185.52,19.24,6
ORD-04953,20211023,CUST-0055,PROD-012,GEO-015,Standard Class,2,1811.22,0.0,3622.44,1901.78,52.5,6
ORD-00238,20211023,CUST-0020,PROD-010,GEO-020,Standard Class,2,3482.04,0.05,6615.88,3311.25,50.05,7
ORD-00531,20211023,CUST-0154,PROD-028,GEO-019,First Class,2,2188.41,0.05,4157.98,1664.85,40.04,3
ORD-04141,20211023,CUST-0294,PROD-010,GEO-002,Second Class,3,3392.06,0.0,10176.18,4681.04,46.0,4
ORD-00061,20211023,CUST-0109,PROD-041,GEO-009,Standard Class,1,24051.59,0.0,24051.59,5050.83,21.0,6
ORD-04815,20211023,CUST-0084,PROD-004,GEO-018,First Class,1,2607.42,0.15,2216.31,943.24,42.56,3
ORD-03561,20211023,CUST-0014,PROD-021,GEO-011,Standard Class,1,3161.48,0.0,3161.48,1161.85,36.75,6
ORD-00132,20211024,CUST-0075,PROD-039,GEO-013,Standard Class,1,819.04,0.0,819.04,515.99,63.0,5
ORD-04049,20211024,CUST-0130,PROD-047,GEO-012,Second Class,5,3531.49,0.0,17657.45,5562.1,31.5,4
ORD-01282,20211024,CUST-0243,PROD-006,GEO-011,First Class,2,2288.72,0.15,3890.82,1192.93,30.66,2
ORD-00769,20211024,CUST-0078,PROD-047,GEO-001,Standard Class,1,3646.44,0.2,2917.15,515.28,17.66,5
ORD-02903,20211024,CUST-0129,PROD-039,GEO-015,Standard Class,2,807.21,0.0,1614.42,1017.08,63.0,6
ORD-00177,20211024,CUST-0294,PROD-010,GEO-002,Same Day,2,3360.88,0.3,4705.23,995.62,21.16,2
ORD-04819,20211025,CUST-0086,PROD-043,GEO-007,First Class,2,6351.46,0.0,12702.92,3810.88,30.0,3
ORD-02986,20211025,CUST-0287,PROD-022,GEO-018,Standard Class,1,22863.84,0.2,18291.07,2446.61,13.38,5
ORD-03417,20211026,CUST-0115,PROD-040,GEO-005,Second Class,1,118.2,0.1,106.38,48.15,45.26,5
ORD-04744,20211026,CUST-0293,PROD-042,GEO-011,Standard Class,3,1744.56,0.0,5233.68,2198.14,42.0,6
ORD-02022,20211026,CUST-0068,PROD-022,GEO-018,Standard Class,2,21238.74,0.1,38229.73,6551.81,17.14,7
ORD-00813,20211026,CUST-0005,PROD-028,GEO-006,Standard Class,3,2042.62,0.1,5515.07,1808.94,32.8,7
ORD-02917,20211026,CUST-0050,PROD-022,GEO-013,First Class,2,21823.65,0.05,41464.94,7527.75,18.15,4
ORD-02354,20211027,CUST-0206,PROD-049,GEO-005,Standard Class,5,1964.61,0.25,7367.29,1752.08,23.78,5
ORD-00189,20211027,CUST-0103,PROD-026,GEO-010,First Class,3,697.75,0.2,1674.6,557.31,33.28,2
ORD-00436,20211027,CUST-0256,PROD-041,GEO-005,First Class,3,25735.53,0.0,77206.59,14916.31,19.32,4
ORD-02912,20211027,CUST-0297,PROD-046,GEO-015,First Class,2,4654.06,0.1,8377.31,3245.79,38.75,4
ORD-00973,20211027,CUST-0257,PROD-035,GEO-009,Second Class,1,17366.33,0.05,16498.01,2702.37,16.38,4
ORD-01634,20211028,CUST-0021,PROD-004,GEO-014,Standard Class,2,2378.82,0.0,4757.64,2647.63,55.65,7
ORD-04693,20211028,CUST-0230,PROD-036,GEO-004,Standard Class,5,7791.35,0.0,38956.75,8960.05,23.0,7
ORD-04053,20211028,CUST-0294,PROD-036,GEO-002,Standard Class,2,8088.33,0.2,12941.33,1904.96,14.72,5
ORD-00240,20211029,CUST-0264,PROD-015,GEO-019,Second Class,1,1554.5,0.05,1476.78,665.21,45.04,4
ORD-01512,20211029,CUST-0098,PROD-046,GEO-012,Standard Class,1,4363.51,0.0,4363.51,2061.76,47.25,5
ORD-02438,20211029,CUST-0228,PROD-012,GEO-016,Standard Class,1,1852.72,0.0,1852.72,1019.0,55.0,7
ORD-03217,20211029,CUST-0250,PROD-044,GEO-017,Standard Class,2,881.72,0.1,1587.1,887.57,55.92,7
ORD-00370,20211029,CUST-0087,PROD-004,GEO-006,First Class,1,2582.06,0.1,2323.85,1009.95,43.46,4
ORD-04923,20211030,CUST-0269,PROD-017,GEO-003,Second Class,1,56064.72,0.0,56064.72,11347.5,20.24,4
ORD-00661,20211030,CUST-0255,PROD-021,GEO-011,Standard Class,1,3109.99,0.0,3109.99,1142.92,36.75,6
ORD-00480,20211030,CUST-0148,PROD-043,GEO-015,Standard Class,1,6677.4,0.2,5341.92,1076.93,20.16,5
ORD-04936,20211031,CUST-0014,PROD-017,GEO-011,Standard Class,2,54951.79,0.1,98913.22,18736.14,18.94,6
ORD-04714,20211031,CUST-0025,PROD-041,GEO-019,Standard Class,1,24408.11,0.0,24408.11,5638.27,23.1,6
ORD-01856,20211101,CUST-0222,PROD-021,GEO-009,Standard Class,2,3110.76,0.0,6221.52,2177.53,35.0,6
ORD-04654,20211101,CUST-0151,PROD-005,GEO-013,Second Class,1,3134.7,0.15,2664.5,776.09,29.13,4
ORD-00452,20211101,CUST-0060,PROD-039,GEO-013,Same Day,1,800.05,0.0,800.05,504.03,63.0,1
ORD-03936,20211101,CUST-0149,PROD-019,GEO-020,First Class,1,4473.94,0.0,4473.94,1722.47,38.5,2
ORD-02944,20211101,CUST-0095,PROD-046,GEO-013,First Class,2,4584.78,0.0,9169.56,4332.62,47.25,4
ORD-01520,20211101,CUST-0019,PROD-001,GEO-013,First Class,1,5711.71,0.0,5711.71,2278.97,39.9,3
ORD-04719,20211101,CUST-0056,PROD-012,GEO-008,First Class,2,1747.7,0.05,3320.63,1510.89,45.5,3
ORD-03624,20211101,CUST-0100,PROD-034,GEO-012,First Class,3,10462.79,0.15,26680.11,3067.54,11.5,4
ORD-04563,20211101,CUST-0034,PROD-036,GEO-003,Standard Class,3,8361.25,0.2,20067.0,2953.86,14.72,7
ORD-04025,20211101,CUST-0155,PROD-026,GEO-016,Standard Class,2,709.01,0.1,1276.22,598.6,46.9,6
ORD-01381,20211101,CUST-0139,PROD-041,GEO-001,Standard Class,2,26084.97,0.0,52169.94,10079.23,19.32,7
ORD-03839,20211101,CUST-0202,PROD-009,GEO-003,First Class,3,2475.87,0.05,7056.23,2244.84,31.81,3
ORD-01531,20211101,CUST-0141,PROD-035,GEO-012,Same Day,2,18708.79,0.0,37417.58,7071.92,18.9,1
ORD-00048,20211102,CUST-0036,PROD-007,GEO-005,Same Day,1,625.9,0.05,594.6,199.12,33.49,2
ORD-01297,20211102,CUST-0265,PROD-012,GEO-018,Standard Class,2,1841.26,0.05,3498.39,1750.95,50.05,6
ORD-04665,20211103,CUST-0061,PROD-040,GEO-019,First Class,1,118.19,0.0,118.19,78.0,66.0,4
ORD-03802,20211103,CUST-0225,PROD-049,GEO-020,Standard Class,1,2019.09,0.25,1514.32,430.6,28.44,6
ORD-03599,20211103,CUST-0067,PROD-048,GEO-016,First Class,1,1550.19,0.05,1472.68,766.56,52.05,2
ORD-00172,20211103,CUST-0016,PROD-022,GEO-010,Second Class,4,20964.34,0.25,62893.02,6572.32,10.45,5
ORD-02015,20211103,CUST-0015,PROD-014,GEO-014,Standard Class,2,472.39,0.05,897.54,497.41,55.42,5
ORD-01650,20211104,CUST-0045,PROD-024,GEO-019,Standard Class,1,211.11,0.05,200.55,100.38,50.05,5
ORD-02584,20211104,CUST-0036,PROD-037,GEO-005,Standard Class,2,3155.32,0.2,5048.51,1248.48,24.73,5
ORD-02627,20211105,CUST-0236,PROD-005,GEO-012,Standard Class,1,3165.23,0.1,2848.71,932.04,32.72,7
ORD-03723,20211105,CUST-0209,PROD-015,GEO-007,Standard Class,5,1529.14,0.15,6498.84,2134.87,32.85,7
ORD-01430,20211105,CUST-0009,PROD-038,GEO-014,Second Class,1,1153.95,0.15,980.86,436.07,44.46,5
ORD-01493,20211105,CUST-0056,PROD-036,GEO-008,Second Class,1,8127.54,0.15,6908.41,1260.78,18.25,5
ORD-02932,20211105,CUST-0265,PROD-011,GEO-018,Second Class,3,1779.91,0.1,4805.76,1733.92,36.08,5
ORD-02041,20211105,CUST-0147,PROD-041,GEO-002,Standard Class,2,25740.75,0.05,48907.42,8598.51,17.58,5
ORD-03904,20211105,CUST-0135,PROD-040,GEO-018,Standard Class,4,123.67,0.05,469.95,282.25,60.06,7
ORD-04263,20211105,CUST-0137,PROD-006,GEO-005,Second Class,1,2264.46,0.25,1698.34,343.74,20.24,3
ORD-02158,20211106,CUST-0061,PROD-006,GEO-019,Standard Class,2,2232.27,0.05,4241.31,1698.22,40.04,5
ORD-01309,20211106,CUST-0084,PROD-017,GEO-018,First Class,1,57251.94,0.0,57251.94,13854.97,24.2,2
ORD-04193,20211106,CUST-0191,PROD-048,GEO-015,Standard Class,4,1484.14,0.25,4452.42,1337.06,30.03,7
ORD-02614,20211106,CUST-0143,PROD-047,GEO-016,Second Class,3,3491.77,0.2,8380.25,1769.91,21.12,3
ORD-02406,20211106,CUST-0150,PROD-025,GEO-002,Second Class,1,339.31,0.25,254.48,57.94,22.77,3
ORD-01560,20211107,CUST-0224,PROD-042,GEO-016,First Class,1,1815.26,0.05,1724.5,690.49,40.04,2
ORD-04123,20211107,CUST-0262,PROD-011,GEO-003,Second Class,2,1799.33,0.0,3598.66,1324.3,36.8,3
ORD-01321,20211107,CUST-0019,PROD-042,GEO-013,Standard Class,1,1757.25,0.15,1493.66,457.96,30.66,5
ORD-01020,20211107,CUST-0047,PROD-042,GEO-002,Standard Class,1,1866.07,0.05,1772.77,593.67,33.49,6
ORD-00363,20211108,CUST-0114,PROD-041,GEO-014,Standard Class,1,25385.73,0.25,19039.3,2308.99,12.13,5
ORD-04122,20211108,CUST-0037,PROD-018,GEO-009,First Class,2,720.91,0.05,1369.73,523.51,38.22,4
ORD-01075,20211108,CUST-0101,PROD-035,GEO-014,First Class,2,18824.35,0.05,35766.26,6151.44,17.2,4
ORD-01414,20211109,CUST-0001,PROD-008,GEO-001,Standard Class,2,2288.2,0.0,4576.4,2020.94,44.16,7
ORD-00504,20211109,CUST-0128,PROD-010,GEO-010,Second Class,1,3449.96,0.0,3449.96,1724.98,50.0,5
ORD-00876,20211109,CUST-0129,PROD-041,GEO-015,First Class,5,25328.44,0.15,107645.87,17327.22,16.1,2
ORD-01668,20211109,CUST-0030,PROD-026,GEO-015,First Class,1,687.09,0.1,618.38,276.86,44.77,3
ORD-00078,20211109,CUST-0053,PROD-023,GEO-014,Standard Class,1,3681.08,0.2,2944.86,712.42,24.19,6
ORD-02943,20211109,CUST-0222,PROD-017,GEO-009,Standard Class,5,57020.4,0.05,270846.9,54223.55,20.02,7
ORD-04735,20211109,CUST-0266,PROD-010,GEO-011,Same Day,1,3421.33,0.15,2908.13,1114.54,38.32,0
ORD-00250,20211111,CUST-0195,PROD-025,GEO-008,Standard Class,2,354.66,0.0,709.32,319.19,45.0,7
ORD-00648,20211111,CUST-0012,PROD-035,GEO-010,Standard Class,1,17212.62,0.15,14630.73,1922.48,13.14,7
ORD-02600,20211111,CUST-0198,PROD-032,GEO-001,Standard Class,2,4316.78,0.05,8201.88,2403.32,29.3,6
ORD-04612,20211111,CUST-0259,PROD-034,GEO-007,First Class,1,10496.81,0.2,8397.45,806.16,9.6,2
ORD-02883,20211111,CUST-0011,PROD-034,GEO-003,Standard Class,2,10033.6,0.05,19063.84,2394.03,12.56,6
ORD-01626,20211111,CUST-0177,PROD-022,GEO-016,Standard Class,5,21186.71,0.05,100636.87,19140.12,19.02,6
ORD-01223,20211112,CUST-0202,PROD-010,GEO-003,Standard Class,3,3394.7,0.05,9674.89,4049.9,41.86,5
ORD-03447,20211112,CUST-0072,PROD-039,GEO-006,Second Class,1,834.46,0.25,625.84,206.53,33.0,5
ORD-04282,20211112,CUST-0055,PROD-006,GEO-015,Second Class,1,2280.3,0.05,2166.28,827.96,38.22,5
ORD-00710,20211112,CUST-0077,PROD-014,GEO-004,Second Class,2,430.58,0.15,731.99,285.13,38.95,5
ORD-03099,20211112,CUST-0259,PROD-012,GEO-007,Second Class,1,1738.29,0.2,1390.63,445.0,32.0,5
ORD-04962,20211112,CUST-0055,PROD-017,GEO-015,Same Day,2,52303.32,0.25,78454.98,9967.7,12.7,2
ORD-01923,20211112,CUST-0238,PROD-005,GEO-011,Standard Class,1,3184.48,0.1,2866.03,937.7,32.72,6
ORD-00382,20211113,CUST-0269,PROD-034,GEO-003,First Class,3,10410.77,0.0,31232.31,4310.06,13.8,2
ORD-00343,20211114,CUST-0210,PROD-036,GEO-018,Standard Class,4,8025.94,0.0,32103.76,8828.53,27.5,6
ORD-04547,20211114,CUST-0212,PROD-019,GEO-002,Standard Class,1,4308.83,0.05,4093.39,1199.44,29.3,6
ORD-01547,20211114,CUST-0058,PROD-038,GEO-008,Standard Class,1,1235.33,0.0,1235.33,716.49,58.0,7
ORD-01356,20211114,CUST-0034,PROD-001,GEO-003,Standard Class,2,5631.06,0.1,10135.91,2905.68,28.67,6
ORD-04532,20211114,CUST-0014,PROD-047,GEO-011,Standard Class,1,3431.39,0.0,3431.39,1080.89,31.5,6
ORD-01834,20211114,CUST-0134,PROD-002,GEO-002,Same Day,4,1479.02,0.1,5324.47,1687.05,31.68,0
ORD-02193,20211114,CUST-0263,PROD-046,GEO-009,Standard Class,2,4602.03,0.05,8743.86,3580.61,40.95,6
ORD-00975,20211115,CUST-0109,PROD-028,GEO-009,Standard Class,1,2088.62,0.0,2088.62,835.45,40.0,5
ORD-03354,20211115,CUST-0041,PROD-010,GEO-011,Standard Class,4,3622.54,0.15,12316.64,4720.35,38.32,5
ORD-04742,20211115,CUST-0292,PROD-021,GEO-006,Standard Class,1,3064.74,0.05,2911.5,927.31,31.85,7
ORD-00751,20211115,CUST-0097,PROD-023,GEO-004,First Class,3,3906.22,0.1,10546.79,2864.34,27.16,4
ORD-03464,20211115,CUST-0115,PROD-049,GEO-005,Standard Class,2,1921.77,0.3,2690.48,535.15,19.89,6
ORD-00308,20211115,CUST-0275,PROD-047,GEO-003,Second Class,1,3403.62,0.25,2552.72,387.5,15.18,3
ORD-02850,20211116,CUST-0109,PROD-004,GEO-009,Standard Class,2,2538.54,0.1,4569.37,1985.85,43.46,6
ORD-03206,20211116,CUST-0173,PROD-047,GEO-005,Standard Class,1,3653.11,0.15,3105.14,625.63,20.15,5
ORD-00091,20211116,CUST-0257,PROD-011,GEO-009,Standard Class,2,1735.07,0.05,3296.63,1199.97,36.4,5
ORD-02715,20211116,CUST-0008,PROD-008,GEO-016,Second Class,2,2178.47,0.25,3267.7,948.94,29.04,4
ORD-03341,20211116,CUST-0218,PROD-045,GEO-002,First Class,4,9874.2,0.05,37521.96,8795.75,23.44,3
ORD-00586,20211116,CUST-0126,PROD-036,GEO-001,First Class,1,7777.89,0.0,7777.89,1788.91,23.0,2
ORD-03525,20211116,CUST-0078,PROD-032,GEO-001,Standard Class,2,4440.46,0.15,7548.78,1774.41,23.51,7
ORD-00253,20211117,CUST-0215,PROD-034,GEO-012,Standard Class,3,10322.61,0.0,30967.83,4877.43,15.75,6
ORD-01499,20211117,CUST-0137,PROD-047,GEO-005,Standard Class,1,3579.5,0.15,3042.58,613.02,20.15,7
ORD-01861,20211117,CUST-0252,PROD-026,GEO-015,Standard Class,1,690.45,0.0,690.45,376.98,54.6,7
ORD-03582,20211117,CUST-0266,PROD-028,GEO-011,Standard Class,2,2160.09,0.1,3888.16,1339.09,34.44,7
ORD-04176,20211118,CUST-0122,PROD-019,GEO-002,Second Class,2,4413.24,0.05,8385.16,2457.02,29.3,3
ORD-03631,20211118,CUST-0116,PROD-015,GEO-009,Standard Class,2,1555.67,0.0,3111.34,1400.1,45.0,7
ORD-01262,20211118,CUST-0116,PROD-036,GEO-009,Standard Class,2,7846.68,0.3,10985.35,1263.32,11.5,6
ORD-02282,20211118,CUST-0104,PROD-006,GEO-012,Second Class,5,2221.78,0.05,10553.46,4033.53,38.22,4
ORD-00942,20211119,CUST-0300,PROD-040,GEO-003,Standard Class,3,119.16,0.0,357.48,197.33,55.2,7
ORD-03923,20211119,CUST-0232,PROD-036,GEO-007,Standard Class,2,7668.52,0.05,14570.19,3314.72,22.75,5
ORD-03992,20211119,CUST-0120,PROD-019,GEO-002,Second Class,4,4503.52,0.1,16212.67,4280.8,26.4,3
ORD-02777,20211119,CUST-0263,PROD-010,GEO-009,Standard Class,3,3521.66,0.05,10036.73,4566.71,45.5,5
ORD-03805,20211119,CUST-0008,PROD-032,GEO-016,Standard Class,1,4375.96,0.0,4375.96,1684.75,38.5,6
ORD-02674,20211119,CUST-0039,PROD-012,GEO-006,First Class,1,1865.08,0.25,1398.81,384.67,27.5,4
ORD-00365,20211119,CUST-0152,PROD-010,GEO-018,First Class,5,3669.44,0.05,17429.84,8723.64,50.05,2
ORD-02305,20211119,CUST-0276,PROD-028,GEO-006,First Class,1,2166.76,0.2,1733.41,443.75,25.6,4
ORD-04392,20211120,CUST-0195,PROD-027,GEO-008,Standard Class,1,389.98,0.0,389.98,187.19,48.0,6
ORD-02744,20211120,CUST-0014,PROD-029,GEO-011,Standard Class,1,2701.79,0.3,1891.25,274.04,14.49,6
ORD-02250,20211121,CUST-0140,PROD-010,GEO-005,Standard Class,4,3658.61,0.1,13171.0,4968.1,37.72,6
ORD-00892,20211121,CUST-0021,PROD-042,GEO-014,First Class,3,1887.99,0.05,5380.77,2056.53,38.22,3
ORD-01876,20211121,CUST-0166,PROD-009,GEO-020,Standard Class,1,2457.23,0.1,2211.51,758.02,34.28,5
ORD-03649,20211121,CUST-0233,PROD-002,GEO-020,Second Class,1,1475.23,0.1,1327.71,502.99,37.88,3
ORD-02042,20211122,CUST-0046,PROD-037,GEO-014,Standard Class,2,3127.52,0.15,5316.78,1711.63,32.19,6
ORD-01172,20211122,CUST-0283,PROD-045,GEO-013,Standard Class,2,9819.27,0.0,19638.54,5773.73,29.4,7
ORD-01366,20211122,CUST-0257,PROD-047,GEO-009,Standard Class,1,3655.79,0.05,3473.0,948.13,27.3,5
ORD-00204,20211122,CUST-0298,PROD-049,GEO-018,Second Class,2,1912.07,0.0,3824.14,1977.08,51.7,3
ORD-02688,20211122,CUST-0005,PROD-032,GEO-006,Standard Class,3,4667.03,0.0,14001.09,4900.38,35.0,5
ORD-01205,20211123,CUST-0293,PROD-020,GEO-011,Second Class,2,1149.78,0.05,2184.58,1148.05,52.55,3
ORD-03578,20211124,CUST-0266,PROD-022,GEO-011,Standard Class,3,22910.63,0.0,68731.89,13712.01,19.95,5
ORD-02577,20211124,CUST-0203,PROD-034,GEO-018,Standard Class,1,10004.18,0.0,10004.18,1650.69,16.5,6
ORD-00601,20211124,CUST-0056,PROD-031,GEO-008,Standard Class,2,923.41,0.05,1754.48,830.22,47.32,5
ORD-04276,20211124,CUST-0270,PROD-042,GEO-011,First Class,1,1720.96,0.2,1376.77,370.07,26.88,4
ORD-02698,20211124,CUST-0280,PROD-028,GEO-009,Standard Class,1,2140.62,0.15,1819.53,531.3,29.2,6
ORD-03846,20211124,CUST-0289,PROD-003,GEO-010,Second Class,1,1809.34,0.25,1357.0,410.49,30.25,5
ORD-03502,20211125,CUST-0166,PROD-036,GEO-020,Standard Class,2,7813.8,0.0,15627.6,4297.59,27.5,5
ORD-03893,20211125,CUST-0037,PROD-011,GEO-009,Second Class,4,1768.81,0.0,7075.24,2830.1,40.0,5
ORD-00925,20211125,CUST-0243,PROD-023,GEO-011,Same Day,2,3628.85,0.25,5443.28,1131.66,20.79,2
ORD-01746,20211125,CUST-0288,PROD-001,GEO-017,Standard Class,1,5459.06,0.4,3275.44,383.36,11.7,7
ORD-03175,20211126,CUST-0102,PROD-003,GEO-014,Standard Class,3,1889.52,0.3,3967.99,1054.1,26.57,7
ORD-01959,20211126,CUST-0186,PROD-041,GEO-018,Standard Class,1,25819.78,0.2,20655.82,3053.75,14.78,7
ORD-04491,20211126,CUST-0089,PROD-050,GEO-001,Second Class,3,1887.62,0.2,4530.29,1200.34,26.5,3
ORD-04977,20211126,CUST-0207,PROD-039,GEO-007,First Class,3,790.92,0.1,2135.48,1050.66,49.2,3
ORD-02644,20211126,CUST-0217,PROD-048,GEO-002,Standard Class,4,1465.48,0.0,5861.92,2804.34,47.84,6
ORD-04570,20211126,CUST-0200,PROD-047,GEO-017,Standard Class,1,3537.72,0.35,2299.52,280.78,12.21,6
ORD-00652,20211127,CUST-0070,PROD-036,GEO-009,Second Class,1,7967.67,0.0,7967.67,1991.92,25.0,5
ORD-04309,20211127,CUST-0134,PROD-013,GEO-002,Standard Class,1,184.95,0.0,184.95,93.58,50.6,7
ORD-00187,20211127,CUST-0154,PROD-035,GEO-019,First Class,1,18273.0,0.0,18273.0,3618.05,19.8,4
ORD-04505,20211127,CUST-0232,PROD-044,GEO-007,Standard Class,2,820.3,0.15,1394.51,631.16,45.26,7
ORD-00053,20211127,CUST-0080,PROD-017,GEO-008,Second Class,1,54178.23,0.0,54178.23,11919.21,22.0,5
ORD-02233,20211128,CUST-0123,PROD-019,GEO-013,Standard Class,2,4577.44,0.05,8697.14,2908.54,33.44,6
ORD-00275,20211128,CUST-0282,PROD-011,GEO-002,Standard Class,3,1852.21,0.2,4445.3,1046.96,23.55,6
ORD-02993,20211128,CUST-0035,PROD-030,GEO-015,Second Class,2,587.93,0.05,1117.07,405.59,36.31,4
ORD-02689,20211128,CUST-0193,PROD-036,GEO-014,Standard Class,2,7675.95,0.15,13049.12,2500.53,19.16,7
ORD-03503,20211128,CUST-0088,PROD-035,GEO-005,First Class,1,18192.5,0.0,18192.5,3012.68,16.56,4
ORD-00518,20211128,CUST-0064,PROD-012,GEO-007,Same Day,1,1860.45,0.2,1488.36,476.28,32.0,1
ORD-02750,20211129,CUST-0265,PROD-034,GEO-018,Standard Class,1,9519.3,0.25,7139.48,647.91,9.08,6
ORD-01789,20211130,CUST-0104,PROD-028,GEO-012,Standard Class,2,2098.43,0.15,3567.33,1093.74,30.66,6
ORD-03988,20211130,CUST-0230,PROD-041,GEO-004,Standard Class,3,24488.02,0.2,58771.25,7266.95,12.36,5
ORD-00520,20211130,CUST-0155,PROD-048,GEO-016,First Class,1,1430.64,0.05,1359.11,707.44,52.05,3
ORD-04295,20211130,CUST-0173,PROD-002,GEO-005,Standard Class,2,1426.82,0.05,2710.96,953.24,35.16,7
ORD-03430,20211130,CUST-0170,PROD-022,GEO-003,Standard Class,2,21830.98,0.05,41478.86,6597.95,15.91,5
ORD-01403,20211130,CUST-0281,PROD-037,GEO-001,Same Day,1,3061.25,0.05,2908.19,1022.59,35.16,1
ORD-00897,20211130,CUST-0259,PROD-019,GEO-007,Standard Class,2,4462.83,0.0,8925.66,3123.98,35.0,6
ORD-00635,20211201,CUST-0120,PROD-025,GEO-002,Standard Class,2,361.84,0.15,615.13,185.9,30.22,5
ORD-00459,20211201,CUST-0283,PROD-013,GEO-013,First Class,2,173.57,0.1,312.43,147.96,47.36,3
ORD-01817,20211202,CUST-0052,PROD-039,GEO-009,Standard Class,2,802.79,0.05,1525.3,832.81,54.6,7
ORD-04179,20211202,CUST-0009,PROD-049,GEO-014,Standard Class,1,2061.74,0.1,1855.57,750.9,40.47,5
ORD-02508,20211202,CUST-0017,PROD-006,GEO-001,Second Class,1,2149.56,0.0,2149.56,791.03,36.8,5
ORD-04373,20211202,CUST-0176,PROD-019,GEO-019,Standard Class,1,4365.86,0.1,3929.27,1240.47,31.57,7
ORD-03639,20211202,CUST-0247,PROD-036,GEO-016,First Class,2,8013.48,0.15,13622.92,2734.8,20.07,2
ORD-03812,20211203,CUST-0286,PROD-044,GEO-007,First Class,4,814.99,0.05,3096.96,1747.3,56.42,2
ORD-01937,20211203,CUST-0011,PROD-023,GEO-003,Standard Class,1,3940.75,0.25,2955.56,538.38,18.22,6
ORD-00933,20211203,CUST-0073,PROD-034,GEO-006,Standard Class,1,9982.6,0.15,8485.21,929.13,10.95,5
ORD-02666,20211203,CUST-0149,PROD-012,GEO-020,Standard Class,1,1889.69,0.25,1417.27,428.72,30.25,5
ORD-00674,20211203,CUST-0193,PROD-030,GEO-014,Standard Class,1,577.04,0.0,577.04,230.24,39.9,7
ORD-02064,20211204,CUST-0024,PROD-029,GEO-001,Standard Class,3,2708.38,0.0,8125.14,2242.54,27.6,7
ORD-04361,20211204,CUST-0213,PROD-025,GEO-014,Standard Class,1,335.38,0.15,285.07,98.33,34.49,6
ORD-01488,20211204,CUST-0132,PROD-032,GEO-017,Second Class,1,4310.41,0.15,3663.85,1029.72,28.1,3
ORD-04721,20211204,CUST-0008,PROD-009,GEO-016,Second Class,1,2452.75,0.0,2452.75,1025.24,41.8,5
ORD-04959,20211204,CUST-0251,PROD-029,GEO-020,Standard Class,1,2787.76,0.0,2787.76,919.96,33.0,6
ORD-00241,20211205,CUST-0164,PROD-049,GEO-007,Standard Class,1,1976.04,0.05,1877.24,802.9,42.77,6
ORD-00396,20211205,CUST-0154,PROD-023,GEO-019,Second Class,2,3636.95,0.1,6546.51,2125.78,32.47,5
ORD-00286,20211205,CUST-0170,PROD-012,GEO-003,Standard Class,5,1820.74,0.2,7282.96,2144.11,29.44,7
ORD-01627,20211205,CUST-0277,PROD-045,GEO-016,Standard Class,1,9938.42,0.25,7453.82,1262.68,16.94,7
ORD-01942,20211205,CUST-0242,PROD-034,GEO-019,First Class,2,10259.49,0.2,16415.18,1733.45,10.56,4
ORD-00736,20211206,CUST-0026,PROD-046,GEO-013,First Class,2,4466.75,0.0,8933.5,4221.08,47.25,4
ORD-02005,20211206,CUST-0214,PROD-019,GEO-015,Standard Class,4,4364.88,0.0,17459.52,6416.37,36.75,5
ORD-03972,20211206,CUST-0146,PROD-008,GEO-020,Standard Class,2,2156.15,0.0,4312.3,2276.89,52.8,7
ORD-01679,20211206,CUST-0175,PROD-023,GEO-001,Standard Class,1,3807.2,0.0,3807.2,1260.94,33.12,5
ORD-01864,20211207,CUST-0134,PROD-038,GEO-002,First Class,4,1162.85,0.15,3953.69,1540.07,38.95,4
ORD-03858,20211207,CUST-0078,PROD-030,GEO-001,Second Class,4,594.71,0.1,2140.96,613.75,28.67,4
ORD-03225,20211208,CUST-0070,PROD-022,GEO-009,Second Class,1,22047.07,0.15,18740.01,2599.24,13.87,5
ORD-04782,20211208,CUST-0208,PROD-016,GEO-007,Second Class,2,42188.39,0.0,84376.78,16875.36,20.0,4
ORD-00563,20211208,CUST-0006,PROD-047,GEO-019,Second Class,2,3394.74,0.0,6789.48,2240.52,33.0,4
ORD-02296,20211208,CUST-0160,PROD-034,GEO-012,Standard Class,2,10178.06,0.2,16284.9,1641.52,10.08,7
ORD-00850,20211208,CUST-0024,PROD-035,GEO-001,First Class,2,18537.58,0.15,31513.89,3809.66,12.09,3
ORD-00199,20211209,CUST-0156,PROD-047,GEO-004,Standard Class,2,3605.21,0.15,6128.86,1234.84,20.15,5
ORD-04797,20211209,CUST-0248,PROD-023,GEO-020,Standard Class,2,3762.88,0.0,7525.76,2980.2,39.6,5
ORD-01606,20211209,CUST-0056,PROD-016,GEO-008,First Class,4,41851.25,0.25,125553.75,13810.91,11.0,3
ORD-02650,20211209,CUST-0195,PROD-043,GEO-008,Second Class,2,6241.02,0.2,9985.63,1917.24,19.2,3
ORD-03244,20211209,CUST-0074,PROD-020,GEO-015,Standard Class,4,1153.39,0.15,3921.53,1653.21,42.16,6
ORD-02475,20211210,CUST-0048,PROD-017,GEO-007,Standard Class,2,54103.1,0.0,108206.2,23805.36,22.0,7
ORD-04302,20211210,CUST-0021,PROD-047,GEO-014,Standard Class,1,3401.99,0.0,3401.99,1071.63,31.5,6
ORD-04849,20211210,CUST-0273,PROD-033,GEO-007,Standard Class,1,440.7,0.15,374.6,125.79,33.58,6
ORD-02786,20211211,CUST-0160,PROD-012,GEO-012,Standard Class,1,1727.58,0.0,1727.58,906.98,52.5,5
ORD-00983,20211212,CUST-0029,PROD-035,GEO-008,Same Day,1,17808.76,0.15,15137.45,1989.06,13.14,1
ORD-03420,20211212,CUST-0128,PROD-012,GEO-010,Same Day,2,1886.48,0.0,3772.96,1886.48,50.0,2
ORD-03169,20211212,CUST-0294,PROD-034,GEO-002,Standard Class,4,9978.7,0.3,27940.36,1773.65,6.35,7
ORD-01192,20211212,CUST-0054,PROD-044,GEO-013,Standard Class,2,825.81,0.2,1321.3,550.5,41.66,5
ORD-00420,20211213,CUST-0033,PROD-041,GEO-006,Standard Class,1,25342.26,0.15,21540.92,3302.22,15.33,6
ORD-04899,20211213,CUST-0296,PROD-042,GEO-008,Standard Class,2,1837.55,0.05,3491.34,1270.85,36.4,7
ORD-02791,20211213,CUST-0231,PROD-029,GEO-006,Standard Class,1,2888.8,0.2,2311.04,443.72,19.2,5
ORD-04483,20211213,CUST-0278,PROD-020,GEO-001,Standard Class,4,1146.57,0.25,3439.71,957.27,27.83,7
ORD-01099,20211213,CUST-0108,PROD-021,GEO-018,Standard Class,5,3200.92,0.25,12003.45,2541.73,21.17,6
ORD-03751,20211213,CUST-0266,PROD-022,GEO-011,Standard Class,5,21964.03,0.3,76874.1,7054.74,9.18,5
ORD-02166,20211213,CUST-0034,PROD-033,GEO-003,Second Class,1,465.81,0.05,442.52,170.42,38.51,5
ORD-00783,20211213,CUST-0157,PROD-001,GEO-016,Standard Class,2,5575.78,0.0,11151.56,4661.35,41.8,5
ORD-01465,20211214,CUST-0027,PROD-003,GEO-018,First Class,1,1802.42,0.15,1532.06,676.63,44.16,3
ORD-02301,20211214,CUST-0194,PROD-012,GEO-006,Standard Class,1,1889.07,0.4,1133.44,158.68,14.0,6
ORD-04194,20211215,CUST-0194,PROD-034,GEO-006,Second Class,2,10037.49,0.35,13048.74,724.21,5.55,4
ORD-04713,20211215,CUST-0026,PROD-043,GEO-013,Standard Class,2,6689.24,0.0,13378.48,4214.22,31.5,7
ORD-00488,20211215,CUST-0148,PROD-014,GEO-015,Second Class,2,430.9,0.3,603.26,169.0,28.01,4
ORD-03242,20211215,CUST-0108,PROD-023,GEO-018,Standard Class,1,3654.26,0.0,3654.26,1447.08,39.6,5
ORD-02249,20211215,CUST-0201,PROD-017,GEO-007,First Class,3,54728.43,0.1,147766.76,26657.12,18.04,2
ORD-00774,20211215,CUST-0108,PROD-035,GEO-018,Standard Class,1,17273.96,0.05,16410.26,2956.8,18.02,7
ORD-03652,20211215,CUST-0300,PROD-022,GEO-003,Same Day,2,22955.53,0.15,39024.4,4979.67,12.76,2
ORD-03684,20211215,CUST-0082,PROD-020,GEO-001,Second Class,1,1250.61,0.0,1250.61,632.81,50.6,4
ORD-03740,20211215,CUST-0049,PROD-019,GEO-003,Standard Class,1,4636.29,0.05,4404.48,1290.6,29.3,5
ORD-00369,20211215,CUST-0236,PROD-010,GEO-012,First Class,2,3489.91,0.05,6630.83,3167.88,47.78,4
ORD-03873,20211216,CUST-0214,PROD-041,GEO-015,Same Day,1,25252.74,0.05,23990.1,4813.74,20.07,1
ORD-01235,20211216,CUST-0157,PROD-040,GEO-016,Second Class,2,122.57,0.3,171.6,52.1,30.36,4
ORD-00789,20211216,CUST-0259,PROD-010,GEO-007,Second Class,3,3469.3,0.05,9887.51,4498.82,45.5,3
ORD-03589,20211217,CUST-0269,PROD-048,GEO-003,Second Class,1,1468.58,0.0,1468.58,702.57,47.84,3
ORD-00418,20211217,CUST-0195,PROD-039,GEO-008,Second Class,2,815.07,0.15,1385.62,606.9,43.8,3
ORD-02602,20211217,CUST-0252,PROD-046,GEO-015,Second Class,4,4505.73,0.3,12616.04,2742.1,21.74,3
ORD-02821,20211218,CUST-0116,PROD-046,GEO-009,Standard Class,1,4513.3,0.2,3610.64,1039.86,28.8,5
ORD-03864,20211218,CUST-0245,PROD-015,GEO-004,Standard Class,1,1544.76,0.2,1235.81,327.44,26.5,5
ORD-04720,20211218,CUST-0263,PROD-021,GEO-009,Standard Class,2,3356.18,0.1,6041.12,1733.8,28.7,5
ORD-02087,20211218,CUST-0253,PROD-006,GEO-003,Standard Class,3,2170.12,0.1,5859.32,1768.11,30.18,7
ORD-00987,20211219,CUST-0247,PROD-037,GEO-016,Second Class,2,3201.48,0.05,6082.81,2557.34,42.04,3
ORD-04564,20211219,CUST-0152,PROD-049,GEO-018,Standard Class,2,2028.77,0.15,3448.91,1301.65,37.74,7
ORD-02863,20211219,CUST-0106,PROD-027,GEO-015,Standard Class,2,381.37,0.15,648.33,238.53,36.79,5
ORD-03216,20211219,CUST-0254,PROD-019,GEO-017,Standard Class,1,4702.02,0.1,4231.82,1335.98,31.57,7
ORD-01106,20211219,CUST-0270,PROD-001,GEO-011,Standard Class,1,5519.14,0.05,5243.18,1903.74,36.31,5
ORD-00686,20211219,CUST-0106,PROD-041,GEO-015,First Class,1,25238.03,0.0,25238.03,5564.99,22.05,4
ORD-02210,20211220,CUST-0048,PROD-029,GEO-007,Same Day,1,2901.55,0.0,2901.55,870.46,30.0,0
ORD-01703,20211221,CUST-0145,PROD-020,GEO-018,Standard Class,3,1218.55,0.05,3472.87,1911.99,55.06,7
ORD-04991,20211221,CUST-0163,PROD-032,GEO-004,Second Class,1,4391.14,0.15,3732.47,877.36,23.51,3
ORD-00070,20211221,CUST-0167,PROD-038,GEO-011,First Class,2,1199.81,0.2,1919.7,748.22,38.98,4
ORD-02784,20211222,CUST-0129,PROD-041,GEO-015,Standard Class,1,24971.3,0.0,24971.3,5506.17,22.05,5
ORD-00184,20211222,CUST-0232,PROD-022,GEO-007,Standard Class,2,21501.17,0.15,36551.99,5069.76,13.87,7
ORD-03770,20211223,CUST-0278,PROD-047,GEO-001,Standard Class,4,3648.01,0.0,14592.04,4027.4,27.6,7
ORD-00859,20211224,CUST-0297,PROD-035,GEO-015,Standard Class,2,17869.44,0.05,33951.94,5839.4,17.2,7
ORD-00609,20211224,CUST-0134,PROD-003,GEO-002,First Class,2,1795.31,0.0,3590.62,1816.85,50.6,2
ORD-02749,20211224,CUST-0200,PROD-047,GEO-017,Standard Class,2,3391.39,0.0,6782.78,2238.31,33.0,6
ORD-04091,20211224,CUST-0252,PROD-045,GEO-015,First Class,1,9505.54,0.15,8079.71,1734.06,21.46,3
ORD-00887,20211224,CUST-0096,PROD-019,GEO-015,Standard Class,2,4468.74,0.25,6703.11,1354.87,20.21,7
ORD-00968,20211224,CUST-0292,PROD-003,GEO-006,Standard Class,1,1877.86,0.15,1596.18,640.87,40.15,6
ORD-03266,20211224,CUST-0252,PROD-004,GEO-015,Standard Class,2,2442.9,0.1,4397.22,2006.58,45.63,6
ORD-04027,20211225,CUST-0244,PROD-048,GEO-005,First Class,1,1516.39,0.2,1213.11,371.42,30.62,2
ORD-01621,20211226,CUST-0094,PROD-031,GEO-008,Standard Class,2,945.68,0.1,1702.22,725.83,42.64,7
ORD-01025,20211226,CUST-0030,PROD-012,GEO-015,Standard Class,5,1790.05,0.05,8502.74,4062.19,47.78,7
ORD-03365,20211226,CUST-0128,PROD-004,GEO-010,Standard Class,1,2496.09,0.2,1996.87,677.34,33.92,5
ORD-01593,20211226,CUST-0188,PROD-019,GEO-016,Standard Class,3,4642.6,0.0,13927.8,5362.2,38.5,7
ORD-01801,20211226,CUST-0055,PROD-039,GEO-015,Standard Class,3,819.84,0.1,2213.57,1143.53,51.66,5
ORD-02089,20211227,CUST-0290,PROD-040,GEO-005,Standard Class,1,119.42,0.1,107.48,48.65,45.26,5
ORD-02459,20211227,CUST-0064,PROD-045,GEO-007,First Class,1,9096.56,0.05,8641.73,2201.91,25.48,4
ORD-01552,20211227,CUST-0276,PROD-020,GEO-006,Standard Class,1,1206.22,0.1,1085.6,489.61,45.1,5
ORD-00948,20211227,CUST-0056,PROD-015,GEO-008,Standard Class,5,1563.39,0.15,6644.41,2182.69,32.85,7
ORD-01348,20211227,CUST-0015,PROD-047,GEO-014,First Class,1,3557.27,0.1,3201.54,826.96,25.83,2
ORD-04626,20211227,CUST-0052,PROD-041,GEO-009,First Class,2,24251.86,0.0,48503.72,10185.78,21.0,2
ORD-00063,20211227,CUST-0221,PROD-033,GEO-003,Standard Class,2,466.81,0.0,933.62,395.11,42.32,5
ORD-00638,20211228,CUST-0089,PROD-049,GEO-001,Second Class,1,1984.67,0.0,1984.67,858.17,43.24,3
ORD-01548,20211228,CUST-0255,PROD-017,GEO-011,Standard Class,3,57601.75,0.05,164164.99,34509.12,21.02,5
ORD-04370,20211228,CUST-0181,PROD-034,GEO-011,Standard Class,2,9955.4,0.2,15928.64,1605.61,10.08,6
ORD-02335,20211228,CUST-0088,PROD-008,GEO-005,Standard Class,1,2124.79,0.1,1912.31,692.47,36.21,6
ORD-02580,20211228,CUST-0095,PROD-014,GEO-013,First Class,2,435.87,0.05,828.15,458.96,55.42,2
ORD-03781,20211229,CUST-0170,PROD-046,GEO-003,Standard Class,3,4468.02,0.0,13404.06,5549.28,41.4,6
ORD-04356,20211229,CUST-0169,PROD-046,GEO-016,Standard Class,1,4427.05,0.2,3541.64,1121.99,31.68,7
ORD-04687,20211229,CUST-0209,PROD-004,GEO-007,First Class,1,2564.74,0.2,2051.79,695.97,33.92,4
ORD-00994,20211230,CUST-0050,PROD-042,GEO-013,Standard Class,1,1764.88,0.2,1411.9,379.52,26.88,6
ORD-04823,20211230,CUST-0148,PROD-035,GEO-015,Second Class,3,18529.07,0.1,50028.49,7753.42,15.5,5
ORD-00647,20211230,CUST-0175,PROD-007,GEO-001,Standard Class,1,632.61,0.0,632.61,232.8,36.8,6
ORD-00657,20211230,CUST-0066,PROD-007,GEO-007,Standard Class,1,643.94,0.2,515.15,131.88,25.6,7
ORD-04809,20211230,CUST-0182,PROD-036,GEO-020,Second Class,3,8136.14,0.05,23188.0,5802.8,25.03,4
ORD-04521,20211231,CUST-0070,PROD-003,GEO-009,Standard Class,4,1752.47,0.3,4906.92,1241.45,25.3,5
ORD-03289,20211231,CUST-0147,PROD-031,GEO-002,Standard Class,3,923.23,0.25,2077.27,546.57,26.31,6
ORD-04784,20211231,CUST-0248,PROD-003,GEO-020,Standard Class,1,1877.57,0.2,1502.06,581.6,38.72,6
ORD-01561,20211231,CUST-0233,PROD-002,GEO-020,First Class,1,1545.18,0.0,1545.18,713.88,46.2,3
ORD-01492,20211231,CUST-0202,PROD-022,GEO-003,Second Class,4,21332.17,0.25,63996.51,6152.63,9.61,5
ORD-01605,20220101,CUST-0201,PROD-021,GEO-007,Standard Class,1,3060.8,0.05,2907.76,926.12,31.85,6
ORD-03495,20220101,CUST-0084,PROD-033,GEO-018,Second Class,1,471.24,0.0,471.24,238.45,50.6,3
ORD-01301,20220102,CUST-0013,PROD-042,GEO-005,Standard Class,1,1787.99,0.05,1698.59,568.83,33.49,6
ORD-02168,20220102,CUST-0238,PROD-010,GEO-011,Standard Class,4,3670.09,0.15,12478.31,4782.31,38.32,6
ORD-00575,20220102,CUST-0077,PROD-019,GEO-004,Second Class,1,4306.72,0.0,4306.72,1386.76,32.2,3
ORD-00960,20220102,CUST-0082,PROD-040,GEO-001,Standard Class,1,114.48,0.05,108.76,54.63,50.23,7
ORD-01387,20220102,CUST-0201,PROD-049,GEO-007,Standard Class,1,1967.71,0.1,1770.94,682.52,38.54,7
ORD-01661,20220103,CUST-0214,PROD-023,GEO-015,Standard Class,3,3781.59,0.0,11344.77,4288.33,37.8,6
ORD-00579,20220103,CUST-0027,PROD-029,GEO-018,Standard Class,4,2759.24,0.05,10485.11,3148.68,30.03,5
ORD-01907,20220103,CUST-0237,PROD-005,GEO-006,Standard Class,1,3078.03,0.4,1846.82,196.5,10.64,5
ORD-00381,20220103,CUST-0221,PROD-016,GEO-003,Same Day,1,43007.6,0.0,43007.6,7913.4,18.4,0
ORD-02230,20220104,CUST-0128,PROD-005,GEO-010,First Class,1,3315.77,0.0,3315.77,1259.99,38.0,4
ORD-03100,20220104,CUST-0102,PROD-020,GEO-014,Standard Class,4,1154.67,0.0,4618.68,2667.28,57.75,6
ORD-02794,20220104,CUST-0059,PROD-005,GEO-003,Standard Class,1,3137.42,0.25,2353.06,452.45,19.23,6
ORD-01338,20220104,CUST-0253,PROD-046,GEO-003,Standard Class,1,4288.98,0.0,4288.98,1775.64,41.4,7
ORD-00108,20220105,CUST-0159,PROD-002,GEO-011,Standard Class,1,1519.84,0.1,1367.86,494.64,36.16,5
ORD-02581,20220106,CUST-0252,PROD-039,GEO-015,Standard Class,2,800.37,0.2,1280.59,516.34,40.32,7
ORD-01841,20220106,CUST-0215,PROD-028,GEO-012,Standard Class,2,2074.37,0.25,3111.56,718.77,23.1,6
ORD-02765,20220106,CUST-0135,PROD-048,GEO-018,Second Class,2,1526.06,0.05,2899.51,1509.26,52.05,3
ORD-00771,20220106,CUST-0162,PROD-022,GEO-006,Standard Class,2,21459.86,0.05,40773.73,7049.78,17.29,5
ORD-03019,20220106,CUST-0225,PROD-007,GEO-020,Standard Class,1,677.32,0.2,541.86,152.59,28.16,6
ORD-04333,20220106,CUST-0104,PROD-020,GEO-012,Standard Class,1,1236.82,0.1,1113.14,527.13,47.36,6
ORD-01776,20220106,CUST-0281,PROD-019,GEO-001,Standard Class,3,4277.6,0.1,11549.52,3049.53,26.4,5
ORD-01872,20220106,CUST-0293,PROD-009,GEO-011,Standard Class,1,2579.31,0.15,2192.41,638.58,29.13,6
ORD-00045,20220106,CUST-0015,PROD-039,GEO-014,Second Class,5,827.07,0.2,3308.28,1333.9,40.32,4
ORD-02463,20220107,CUST-0200,PROD-019,GEO-017,Standard Class,1,4684.21,0.0,4684.21,1803.42,38.5,6
ORD-00114,20220107,CUST-0084,PROD-042,GEO-018,Standard Class,1,1880.3,0.25,1410.22,341.28,24.2,7
ORD-03671,20220107,CUST-0291,PROD-047,GEO-003,Standard Class,4,3600.47,0.2,11521.5,2035.16,17.66,5
ORD-04851,20220107,CUST-0091,PROD-026,GEO-016,Standard Class,2,679.62,0.0,1359.24,777.48,57.2,6
ORD-03382,20220108,CUST-0205,PROD-039,GEO-016,Standard Class,1,826.6,0.15,702.61,338.51,48.18,7
ORD-04088,20220108,CUST-0258,PROD-039,GEO-002,Standard Class,1,777.05,0.0,777.05,428.93,55.2,6
ORD-03555,20220109,CUST-0158,PROD-050,GEO-006,First Class,3,1721.47,0.25,3873.31,958.64,24.75,2
ORD-02615,20220110,CUST-0066,PROD-047,GEO-007,First Class,1,3485.27,0.1,3136.74,771.64,24.6,3
ORD-03744,20220110,CUST-0256,PROD-034,GEO-005,Standard Class,1,9621.42,0.05,9140.35,1147.85,12.56,7
ORD-03493,20220111,CUST-0058,PROD-007,GEO-008,Second Class,1,628.59,0.1,565.73,185.56,32.8,4
ORD-03497,20220112,CUST-0276,PROD-021,GEO-006,Standard Class,1,3115.51,0.0,3115.51,1090.43,35.0,5
ORD-03623,20220112,CUST-0259,PROD-029,GEO-007,Standard Class,4,2902.61,0.35,7546.79,837.69,11.1,6
ORD-02017,20220113,CUST-0111,PROD-038,GEO-016,Second Class,1,1247.21,0.25,935.41,328.24,35.09,5
ORD-01863,20220113,CUST-0118,PROD-022,GEO-005,Second Class,4,23061.91,0.0,92247.64,16124.89,17.48,3
ORD-02916,20220114,CUST-0280,PROD-036,GEO-009,Second Class,4,7627.36,0.15,25933.02,4732.78,18.25,4
ORD-02290,20220114,CUST-0165,PROD-017,GEO-009,Standard Class,1,52878.6,0.0,52878.6,11633.29,22.0,6
ORD-00896,20220115,CUST-0113,PROD-016,GEO-003,First Class,1,40880.98,0.0,40880.98,7522.1,18.4,4
ORD-02647,20220115,CUST-0201,PROD-004,GEO-007,First Class,1,2490.17,0.05,2365.66,1140.96,48.23,4
ORD-00371,20220116,CUST-0251,PROD-017,GEO-020,Standard Class,2,52803.51,0.2,84485.62,13085.14,15.49,7
ORD-01281,20220116,CUST-0192,PROD-038,GEO-003,Standard Class,1,1195.12,0.05,1135.36,551.3,48.56,6
ORD-04426,20220117,CUST-0296,PROD-015,GEO-008,Standard Class,2,1471.01,0.1,2647.82,977.05,36.9,7
ORD-03800,20220117,CUST-0199,PROD-048,GEO-017,Standard Class,2,1550.91,0.05,2946.73,1533.83,52.05,5
ORD-04396,20220118,CUST-0168,PROD-016,GEO-006,Standard Class,5,41615.43,0.15,176865.58,25822.37,14.6,7
ORD-01585,20220118,CUST-0208,PROD-022,GEO-007,First Class,1,21669.77,0.25,16252.33,1698.37,10.45,3
ORD-01697,20220118,CUST-0103,PROD-002,GEO-010,Standard Class,1,1509.97,0.15,1283.47,393.51,30.66,7
ORD-01168,20220120,CUST-0195,PROD-049,GEO-008,Standard Class,4,2060.37,0.1,7417.33,2858.64,38.54,5
ORD-04778,20220120,CUST-0151,PROD-034,GEO-013,Same Day,2,10148.73,0.2,16237.97,1636.79,10.08,2
ORD-02338,20220120,CUST-0109,PROD-017,GEO-009,Second Class,1,57457.35,0.2,45965.88,6472.0,14.08,3
ORD-01655,20220121,CUST-0103,PROD-039,GEO-010,Standard Class,1,828.89,0.0,828.89,497.33,60.0,6
ORD-02126,20220121,CUST-0228,PROD-018,GEO-016,Standard Class,1,777.97,0.1,700.17,265.25,37.88,5
ORD-00287,20220122,CUST-0132,PROD-043,GEO-017,Standard Class,2,6259.96,0.05,11893.92,3571.74,30.03,5
ORD-03615,20220122,CUST-0173,PROD-043,GEO-005,Second Class,2,6309.55,0.3,8833.37,1121.49,12.7,4
ORD-00461,20220122,CUST-0095,PROD-036,GEO-013,Second Class,2,7600.11,0.05,14440.21,3449.41,23.89,5
ORD-04783,20220123,CUST-0168,PROD-002,GEO-006,Standard Class,2,1558.26,0.0,3116.52,1308.94,42.0,7
ORD-04109,20220123,CUST-0293,PROD-006,GEO-011,Standard Class,1,2299.92,0.4,1379.95,162.28,11.76,7
ORD-01067,20220124,CUST-0133,PROD-045,GEO-010,Second Class,1,9200.04,0.0,9200.04,2576.01,28.0,5
ORD-03906,20220124,CUST-0097,PROD-034,GEO-004,Second Class,1,10178.53,0.3,7124.97,452.29,6.35,4
ORD-04462,20220125,CUST-0100,PROD-024,GEO-012,Same Day,5,213.5,0.1,960.75,413.61,43.05,0
ORD-00852,20220125,CUST-0101,PROD-003,GEO-014,Standard Class,2,1889.45,0.3,2645.23,702.7,26.56,5
ORD-02868,20220125,CUST-0086,PROD-022,GEO-007,Standard Class,1,22305.19,0.15,18959.41,2629.67,13.87,6
ORD-00722,20220126,CUST-0046,PROD-046,GEO-014,Standard Class,1,4421.35,0.1,3979.22,1541.75,38.75,6
ORD-01275,20220126,CUST-0078,PROD-018,GEO-001,Standard Class,1,722.38,0.0,722.38,279.13,38.64,5
ORD-01129,20220126,CUST-0252,PROD-017,GEO-015,Standard Class,1,57560.85,0.25,43170.64,5484.83,12.71,6
ORD-04381,20220127,CUST-0232,PROD-042,GEO-007,Standard Class,1,1828.42,0.2,1462.74,374.46,25.6,5
ORD-01427,20220127,CUST-0072,PROD-037,GEO-006,Standard Class,1,3047.38,0.0,3047.38,1279.9,42.0,7
ORD-04119,20220128,CUST-0110,PROD-038,GEO-003,First Class,1,1169.46,0.25,877.1,257.41,29.35,4
ORD-00328,20220128,CUST-0142,PROD-016,GEO-012,First Class,3,40223.64,0.1,108603.83,18701.58,17.22,4
ORD-02325,20220129,CUST-0266,PROD-035,GEO-011,First Class,1,17632.84,0.35,11461.35,801.5,6.99,3
ORD-03554,20220129,CUST-0079,PROD-034,GEO-014,Second Class,2,10401.21,0.15,17682.06,2033.0,11.5,3
ORD-01862,20220129,CUST-0028,PROD-007,GEO-012,Second Class,1,665.42,0.0,665.42,279.48,42.0,3
ORD-02136,20220130,CUST-0175,PROD-011,GEO-001,Standard Class,2,1812.48,0.05,3443.71,1153.23,33.49,7
ORD-02506,20220131,CUST-0057,PROD-007,GEO-020,Standard Class,1,624.7,0.05,593.46,237.62,40.04,6
ORD-03685,20220131,CUST-0058,PROD-024,GEO-008,First Class,5,209.22,0.2,836.88,267.8,32.0,4
ORD-04377,20220201,CUST-0086,PROD-012,GEO-007,First Class,1,1867.83,0.15,1587.66,579.5,36.5,4
ORD-02383,20220201,CUST-0275,PROD-037,GEO-003,Second Class,5,3243.21,0.35,10540.43,1506.94,14.3,4
ORD-02984,20220201,CUST-0255,PROD-014,GEO-011,Standard Class,1,445.79,0.0,445.79,271.49,60.9,5
ORD-03142,20220202,CUST-0163,PROD-020,GEO-004,Standard Class,1,1185.59,0.1,1067.03,442.73,41.49,7
ORD-01919,20220203,CUST-0008,PROD-017,GEO-016,Second Class,3,56262.84,0.15,143470.24,25345.45,17.67,3
ORD-01922,20220203,CUST-0276,PROD-024,GEO-006,Standard Class,1,209.67,0.0,209.67,104.84,50.0,5
ORD-04932,20220203,CUST-0142,PROD-043,GEO-012,Standard Class,5,6643.97,0.1,29897.86,7722.61,25.83,6
ORD-03257,20220204,CUST-0287,PROD-010,GEO-018,Second Class,2,3456.02,0.2,5529.63,1946.43,35.2,4
ORD-04066,20220204,CUST-0050,PROD-050,GEO-013,Standard Class,4,1879.86,0.3,5263.61,1144.05,21.74,5
ORD-00109,20220206,CUST-0249,PROD-028,GEO-013,Standard Class,1,2026.22,0.3,1418.35,274.03,19.32,5
ORD-01786,20220206,CUST-0077,PROD-046,GEO-004,First Class,4,4606.57,0.05,17504.97,6594.83,37.67,2
ORD-02339,20220206,CUST-0094,PROD-036,GEO-008,Standard Class,5,8382.11,0.0,41910.55,10477.64,25.0,6
ORD-00260,20220207,CUST-0248,PROD-041,GEO-020,Standard Class,1,25985.48,0.0,25985.48,6002.64,23.1,5
ORD-04128,20220208,CUST-0015,PROD-010,GEO-014,Standard Class,1,3549.34,0.0,3549.34,1863.4,52.5,7
ORD-02030,20220208,CUST-0044,PROD-004,GEO-014,Second Class,2,2623.44,0.05,4984.54,2524.24,50.64,5
ORD-03886,20220209,CUST-0283,PROD-041,GEO-013,Second Class,1,25414.83,0.2,20331.86,2869.23,14.11,4
ORD-01481,20220209,CUST-0129,PROD-007,GEO-015,Same Day,2,620.7,0.05,1179.33,450.74,38.22,0
ORD-03276,20220209,CUST-0034,PROD-028,GEO-003,Standard Class,1,2077.97,0.0,2077.97,764.69,36.8,7
ORD-01158,20220209,CUST-0225,PROD-033,GEO-020,Standard Class,1,428.45,0.15,364.18,134.52,36.94,5
ORD-00727,20220209,CUST-0089,PROD-017,GEO-001,First Class,2,53939.69,0.0,107879.38,21834.78,20.24,2
ORD-04902,20220209,CUST-0262,PROD-049,GEO-003,Second Class,1,2078.8,0.05,1974.86,777.08,39.35,3
ORD-01339,20220211,CUST-0149,PROD-016,GEO-020,Same Day,1,43799.73,0.0,43799.73,9635.95,22.0,0
ORD-02760,20220211,CUST-0153,PROD-023,GEO-008,Second Class,5,3950.11,0.15,16787.97,4411.88,26.28,5
ORD-00940,20220211,CUST-0036,PROD-022,GEO-005,First Class,1,22214.09,0.2,17771.27,1988.11,11.19,3
ORD-03014,20220211,CUST-0181,PROD-005,GEO-011,Standard Class,1,3168.53,0.0,3168.53,1264.24,39.9,6
ORD-00119,20220212,CUST-0241,PROD-014,GEO-015,Second Class,3,457.56,0.05,1304.05,722.69,55.42,4
ORD-03188,20220213,CUST-0201,PROD-041,GEO-007,Standard Class,4,25586.12,0.05,97227.26,18580.13,19.11,7
ORD-00934,20220213,CUST-0130,PROD-031,GEO-012,Standard Class,2,943.07,0.3,1320.3,331.61,25.12,5
ORD-03836,20220214,CUST-0292,PROD-042,GEO-006,Standard Class,1,1866.0,0.0,1866.0,746.4,40.0,7
ORD-01027,20220214,CUST-0147,PROD-042,GEO-002,Second Class,2,1817.31,0.0,3634.62,1337.54,36.8,3
ORD-02100,20220214,CUST-0201,PROD-048,GEO-007,Standard Class,1,1439.54,0.2,1151.63,383.26,33.28,6
ORD-02651,20220214,CUST-0218,PROD-048,GEO-002,Standard Class,3,1545.44,0.0,4636.32,2218.02,47.84,6
ORD-03088,20220215,CUST-0138,PROD-041,GEO-014,Standard Class,3,24820.37,0.05,70738.05,14193.94,20.07,7
ORD-04700,20220215,CUST-0035,PROD-046,GEO-015,First Class,1,4556.43,0.2,3645.14,1102.29,30.24,2
ORD-00585,20220216,CUST-0253,PROD-019,GEO-003,Standard Class,1,4349.59,0.0,4349.59,1400.57,32.2,7
ORD-02309,20220217,CUST-0241,PROD-023,GEO-015,Standard Class,4,3983.18,0.15,13542.81,3737.0,27.59,5
ORD-04206,20220217,CUST-0272,PROD-005,GEO-001,Standard Class,4,3329.82,0.1,11987.35,3436.44,28.67,5
ORD-04492,20220217,CUST-0092,PROD-025,GEO-001,Second Class,5,354.69,0.0,1773.45,734.21,41.4,3
ORD-04509,20220218,CUST-0011,PROD-032,GEO-003,Same Day,2,4674.41,0.2,7479.06,1541.29,20.61,1
ORD-04777,20220218,CUST-0202,PROD-043,GEO-003,Standard Class,1,6420.58,0.0,6420.58,1772.08,27.6,5
ORD-04767,20220218,CUST-0296,PROD-050,GEO-008,Standard Class,1,1730.58,0.15,1470.99,483.22,32.85,6
ORD-01692,20220218,CUST-0022,PROD-017,GEO-009,First Class,1,54955.32,0.0,54955.32,12090.17,22.0,2
ORD-03481,20220219,CUST-0038,PROD-016,GEO-012,Second Class,1,41652.83,0.2,33322.26,4478.51,13.44,4
ORD-03355,20220222,CUST-0133,PROD-015,GEO-010,Standard Class,2,1510.54,0.05,2870.03,1175.28,40.95,7
ORD-02149,20220222,CUST-0102,PROD-028,GEO-014,Standard Class,4,2072.36,0.15,7046.02,2160.31,30.66,6
ORD-03847,20220222,CUST-0295,PROD-036,GEO-008,Second Class,1,7640.09,0.25,5730.07,787.88,13.75,3
ORD-02336,20220223,CUST-0069,PROD-008,GEO-014,First Class,4,2150.51,0.05,8171.94,3747.98,45.86,3
ORD-01389,20220223,CUST-0171,PROD-029,GEO-010,First Class,1,2739.66,0.1,2465.69,606.56,24.6,4
ORD-03607,20220223,CUST-0025,PROD-020,GEO-019,Second Class,1,1186.61,0.05,1127.28,620.62,55.05,3
ORD-03318,20220224,CUST-0269,PROD-031,GEO-003,Standard Class,2,924.36,0.0,1848.72,884.42,47.84,7
ORD-00801,20220225,CUST-0255,PROD-006,GEO-011,Standard Class,3,2272.26,0.1,6135.1,2112.93,34.44,7
ORD-04901,20220225,CUST-0156,PROD-032,GEO-004,Standard Class,3,4555.39,0.4,8199.7,739.28,9.02,6
ORD-03564,20220225,CUST-0205,PROD-037,GEO-016,Standard Class,4,3301.0,0.15,11223.4,3785.2,33.73,5
ORD-03625,20220225,CUST-0009,PROD-047,GEO-014,Standard Class,2,3402.11,0.15,5783.59,1329.94,23.0,7
ORD-00236,20220226,CUST-0074,PROD-013,GEO-015,Second Class,3,178.84,0.2,429.22,158.64,36.96,5
ORD-04380,20220226,CUST-0189,PROD-017,GEO-011,Second Class,1,53849.73,0.1,48464.76,9180.19,18.94,3
ORD-01141,20220226,CUST-0018,PROD-016,GEO-014,Second Class,3,40560.26,0.1,109512.7,18858.08,17.22,4
ORD-04094,20220226,CUST-0040,PROD-011,GEO-008,Standard Class,3,1734.62,0.1,4683.47,1536.18,32.8,6
ORD-04164,20220226,CUST-0216,PROD-020,GEO-008,Standard Class,3,1215.08,0.0,3645.24,2004.88,55.0,6
ORD-04969,20220227,CUST-0154,PROD-028,GEO-019,Standard Class,2,1995.7,0.2,3193.12,899.18,28.16,6
ORD-00685,20220227,CUST-0246,PROD-007,GEO-019,Standard Class,4,641.71,0.0,2566.84,1129.41,44.0,5
ORD-01052,20220227,CUST-0256,PROD-034,GEO-005,Second Class,2,10139.11,0.0,20278.22,2798.39,13.8,3
ORD-03515,20220227,CUST-0287,PROD-014,GEO-018,Standard Class,4,460.42,0.0,1841.68,1174.99,63.8,5
ORD-00627,20220227,CUST-0215,PROD-029,GEO-012,Second Class,3,2858.07,0.05,8145.5,2334.91,28.67,5
ORD-00432,20220228,CUST-0289,PROD-004,GEO-010,Standard Class,2,2475.44,0.1,4455.79,1936.49,43.46,7
ORD-03526,20220228,CUST-0294,PROD-016,GEO-002,Second Class,1,43485.52,0.05,41311.24,6917.16,16.74,5
ORD-02257,20220228,CUST-0123,PROD-017,GEO-013,Standard Class,4,55767.55,0.15,189609.67,31973.88,16.86,5
ORD-03961,20220228,CUST-0275,PROD-034,GEO-003,First Class,1,10126.37,0.0,10126.37,1397.44,13.8,4
ORD-02976,20220228,CUST-0285,PROD-039,GEO-004,Second Class,1,766.33,0.1,689.7,312.18,45.26,3
ORD-04009,20220301,CUST-0106,PROD-041,GEO-015,Same Day,1,25933.35,0.0,25933.35,5718.3,22.05,2
ORD-01375,20220301,CUST-0165,PROD-032,GEO-009,Standard Class,1,4318.57,0.15,3670.78,937.88,25.55,5
ORD-01722,20220301,CUST-0174,PROD-003,GEO-020,Second Class,2,1887.55,0.1,3397.59,1685.54,49.61,5
ORD-01774,20220301,CUST-0161,PROD-005,GEO-012,First Class,1,3131.4,0.0,3131.4,1249.43,39.9,3
ORD-01822,20220301,CUST-0206,PROD-041,GEO-005,Standard Class,2,25021.01,0.0,50042.02,9668.11,19.32,7
ORD-01248,20220302,CUST-0146,PROD-015,GEO-020,Standard Class,4,1516.05,0.05,5760.99,2595.04,45.05,7
ORD-01780,20220302,CUST-0268,PROD-038,GEO-015,Standard Class,4,1208.47,0.15,4108.8,1826.65,44.46,6
ORD-02978,20220303,CUST-0116,PROD-008,GEO-009,Second Class,2,2211.39,0.0,4422.78,2122.93,48.0,5
ORD-02223,20220304,CUST-0142,PROD-008,GEO-012,Standard Class,1,2181.5,0.0,2181.5,1099.48,50.4,5
ORD-01765,20220304,CUST-0224,PROD-048,GEO-016,First Class,2,1483.94,0.25,2225.91,700.27,31.46,3
ORD-02256,20220304,CUST-0194,PROD-043,GEO-006,Standard Class,4,6702.16,0.15,22787.34,4990.43,21.9,5
ORD-03632,20220305,CUST-0218,PROD-017,GEO-002,Standard Class,2,54996.68,0.05,104493.69,19246.07,18.42,6
ORD-02592,20220305,CUST-0044,PROD-022,GEO-014,Standard Class,1,21310.11,0.0,21310.11,4251.37,19.95,5
ORD-03682,20220305,CUST-0196,PROD-012,GEO-015,Standard Class,3,1792.96,0.3,3765.22,909.3,24.15,6
ORD-01312,20220306,CUST-0068,PROD-015,GEO-018,Standard Class,1,1520.08,0.25,1140.06,310.38,27.22,5
ORD-02172,20220306,CUST-0113,PROD-006,GEO-003,Standard Class,1,2237.86,0.15,1902.18,511.0,26.86,6
ORD-00600,20220306,CUST-0039,PROD-015,GEO-006,Standard Class,1,1545.57,0.05,1468.29,601.26,40.95,5
ORD-03853,20220307,CUST-0183,PROD-035,GEO-020,Standard Class,1,17690.77,0.0,17690.77,3502.77,19.8,7
ORD-00883,20220307,CUST-0129,PROD-012,GEO-015,Standard Class,1,1802.32,0.15,1531.97,587.13,38.33,7
ORD-04178,20220307,CUST-0197,PROD-049,GEO-002,Standard Class,1,2086.73,0.05,1982.39,780.04,39.35,7
ORD-01243,20220308,CUST-0109,PROD-013,GEO-009,Standard Class,3,180.15,0.2,432.36,152.19,35.2,7
ORD-01011,20220308,CUST-0204,PROD-029,GEO-013,Second Class,1,2809.33,0.1,2528.4,653.09,25.83,4
ORD-03584,20220309,CUST-0255,PROD-003,GEO-011,Standard Class,1,1836.32,0.0,1836.32,1060.48,57.75,6
ORD-02294,20220309,CUST-0282,PROD-019,GEO-002,Second Class,1,4284.97,0.0,4284.97,1379.76,32.2,3
ORD-00213,20220309,CUST-0238,PROD-042,GEO-011,First Class,2,1841.96,0.1,3315.53,1141.86,34.44,3
ORD-03072,20220309,CUST-0122,PROD-049,GEO-002,Standard Class,5,1975.27,0.0,9876.35,4270.53,43.24,6
ORD-04705,20220310,CUST-0006,PROD-021,GEO-019,Standard Class,4,3050.94,0.2,9763.01,2405.6,24.64,5
ORD-04171,20220310,CUST-0217,PROD-014,GEO-002,Second Class,2,437.57,0.15,743.87,289.75,38.95,3
ORD-04245,20220310,CUST-0191,PROD-031,GEO-015,Standard Class,1,957.31,0.0,957.31,522.69,54.6,6
ORD-04717,20220310,CUST-0232,PROD-045,GEO-007,Second Class,1,9179.19,0.25,6884.39,1060.2,15.4,5
ORD-03785,20220310,CUST-0159,PROD-032,GEO-011,Standard Class,3,4408.13,0.3,9257.07,1564.91,16.91,7
ORD-04522,20220311,CUST-0252,PROD-046,GEO-015,First Class,4,4308.26,0.2,13786.43,4169.01,30.24,2
ORD-02144,20220311,CUST-0193,PROD-028,GEO-014,First Class,4,2195.13,0.05,8341.49,3188.12,38.22,3
ORD-01538,20220313,CUST-0065,PROD-024,GEO-020,Second Class,1,227.45,0.2,181.96,64.05,35.2,3
ORD-02432,20220313,CUST-0295,PROD-035,GEO-008,Standard Class,1,17620.0,0.05,16739.0,2741.85,16.38,7
ORD-02886,20220313,CUST-0185,PROD-021,GEO-014,First Class,2,3338.38,0.3,4673.73,790.09,16.9,4
ORD-02575,20220313,CUST-0283,PROD-046,GEO-013,Standard Class,1,4373.72,0.2,3498.98,1058.1,30.24,6
ORD-01053,20220314,CUST-0136,PROD-006,GEO-020,Standard Class,1,2294.75,0.0,2294.75,1009.69,44.0,5
ORD-03128,20220314,CUST-0050,PROD-004,GEO-013,Standard Class,1,2594.4,0.0,2594.4,1443.78,55.65,7
ORD-00008,20220315,CUST-0284,PROD-006,GEO-001,Standard Class,2,2111.52,0.05,4011.89,1343.5,33.49,7
ORD-02238,20220315,CUST-0130,PROD-020,GEO-012,Standard Class,1,1197.9,0.2,958.32,354.2,36.96,7
ORD-03426,20220315,CUST-0016,PROD-022,GEO-010,Standard Class,1,21513.52,0.35,13983.79,983.06,7.03,7
ORD-03478,20220316,CUST-0032,PROD-034,GEO-005,Same Day,3,10274.0,0.15,26198.7,2639.26,10.07,0
ORD-01319,20220316,CUST-0286,PROD-031,GEO-007,Standard Class,4,949.22,0.05,3607.04,1706.85,47.32,5
ORD-03512,20220318,CUST-0104,PROD-045,GEO-012,Same Day,2,9545.33,0.05,18136.13,4852.14,26.75,2
ORD-02673,20220318,CUST-0123,PROD-042,GEO-013,Second Class,2,1794.82,0.15,3051.19,935.5,30.66,5
ORD-04597,20220318,CUST-0095,PROD-020,GEO-013,Standard Class,5,1248.2,0.0,6241.0,3604.18,57.75,5
ORD-03997,20220318,CUST-0019,PROD-014,GEO-013,Standard Class,2,437.36,0.0,874.72,532.71,60.9,5
ORD-01242,20220319,CUST-0170,PROD-013,GEO-003,First Class,4,183.3,0.2,586.56,189.95,32.38,4
ORD-04479,20220319,CUST-0231,PROD-002,GEO-006,Second Class,3,1537.17,0.25,3458.63,798.94,23.1,3
ORD-02722,20220320,CUST-0179,PROD-014,GEO-004,Standard Class,1,437.89,0.2,350.31,119.64,34.15,5
ORD-03676,20220320,CUST-0083,PROD-029,GEO-014,Standard Class,4,2883.39,0.15,9803.53,2254.32,22.99,7
ORD-02566,20220321,CUST-0128,PROD-016,GEO-010,Standard Class,2,40750.41,0.15,69275.7,10114.25,14.6,7
ORD-02194,20220321,CUST-0117,PROD-023,GEO-016,First Class,1,3710.51,0.3,2597.36,473.13,18.22,3
ORD-01331,20220321,CUST-0269,PROD-046,GEO-003,Second Class,1,4643.73,0.0,4643.73,1922.51,41.4,5
ORD-04800,20220321,CUST-0187,PROD-045,GEO-018,Second Class,1,9787.18,0.15,8319.1,1870.46,22.48,4
ORD-00931,20220321,CUST-0157,PROD-047,GEO-016,Standard Class,1,3482.62,0.15,2960.23,713.12,24.09,7
ORD-00911,20220322,CUST-0034,PROD-046,GEO-003,Same Day,3,4557.45,0.05,12988.73,4893.37,37.67,2
ORD-04269,20220322,CUST-0131,PROD-021,GEO-019,Same Day,1,3110.11,0.1,2799.1,883.67,31.57,0
ORD-01070,20220322,CUST-0218,PROD-047,GEO-002,Standard Class,2,3528.26,0.1,6350.87,1437.33,22.63,6
ORD-04315,20220322,CUST-0168,PROD-038,GEO-006,Second Class,1,1196.24,0.0,1196.24,693.82,58.0,3
ORD-03174,20220322,CUST-0266,PROD-004,GEO-011,First Class,5,2537.4,0.05,12052.65,6103.64,50.64,3
ORD-02628,20220322,CUST-0125,PROD-020,GEO-003,Same Day,3,1192.27,0.2,2861.45,926.65,32.38,0
ORD-04419,20220323,CUST-0221,PROD-037,GEO-003,Standard Class,1,3198.25,0.0,3198.25,1235.8,38.64,7
ORD-01911,20220323,CUST-0096,PROD-009,GEO-015,Second Class,1,2590.76,0.1,2331.68,762.88,32.72,3
ORD-01881,20220324,CUST-0067,PROD-041,GEO-016,Second Class,2,24615.27,0.2,39384.43,5822.6,14.78,3
ORD-03454,20220324,CUST-0015,PROD-045,GEO-014,Second Class,4,9766.87,0.2,31253.98,5880.75,18.82,5
ORD-00702,20220325,CUST-0086,PROD-008,GEO-007,Same Day,1,2101.61,0.0,2101.61,1008.77,48.0,0
ORD-00513,20220325,CUST-0220,PROD-041,GEO-010,First Class,4,24841.54,0.1,89429.54,15399.77,17.22,3
ORD-03498,20220327,CUST-0119,PROD-019,GEO-020,Standard Class,2,4399.93,0.0,8799.86,3387.94,38.5,6
ORD-04000,20220327,CUST-0204,PROD-044,GEO-013,Standard Class,2,814.4,0.2,1303.04,542.9,41.66,5
ORD-00899,20220328,CUST-0114,PROD-002,GEO-014,Standard Class,1,1469.71,0.0,1469.71,648.14,44.1,7
ORD-02701,20220328,CUST-0243,PROD-034,GEO-011,First Class,5,10298.18,0.05,48916.36,7010.93,14.33,2
ORD-01704,20220329,CUST-0051,PROD-038,GEO-008,Second Class,1,1181.07,0.1,1062.96,505.54,47.56,5
ORD-01766,20220329,CUST-0275,PROD-039,GEO-003,Same Day,2,836.05,0.15,1421.28,572.72,40.3,1
ORD-00268,20220329,CUST-0246,PROD-004,GEO-019,Standard Class,1,2606.75,0.4,1564.05,255.32,16.32,5
ORD-03720,20220331,CUST-0203,PROD-038,GEO-018,Second Class,2,1197.24,0.0,2394.48,1527.68,63.8,5
ORD-00606,20220331,CUST-0021,PROD-018,GEO-014,Second Class,2,762.84,0.0,1525.68,672.83,44.1,4
ORD-03612,20220331,CUST-0232,PROD-042,GEO-007,Second Class,2,1733.05,0.0,3466.1,1386.44,40.0,4
ORD-01081,20220401,CUST-0031,PROD-012,GEO-020,Standard Class,2,1874.75,0.0,3749.5,2062.23,55.0,6
ORD-01647,20220401,CUST-0045,PROD-022,GEO-019,First Class,2,22090.94,0.2,35345.5,4727.81,13.38,4
ORD-04506,20220401,CUST-0291,PROD-003,GEO-003,Same Day,3,1843.09,0.0,5529.27,2797.81,50.6,1
ORD-00056,20220401,CUST-0140,PROD-016,GEO-005,Same Day,4,40984.63,0.1,147544.67,22261.54,15.09,2
ORD-04240,20220401,CUST-0009,PROD-035,GEO-014,Second Class,4,18728.81,0.0,74915.24,14158.98,18.9,4
ORD-04611,20220401,CUST-0081,PROD-015,GEO-008,Standard Class,1,1439.31,0.0,1439.31,647.69,45.0,7
ORD-04659,20220402,CUST-0090,PROD-044,GEO-016,Standard Class,1,850.46,0.0,850.46,580.02,68.2,6
ORD-02443,20220402,CUST-0283,PROD-002,GEO-013,Standard Class,1,1543.93,0.1,1389.54,502.49,36.16,7
ORD-02252,20220402,CUST-0273,PROD-050,GEO-007,Standard Class,3,1862.75,0.0,5588.25,2514.71,45.0,6
ORD-03937,20220403,CUST-0254,PROD-012,GEO-017,First Class,3,1771.12,0.05,5047.69,2526.37,50.05,3
ORD-04803,20220403,CUST-0055,PROD-008,GEO-015,Second Class,1,2174.17,0.0,2174.17,1095.78,50.4,5
ORD-04671,20220403,CUST-0038,PROD-019,GEO-012,First Class,1,4506.32,0.1,4055.69,1222.18,30.13,2
ORD-03237,20220403,CUST-0053,PROD-018,GEO-014,Standard Class,1,741.17,0.05,704.11,282.57,40.13,6
ORD-04484,20220403,CUST-0251,PROD-047,GEO-020,Standard Class,1,3460.96,0.0,3460.96,1142.12,33.0,6
ORD-02251,20220403,CUST-0092,PROD-001,GEO-001,Standard Class,3,5558.81,0.15,14174.97,3617.57,25.52,7
ORD-02778,20220404,CUST-0059,PROD-010,GEO-003,Standard Class,5,3544.56,0.0,17722.8,8152.49,46.0,5
ORD-00353,20220404,CUST-0287,PROD-046,GEO-018,Standard Class,3,4298.38,0.05,12250.38,5518.18,45.04,6
ORD-04591,20220404,CUST-0253,PROD-036,GEO-003,Same Day,4,7659.0,0.05,29104.2,6091.51,20.93,0
ORD-00001,20220405,CUST-0190,PROD-012,GEO-006,Standard Class,2,1840.7,0.1,3313.26,1358.44,41.0,6
ORD-01134,20220405,CUST-0253,PROD-005,GEO-003,First Class,1,3304.17,0.3,2312.92,371.96,16.08,3
ORD-01413,20220405,CUST-0047,PROD-049,GEO-002,Second Class,2,1996.03,0.2,3193.65,883.8,27.67,3
ORD-02491,20220405,CUST-0202,PROD-019,GEO-003,Standard Class,1,4570.5,0.0,4570.5,1471.71,32.2,6
ORD-03058,20220406,CUST-0285,PROD-017,GEO-004,Standard Class,1,52425.13,0.0,52425.13,10610.85,20.24,6
ORD-00744,20220407,CUST-0130,PROD-032,GEO-012,Standard Class,4,4378.5,0.0,17514.0,6436.4,36.75,6
ORD-03405,20220407,CUST-0203,PROD-016,GEO-018,Standard Class,2,42017.42,0.0,84034.84,18487.67,22.0,5
ORD-04711,20220407,CUST-0098,PROD-016,GEO-012,Second Class,1,40567.12,0.4,24340.27,1431.21,5.88,4
ORD-02173,20220407,CUST-0203,PROD-037,GEO-018,Standard Class,3,3145.31,0.2,7548.74,2232.01,29.57,6
ORD-04414,20220407,CUST-0241,PROD-028,GEO-015,Standard Class,1,2109.19,0.25,1581.89,365.42,23.1,7
ORD-03909,20220407,CUST-0147,PROD-045,GEO-002,Same Day,3,9690.93,0.2,23258.23,3834.44,16.49,1
ORD-00492,20220407,CUST-0280,PROD-048,GEO-009,Standard Class,4,1434.33,0.15,4876.72,1851.2,37.96,6
ORD-03156,20220408,CUST-0050,PROD-041,GEO-013,Standard Class,1,23924.54,0.2,19139.63,2700.99,14.11,5
ORD-03167,20220408,CUST-0249,PROD-050,GEO-013,Second Class,4,1747.03,0.0,6988.12,3301.88,47.25,4
ORD-04271,20220408,CUST-0034,PROD-028,GEO-003,Standard Class,2,2154.27,0.0,4308.54,1585.55,36.8,6
ORD-02907,20220408,CUST-0149,PROD-012,GEO-020,Standard Class,3,1836.29,0.05,5233.43,2619.33,50.05,5
ORD-02388,20220408,CUST-0152,PROD-026,GEO-018,Same Day,4,713.46,0.05,2711.15,1411.21,52.05,1
ORD-04873,20220408,CUST-0253,PROD-005,GEO-003,Second Class,2,3182.12,0.3,4454.97,716.43,16.08,3
ORD-02571,20220409,CUST-0183,PROD-041,GEO-020,Standard Class,1,24353.66,0.05,23135.98,4863.42,21.02,7
ORD-00300,20220409,CUST-0114,PROD-038,GEO-014,Standard Class,1,1141.45,0.0,1141.45,695.14,60.9,5
ORD-04205,20220409,CUST-0087,PROD-004,GEO-006,Standard Class,1,2549.49,0.3,1784.64,435.1,24.38,7
ORD-01480,20220409,CUST-0180,PROD-039,GEO-005,Second Class,2,782.18,0.05,1486.14,746.52,50.23,5
ORD-01939,20220410,CUST-0260,PROD-010,GEO-010,Standard Class,1,3368.61,0.2,2694.89,862.36,32.0,7
ORD-02779,20220410,CUST-0071,PROD-035,GEO-018,Standard Class,1,17277.76,0.2,13822.21,1751.55,12.67,5
ORD-01567,20220410,CUST-0176,PROD-015,GEO-019,Second Class,5,1527.22,0.05,7254.3,3267.7,45.05,4
ORD-04265,20220411,CUST-0202,PROD-017,GEO-003,Standard Class,3,55734.98,0.1,150484.45,24975.6,16.6,5
ORD-03144,20220411,CUST-0193,PROD-006,GEO-014,Standard Class,3,2303.03,0.4,4145.45,487.5,11.76,7
ORD-04174,20220411,CUST-0119,PROD-049,GEO-020,Standard Class,1,2017.23,0.25,1512.92,430.2,28.44,7
ORD-00059,20220411,CUST-0024,PROD-015,GEO-001,Standard Class,1,1559.52,0.05,1481.54,558.15,37.67,6
ORD-04475,20220412,CUST-0070,PROD-025,GEO-009,Same Day,1,346.65,0.1,311.98,115.12,36.9,2
ORD-03448,20220412,CUST-0014,PROD-042,GEO-011,First Class,3,1775.02,0.3,3727.54,720.16,19.32,3
ORD-03334,20220414,CUST-0014,PROD-008,GEO-011,Second Class,1,2194.16,0.15,1865.04,686.19,36.79,5
ORD-04945,20220414,CUST-0004,PROD-041,GEO-012,Standard Class,2,24476.75,0.05,46505.82,9331.62,20.07,7
ORD-04586,20220414,CUST-0203,PROD-048,GEO-018,First Class,1,1436.85,0.0,1436.85,821.88,57.2,2
ORD-00074,20220414,CUST-0174,PROD-035,GEO-020,Standard Class,1,17613.17,0.0,17613.17,3487.41,19.8,6
ORD-02458,20220415,CUST-0194,PROD-016,GEO-006,Standard Class,3,42910.72,0.3,90112.51,8290.35,9.2,6
ORD-01688,20220415,CUST-0061,PROD-008,GEO-019,Same Day,1,2219.97,0.0,2219.97,1172.15,52.8,0
ORD-03193,20220415,CUST-0048,PROD-013,GEO-007,Standard Class,4,174.37,0.1,627.73,283.11,45.1,6
ORD-01222,20220415,CUST-0047,PROD-039,GEO-002,First Class,1,835.26,0.1,751.73,340.26,45.26,3
ORD-00324,20220416,CUST-0066,PROD-050,GEO-007,Second Class,2,1784.27,0.05,3390.11,1388.25,40.95,3
ORD-02690,20220417,CUST-0038,PROD-011,GEO-012,Standard Class,2,1748.33,0.15,2972.16,911.26,30.66,6
ORD-02933,20220418,CUST-0070,PROD-018,GEO-009,Standard Class,3,741.36,0.0,2224.08,934.11,42.0,7
ORD-00741,20220418,CUST-0005,PROD-040,GEO-006,Standard Class,3,115.79,0.0,347.37,208.42,60.0,6
ORD-04788,20220418,CUST-0053,PROD-030,GEO-014,Same Day,1,588.45,0.3,411.92,75.6,18.35,2
ORD-03039,20220419,CUST-0023,PROD-036,GEO-007,Standard Class,2,7912.03,0.05,15032.86,3419.98,22.75,5
ORD-02819,20220419,CUST-0015,PROD-007,GEO-014,Standard Class,1,650.26,0.1,585.23,201.56,34.44,5
ORD-03696,20220419,CUST-0254,PROD-034,GEO-017,Second Class,3,10322.14,0.2,24773.14,2616.04,10.56,5
ORD-01837,20220419,CUST-0061,PROD-034,GEO-019,Standard Class,2,10399.25,0.2,16638.8,1757.05,10.56,7
ORD-03463,20220420,CUST-0176,PROD-046,GEO-019,Standard Class,3,4596.83,0.05,13100.97,5901.34,45.05,6
ORD-03653,20220420,CUST-0150,PROD-021,GEO-002,Second Class,1,3084.43,0.05,2930.21,858.61,29.3,5
ORD-00576,20220420,CUST-0215,PROD-023,GEO-012,Standard Class,4,3870.35,0.2,12385.12,2996.21,24.19,6
ORD-01658,20220420,CUST-0238,PROD-050,GEO-011,Standard Class,3,1830.73,0.1,4942.97,1915.16,38.75,5
ORD-01597,20220421,CUST-0108,PROD-002,GEO-018,Standard Class,3,1513.17,0.05,4312.53,1813.08,42.04,6
ORD-03550,20220421,CUST-0005,PROD-033,GEO-006,Second Class,1,469.55,0.0,469.55,215.99,46.0,4
ORD-03411,20220421,CUST-0201,PROD-038,GEO-007,Second Class,2,1172.16,0.0,2344.32,1359.71,58.0,4
ORD-02484,20220421,CUST-0269,PROD-016,GEO-003,Standard Class,2,40145.41,0.15,68247.2,9166.96,13.43,5
ORD-04494,20220422,CUST-0231,PROD-035,GEO-006,Standard Class,1,17883.49,0.1,16095.14,2375.64,14.76,7
ORD-04061,20220422,CUST-0055,PROD-012,GEO-015,First Class,5,1780.73,0.15,7568.1,2900.48,38.33,4
ORD-04592,20220422,CUST-0166,PROD-036,GEO-020,First Class,1,8127.29,0.0,8127.29,2235.0,27.5,2
ORD-03697,20220422,CUST-0126,PROD-034,GEO-001,Standard Class,1,10386.26,0.15,8828.32,889.36,10.07,6
ORD-04278,20220423,CUST-0126,PROD-036,GEO-001,Standard Class,5,7837.58,0.15,33309.72,5592.7,16.79,5
ORD-02500,20220423,CUST-0129,PROD-033,GEO-015,Same Day,1,447.07,0.15,380.01,133.99,35.26,1
ORD-04378,20220424,CUST-0035,PROD-012,GEO-015,Standard Class,1,1834.66,0.25,1376.0,397.32,28.88,7
ORD-04057,20220424,CUST-0085,PROD-047,GEO-006,First Class,1,3483.26,0.0,3483.26,1044.98,30.0,4
ORD-01617,20220424,CUST-0134,PROD-047,GEO-002,Standard Class,2,3415.28,0.2,5464.45,965.24,17.66,6
ORD-03016,20220425,CUST-0006,PROD-013,GEO-019,Second Class,2,174.61,0.2,279.38,108.17,38.72,4
ORD-04243,20220425,CUST-0009,PROD-024,GEO-014,Standard Class,1,222.21,0.05,211.1,100.85,47.77,6
ORD-00248,20220426,CUST-0296,PROD-017,GEO-008,Standard Class,2,55138.4,0.0,110276.8,24260.9,22.0,7
ORD-01708,20220426,CUST-0264,PROD-048,GEO-019,Standard Class,2,1432.37,0.25,2148.55,675.94,31.46,6
ORD-02185,20220426,CUST-0142,PROD-048,GEO-012,Standard Class,3,1487.02,0.25,3345.79,1004.74,30.03,5
ORD-03679,20220426,CUST-0276,PROD-045,GEO-006,Standard Class,2,9466.12,0.1,17039.02,3912.16,22.96,6
ORD-00917,20220426,CUST-0295,PROD-037,GEO-008,Standard Class,3,3075.16,0.0,9225.48,3874.7,42.0,6
ORD-00720,20220427,CUST-0051,PROD-041,GEO-008,First Class,3,25861.66,0.1,69826.48,12024.12,17.22,2
ORD-04942,20220427,CUST-0212,PROD-035,GEO-002,Standard Class,1,17178.49,0.05,16319.57,2459.3,15.07,5
ORD-02091,20220427,CUST-0292,PROD-045,GEO-006,Standard Class,2,9171.37,0.15,15591.33,3186.87,20.44,7
ORD-03467,20220427,CUST-0269,PROD-046,GEO-003,Second Class,1,4480.07,0.1,4032.06,1368.8,33.95,5
ORD-04098,20220428,CUST-0253,PROD-012,GEO-003,Standard Class,3,1866.83,0.0,5600.49,2576.22,46.0,7
ORD-00572,20220428,CUST-0060,PROD-029,GEO-013,Second Class,1,2741.87,0.2,2193.5,442.21,20.16,5
ORD-01104,20220429,CUST-0159,PROD-041,GEO-011,Standard Class,2,24991.86,0.25,37487.79,4546.33,12.13,5
ORD-03574,20220429,CUST-0154,PROD-009,GEO-019,Standard Class,2,2448.2,0.0,4896.4,2046.69,41.8,7
ORD-04348,20220429,CUST-0272,PROD-046,GEO-001,Second Class,1,4538.31,0.05,4311.39,1624.27,37.67,3
ORD-00529,20220429,CUST-0037,PROD-021,GEO-009,Standard Class,1,3282.88,0.15,2790.45,712.96,25.55,6
ORD-04512,20220430,CUST-0028,PROD-044,GEO-012,Second Class,1,860.97,0.0,860.97,560.49,65.1,5
ORD-02523,20220430,CUST-0077,PROD-031,GEO-004,Standard Class,5,983.21,0.0,4916.05,2351.84,47.84,5
ORD-04346,20220430,CUST-0020,PROD-049,GEO-020,Standard Class,2,2093.66,0.2,3349.86,1108.4,33.09,7
ORD-00391,20220430,CUST-0022,PROD-014,GEO-009,Standard Class,2,467.05,0.2,747.28,277.39,37.12,5
ORD-03558,20220501,CUST-0162,PROD-046,GEO-006,Standard Class,1,4324.97,0.05,4108.72,1682.52,40.95,7
ORD-02177,20220501,CUST-0181,PROD-050,GEO-011,Second Class,3,1830.83,0.1,4943.24,1915.26,38.75,5
ORD-03031,20220502,CUST-0267,PROD-019,GEO-015,Standard Class,5,4362.37,0.1,19630.66,5915.7,30.14,6
ORD-01252,20220503,CUST-0198,PROD-004,GEO-001,Second Class,1,2613.79,0.15,2221.72,790.81,35.59,4
ORD-04344,20220503,CUST-0293,PROD-040,GEO-011,Standard Class,1,117.26,0.3,82.08,23.78,28.97,6
ORD-04428,20220503,CUST-0021,PROD-001,GEO-014,First Class,5,5708.17,0.05,27113.81,9844.76,36.31,2
ORD-04401,20220504,CUST-0041,PROD-024,GEO-011,Standard Class,1,217.39,0.15,184.78,70.81,38.32,5
ORD-02968,20220504,CUST-0082,PROD-016,GEO-001,Standard Class,1,43341.14,0.0,43341.14,7974.77,18.4,5
ORD-04608,20220504,CUST-0116,PROD-004,GEO-009,Same Day,3,2502.94,0.1,6757.94,2937.0,43.46,1
ORD-01393,20220504,CUST-0241,PROD-035,GEO-015,Standard Class,2,18550.6,0.0,37101.2,7012.13,18.9,5
ORD-00592,20220504,CUST-0023,PROD-003,GEO-007,Standard Class,1,1871.22,0.05,1777.66,889.72,50.05,7
ORD-03153,20220505,CUST-0154,PROD-022,GEO-019,Standard Class,1,21017.43,0.0,21017.43,4392.64,20.9,6
ORD-03647,20220505,CUST-0242,PROD-022,GEO-019,Standard Class,1,22467.77,0.05,21344.38,4059.48,19.02,7
ORD-04701,20220505,CUST-0233,PROD-008,GEO-020,Standard Class,1,2163.18,0.1,1946.86,842.91,43.3,5
ORD-01932,20220505,CUST-0250,PROD-001,GEO-017,Standard Class,3,5353.72,0.15,13651.99,4165.77,30.51,7
ORD-04186,20220505,CUST-0110,PROD-048,GEO-003,Same Day,1,1522.13,0.0,1522.13,728.19,47.84,0
ORD-01002,20220506,CUST-0245,PROD-039,GEO-004,Standard Class,1,831.51,0.25,623.63,189.34,30.36,5
ORD-01612,20220506,CUST-0012,PROD-047,GEO-010,Standard Class,2,3380.49,0.0,6760.98,2028.29,30.0,7
ORD-03722,20220506,CUST-0170,PROD-013,GEO-003,Standard Class,3,175.5,0.1,473.85,196.61,41.49,7
ORD-00644,20220506,CUST-0029,PROD-034,GEO-008,First Class,1,9710.79,0.0,9710.79,1456.62,15.0,4
ORD-00587,20220507,CUST-0013,PROD-043,GEO-005,Standard Class,1,6429.17,0.0,6429.17,1774.45,27.6,7
ORD-03560,20220507,CUST-0139,PROD-047,GEO-001,Standard Class,4,3330.66,0.0,13322.64,3677.05,27.6,5
ORD-01723,20220507,CUST-0063,PROD-026,GEO-008,Second Class,3,651.7,0.0,1955.1,1016.65,52.0,4
ORD-01237,20220508,CUST-0023,PROD-010,GEO-007,Second Class,2,3393.19,0.0,6786.38,3393.19,50.0,3
ORD-02360,20220508,CUST-0228,PROD-022,GEO-016,Standard Class,3,22350.68,0.15,56994.23,8695.61,15.26,7
ORD-00335,20220509,CUST-0149,PROD-040,GEO-020,Standard Class,1,117.58,0.1,105.82,57.27,54.12,7
ORD-02182,20220509,CUST-0227,PROD-030,GEO-007,First Class,1,573.26,0.0,573.26,217.84,38.0,3
ORD-04726,20220509,CUST-0225,PROD-034,GEO-020,Standard Class,1,10317.23,0.0,10317.23,1702.34,16.5,6
ORD-00805,20220510,CUST-0170,PROD-050,GEO-003,Second Class,2,1855.74,0.1,3340.33,1133.97,33.95,3
ORD-02083,20220510,CUST-0114,PROD-047,GEO-014,Standard Class,4,3665.38,0.2,11729.22,2364.61,20.16,6
ORD-02941,20220511,CUST-0095,PROD-045,GEO-013,Standard Class,2,9201.3,0.0,18402.6,5410.37,29.4,7
ORD-04037,20220511,CUST-0097,PROD-022,GEO-004,First Class,3,22741.72,0.1,61402.64,8801.21,14.33,4
ORD-04028,20220511,CUST-0045,PROD-042,GEO-019,Second Class,3,1719.57,0.0,5158.71,2269.83,44.0,4
ORD-03033,20220511,CUST-0019,PROD-026,GEO-013,Standard Class,1,702.31,0.0,702.31,383.46,54.6,7
ORD-02623,20220511,CUST-0045,PROD-017,GEO-019,Standard Class,1,57295.17,0.0,57295.17,13865.43,24.2,6
ORD-04355,20220511,CUST-0060,PROD-029,GEO-013,Standard Class,1,2903.83,0.0,2903.83,914.71,31.5,6
ORD-00698,20220512,CUST-0294,PROD-045,GEO-002,Standard Class,1,9956.54,0.0,9956.54,2564.8,25.76,6
ORD-01543,20220512,CUST-0286,PROD-048,GEO-007,First Class,2,1526.56,0.0,3053.12,1587.62,52.0,2
ORD-03001,20220512,CUST-0032,PROD-048,GEO-005,Same Day,1,1523.08,0.05,1446.93,629.91,43.53,1
ORD-01148,20220513,CUST-0058,PROD-003,GEO-008,Standard Class,3,1865.99,0.0,5597.97,3078.88,55.0,7
ORD-03324,20220513,CUST-0095,PROD-037,GEO-013,Standard Class,1,3303.23,0.3,2312.26,469.07,20.29,5
ORD-04216,20220514,CUST-0086,PROD-034,GEO-007,Second Class,2,10423.29,0.15,17719.59,1940.3,10.95,3
ORD-02279,20220514,CUST-0159,PROD-003,GEO-011,Standard Class,3,1757.0,0.25,3953.25,1255.65,31.76,7
ORD-02970,20220514,CUST-0119,PROD-028,GEO-020,Same Day,3,2018.87,0.3,4239.63,858.1,20.24,0
ORD-01557,20220515,CUST-0051,PROD-036,GEO-008,Standard Class,1,8146.46,0.0,8146.46,2036.62,25.0,7
ORD-01437,20220515,CUST-0256,PROD-019,GEO-005,Standard Class,1,4456.64,0.1,4010.98,1059.06,26.4,7
ORD-04892,20220515,CUST-0095,PROD-019,GEO-013,Second Class,1,4685.39,0.0,4685.39,1721.88,36.75,5
ORD-00495,20220515,CUST-0061,PROD-042,GEO-019,Standard Class,3,1808.38,0.05,5153.88,2063.61,40.04,5
ORD-02108,20220515,CUST-0267,PROD-015,GEO-015,Same Day,4,1496.29,0.15,5087.39,1754.77,34.49,0
ORD-02441,20220515,CUST-0023,PROD-034,GEO-007,First Class,1,9875.76,0.15,8394.4,919.19,10.95,2
ORD-03891,20220515,CUST-0293,PROD-016,GEO-011,Same Day,1,44030.67,0.1,39627.6,6823.88,17.22,0
ORD-00681,20220516,CUST-0153,PROD-001,GEO-008,Second Class,1,5745.94,0.2,4596.75,1117.93,24.32,3
ORD-04618,20220516,CUST-0173,PROD-036,GEO-005,Standard Class,5,7790.57,0.1,35057.56,6611.86,18.86,6
ORD-02133,20220516,CUST-0030,PROD-004,GEO-015,Standard Class,1,2597.86,0.05,2467.97,1249.82,50.64,7
ORD-01622,20220517,CUST-0083,PROD-017,GEO-014,Standard Class,1,54339.78,0.1,48905.8,9263.74,18.94,5
ORD-01315,20220517,CUST-0253,PROD-042,GEO-003,Standard Class,2,1864.07,0.05,3541.73,1186.05,33.49,5
ORD-02283,20220517,CUST-0020,PROD-042,GEO-020,First Class,2,1747.11,0.05,3319.51,1329.13,40.04,4
ORD-03015,20220518,CUST-0030,PROD-021,GEO-015,Standard Class,2,3052.97,0.1,5495.35,1656.03,30.14,5
ORD-02540,20220518,CUST-0191,PROD-045,GEO-015,Same Day,3,9066.05,0.05,25838.24,6912.76,26.75,2
ORD-01402,20220518,CUST-0212,PROD-025,GEO-002,First Class,1,333.59,0.2,266.87,70.71,26.5,4
ORD-00474,20220518,CUST-0061,PROD-016,GEO-019,Standard Class,2,41225.63,0.15,70083.57,11255.42,16.06,6
ORD-04349,20220519,CUST-0231,PROD-001,GEO-006,Second Class,2,5625.2,0.05,10687.88,3695.87,34.58,4
ORD-04583,20220519,CUST-0150,PROD-034,GEO-002,Standard Class,2,9999.69,0.05,18999.41,2385.95,12.56,5
ORD-03989,20220520,CUST-0117,PROD-013,GEO-016,Standard Class,4,181.9,0.2,582.08,225.38,38.72,5
ORD-04365,20220520,CUST-0002,PROD-041,GEO-006,First Class,4,25669.92,0.2,82143.74,11040.12,13.44,2
ORD-00357,20220520,CUST-0204,PROD-047,GEO-013,Standard Class,1,3513.55,0.25,2635.16,456.54,17.32,7
ORD-03756,20220520,CUST-0073,PROD-006,GEO-006,Second Class,1,2277.62,0.0,2277.62,911.05,40.0,4
ORD-02759,20220521,CUST-0096,PROD-046,GEO-015,Same Day,1,4587.57,0.3,3211.3,697.98,21.74,2
ORD-01578,20220522,CUST-0254,PROD-019,GEO-017,Standard Class,4,4439.17,0.1,15981.01,5045.21,31.57,5
ORD-00143,20220522,CUST-0181,PROD-005,GEO-011,Standard Class,4,3265.78,0.0,13063.12,5212.19,39.9,7
ORD-01781,20220522,CUST-0076,PROD-039,GEO-010,Same Day,2,834.63,0.05,1585.8,865.85,54.6,0
ORD-04980,20220522,CUST-0269,PROD-022,GEO-003,Standard Class,1,22654.34,0.2,18123.47,2027.51,11.19,5
ORD-01265,20220522,CUST-0214,PROD-008,GEO-015,Standard Class,1,2270.04,0.1,2043.04,844.35,41.33,7
ORD-02368,20220523,CUST-0277,PROD-025,GEO-016,Standard Class,2,362.33,0.0,724.66,358.71,49.5,5
ORD-03910,20220523,CUST-0177,PROD-017,GEO-016,Standard Class,1,53932.98,0.0,53932.98,13051.79,24.2,7
ORD-00330,20220523,CUST-0009,PROD-048,GEO-014,Standard Class,1,1490.1,0.05,1415.59,703.35,49.69,5
ORD-04456,20220524,CUST-0055,PROD-039,GEO-015,Standard Class,2,801.41,0.05,1522.68,872.95,57.33,6
ORD-01987,20220524,CUST-0133,PROD-037,GEO-010,Standard Class,3,3295.87,0.05,9393.23,3590.09,38.22,6
ORD-00141,20220525,CUST-0295,PROD-008,GEO-008,Standard Class,3,2267.44,0.15,5781.97,2026.0,35.04,7
ORD-03428,20220525,CUST-0228,PROD-012,GEO-016,Standard Class,2,1878.13,0.05,3568.45,1786.0,50.05,5
ORD-02746,20220525,CUST-0221,PROD-003,GEO-003,Standard Class,1,1727.94,0.0,1727.94,874.34,50.6,7
ORD-04287,20220526,CUST-0042,PROD-014,GEO-008,First Class,1,452.13,0.3,316.49,84.44,26.68,2
ORD-01230,20220526,CUST-0127,PROD-032,GEO-008,Standard Class,1,4523.26,0.0,4523.26,1583.14,35.0,5
ORD-02318,20220526,CUST-0127,PROD-017,GEO-008,Standard Class,1,54438.77,0.1,48994.89,8838.68,18.04,6
ORD-00430,20220526,CUST-0295,PROD-036,GEO-008,Standard Class,1,7873.96,0.0,7873.96,1968.49,25.0,6
ORD-00271,20220526,CUST-0123,PROD-004,GEO-013,Standard Class,1,2396.91,0.05,2277.06,1153.14,50.64,5
ORD-04727,20220527,CUST-0277,PROD-019,GEO-016,Standard Class,1,4292.68,0.2,3434.14,846.18,24.64,5
ORD-03660,20220527,CUST-0249,PROD-022,GEO-013,First Class,1,21514.43,0.15,18287.27,2663.26,14.56,4
ORD-04566,20220527,CUST-0011,PROD-035,GEO-003,Standard Class,1,18710.06,0.1,16839.05,2286.6,13.58,6
ORD-00348,20220527,CUST-0199,PROD-034,GEO-017,Standard Class,1,9750.97,0.0,9750.97,1608.92,16.5,6
ORD-03517,20220528,CUST-0039,PROD-027,GEO-006,Standard Class,1,368.19,0.15,312.96,109.66,35.04,5
ORD-04294,20220528,CUST-0147,PROD-031,GEO-002,Same Day,3,949.47,0.05,2705.99,1178.03,43.53,2
ORD-03441,20220528,CUST-0073,PROD-034,GEO-006,Standard Class,4,10109.56,0.0,40438.24,6065.74,15.0,6
ORD-03312,20220529,CUST-0243,PROD-043,GEO-011,Same Day,1,6360.01,0.2,5088.01,1025.75,20.16,1
ORD-00980,20220529,CUST-0012,PROD-028,GEO-010,Second Class,1,2054.38,0.05,1951.66,710.4,36.4,3
ORD-03378,20220529,CUST-0277,PROD-020,GEO-016,Standard Class,5,1163.66,0.0,5818.3,3520.08,60.5,7
ORD-00458,20220529,CUST-0085,PROD-035,GEO-006,Second Class,2,18385.11,0.0,36770.22,6618.64,18.0,5
ORD-04600,20220530,CUST-0007,PROD-003,GEO-003,Standard Class,1,1760.17,0.0,1760.17,890.64,50.6,7
ORD-03325,20220531,CUST-0047,PROD-019,GEO-002,Second Class,2,4466.28,0.15,7592.68,1784.74,23.51,3
ORD-00332,20220531,CUST-0025,PROD-001,GEO-019,First Class,1,5657.11,0.1,5091.4,1745.13,34.28,4
ORD-01382,20220531,CUST-0294,PROD-016,GEO-002,Standard Class,1,43237.58,0.05,41075.7,6877.72,16.74,5
ORD-03195,20220531,CUST-0260,PROD-001,GEO-010,Standard Class,4,5659.42,0.1,20373.91,6348.51,31.16,6
ORD-02687,20220531,CUST-0030,PROD-004,GEO-015,Standard Class,4,2556.0,0.2,8179.2,2913.1,35.62,7
ORD-04081,20220601,CUST-0043,PROD-048,GEO-012,First Class,1,1538.53,0.25,1153.9,346.52,30.03,4
ORD-03427,20220601,CUST-0236,PROD-014,GEO-012,First Class,2,431.17,0.0,862.34,525.17,60.9,4
ORD-03527,20220601,CUST-0225,PROD-049,GEO-020,Second Class,2,2068.14,0.0,4136.28,2138.46,51.7,4
ORD-02413,20220601,CUST-0207,PROD-048,GEO-007,Second Class,2,1516.3,0.0,3032.6,1576.95,52.0,3
ORD-01444,20220601,CUST-0046,PROD-016,GEO-014,First Class,1,40136.8,0.2,32109.44,4315.51,13.44,3
ORD-03143,20220602,CUST-0005,PROD-049,GEO-006,Standard Class,1,1941.58,0.35,1262.03,219.47,17.39,5
ORD-04952,20220603,CUST-0089,PROD-011,GEO-001,Standard Class,1,1729.59,0.1,1556.63,469.72,30.18,6
ORD-02054,20220603,CUST-0052,PROD-031,GEO-009,Second Class,1,958.58,0.25,718.94,205.62,28.6,5
ORD-03835,20220603,CUST-0106,PROD-006,GEO-015,Standard Class,1,2160.25,0.05,2052.24,784.37,38.22,5
ORD-00406,20220603,CUST-0152,PROD-030,GEO-018,Same Day,1,553.97,0.1,498.57,170.89,34.28,2
ORD-01572,20220604,CUST-0220,PROD-043,GEO-010,Standard Class,1,6684.14,0.05,6349.93,1733.53,27.3,5
ORD-04874,20220605,CUST-0149,PROD-049,GEO-020,Standard Class,2,2072.78,0.05,3938.28,1852.84,47.05,5
ORD-01256,20220605,CUST-0021,PROD-032,GEO-014,Second Class,1,4531.01,0.05,4304.46,1439.52,33.44,5
ORD-02106,20220605,CUST-0129,PROD-022,GEO-015,Standard Class,4,22053.37,0.2,70570.78,9010.48,12.77,5
ORD-00218,20220606,CUST-0231,PROD-030,GEO-006,Standard Class,1,577.32,0.3,404.12,70.64,17.48,5
ORD-01754,20220606,CUST-0126,PROD-041,GEO-001,Standard Class,2,24079.53,0.0,48159.06,9304.33,19.32,5
ORD-01996,20220606,CUST-0267,PROD-043,GEO-015,Standard Class,3,6454.77,0.05,18396.09,5273.24,28.67,5
ORD-02873,20220606,CUST-0251,PROD-030,GEO-020,First Class,1,558.95,0.1,503.06,172.42,34.27,3
ORD-00220,20220607,CUST-0215,PROD-010,GEO-012,First Class,1,3572.37,0.1,3215.13,1384.11,43.05,2
ORD-03472,20220607,CUST-0268,PROD-041,GEO-015,Second Class,4,26035.58,0.0,104142.32,22963.38,22.05,3
ORD-02589,20220607,CUST-0068,PROD-041,GEO-018,Standard Class,1,25564.4,0.15,21729.74,3664.29,16.86,5
ORD-01843,20220607,CUST-0231,PROD-049,GEO-006,Standard Class,1,2024.75,0.15,1721.04,590.49,34.31,6
ORD-02436,20220607,CUST-0001,PROD-017,GEO-001,Standard Class,1,52735.72,0.0,52735.72,10673.71,20.24,6
ORD-04283,20220608,CUST-0113,PROD-008,GEO-003,Second Class,3,2262.05,0.0,6786.15,2996.76,44.16,4
ORD-03674,20220608,CUST-0181,PROD-038,GEO-011,Standard Class,5,1255.97,0.35,4081.9,919.78,22.53,6
ORD-04196,20220608,CUST-0141,PROD-039,GEO-012,Standard Class,2,776.67,0.0,1553.34,978.6,63.0,7
ORD-02908,20220608,CUST-0182,PROD-037,GEO-020,Standard Class,3,3148.35,0.0,9445.05,4363.61,46.2,7
ORD-03727,20220608,CUST-0100,PROD-031,GEO-012,Standard Class,1,923.29,0.15,784.8,312.81,39.86,7
ORD-03641,20220608,CUST-0100,PROD-048,GEO-012,Second Class,2,1519.14,0.05,2886.37,1434.12,49.69,4
ORD-03950,20220609,CUST-0122,PROD-049,GEO-002,First Class,1,2082.05,0.1,1873.85,664.41,35.46,3
ORD-03491,20220609,CUST-0273,PROD-041,GEO-007,Second Class,2,24044.41,0.05,45684.38,8730.29,19.11,4
ORD-02519,20220610,CUST-0096,PROD-048,GEO-015,Second Class,1,1481.26,0.35,962.82,194.51,20.2,4
ORD-04946,20220610,CUST-0017,PROD-048,GEO-001,Standard Class,4,1466.96,0.0,5867.84,2807.18,47.84,5
ORD-03601,20220610,CUST-0054,PROD-041,GEO-013,Second Class,1,24799.24,0.25,18599.43,2255.64,12.13,3
ORD-01824,20220610,CUST-0081,PROD-028,GEO-008,Standard Class,1,2103.67,0.1,1893.3,621.0,32.8,7
ORD-04371,20220611,CUST-0280,PROD-001,GEO-009,Second Class,5,5773.56,0.0,28867.8,10969.76,38.0,5
ORD-03023,20220611,CUST-0040,PROD-023,GEO-008,Second Class,4,3872.96,0.05,14717.25,4821.37,32.76,5
ORD-03051,20220611,CUST-0044,PROD-039,GEO-014,Standard Class,1,787.91,0.0,787.91,496.39,63.0,7
ORD-00521,20220612,CUST-0185,PROD-027,GEO-014,Standard Class,1,380.86,0.05,361.82,165.94,45.86,5
ORD-00201,20220612,CUST-0041,PROD-029,GEO-011,Standard Class,1,2858.54,0.1,2572.69,664.52,25.83,5
ORD-00011,20220612,CUST-0277,PROD-009,GEO-016,Standard Class,2,2392.64,0.0,4785.28,2000.25,41.8,5
ORD-04209,20220612,CUST-0026,PROD-044,GEO-013,Standard Class,2,833.21,0.1,1499.78,800.61,53.38,5
ORD-04463,20220613,CUST-0218,PROD-045,GEO-002,Standard Class,3,9504.78,0.0,28514.34,7345.3,25.76,7
ORD-01797,20220614,CUST-0269,PROD-009,GEO-003,Standard Class,2,2586.58,0.0,5173.16,1808.54,34.96,6
ORD-00422,20220614,CUST-0185,PROD-012,GEO-014,Second Class,1,1791.72,0.35,1164.62,226.22,19.42,3
ORD-00970,20220614,CUST-0265,PROD-023,GEO-018,First Class,4,3659.89,0.1,13175.6,4278.38,32.47,3
ORD-04986,20220615,CUST-0064,PROD-020,GEO-007,Same Day,3,1199.69,0.2,2879.26,1013.5,35.2,0
ORD-02272,20220615,CUST-0088,PROD-014,GEO-005,Second Class,5,440.95,0.05,2094.51,1017.04,48.56,3
ORD-04080,20220615,CUST-0244,PROD-016,GEO-005,Standard Class,2,42532.2,0.35,55291.86,3764.27,6.81,7
ORD-04325,20220615,CUST-0017,PROD-018,GEO-001,Standard Class,1,766.43,0.0,766.43,296.15,38.64,6
ORD-03205,20220615,CUST-0253,PROD-032,GEO-003,First Class,4,4682.69,0.2,14984.61,3088.03,20.61,3
ORD-03718,20220615,CUST-0292,PROD-020,GEO-006,Second Class,2,1151.17,0.3,1611.64,407.74,25.3,5
ORD-00916,20220615,CUST-0092,PROD-021,GEO-001,Second Class,2,3303.68,0.05,6276.99,1839.28,29.3,5
ORD-03359,20220616,CUST-0190,PROD-043,GEO-006,Standard Class,5,6734.94,0.05,31990.96,8733.53,27.3,6
ORD-00383,20220616,CUST-0270,PROD-024,GEO-011,Second Class,1,224.99,0.3,157.49,38.03,24.15,4
ORD-04012,20220616,CUST-0291,PROD-004,GEO-003,First Class,3,2438.08,0.05,6948.53,3083.18,44.37,2
ORD-00437,20220616,CUST-0124,PROD-031,GEO-011,Standard Class,4,946.45,0.0,3785.8,2067.05,54.6,7
ORD-02326,20220617,CUST-0219,PROD-041,GEO-020,First Class,1,24346.79,0.05,23129.45,4862.04,21.02,4
ORD-04425,20220617,CUST-0098,PROD-031,GEO-012,Standard Class,2,904.49,0.0,1808.98,987.7,54.6,7
ORD-01694,20220617,CUST-0061,PROD-030,GEO-019,First Class,1,560.87,0.05,532.83,202.68,38.04,2
ORD-03673,20220618,CUST-0234,PROD-002,GEO-005,Standard Class,1,1443.41,0.1,1299.07,411.61,31.68,6
ORD-03788,20220618,CUST-0250,PROD-020,GEO-017,Standard Class,1,1251.45,0.25,938.59,312.31,33.27,7
ORD-01344,20220620,CUST-0145,PROD-041,GEO-018,First Class,1,25619.13,0.05,24338.17,5116.12,21.02,2
ORD-04159,20220620,CUST-0075,PROD-016,GEO-013,Second Class,1,43728.61,0.05,41542.18,7938.71,19.11,5
ORD-03235,20220620,CUST-0207,PROD-044,GEO-007,Standard Class,1,876.83,0.05,832.99,469.97,56.42,7
ORD-02321,20220620,CUST-0076,PROD-014,GEO-010,Standard Class,2,459.08,0.05,872.25,460.37,52.78,5
ORD-00571,20220621,CUST-0081,PROD-042,GEO-008,Second Class,2,1789.66,0.05,3400.35,1237.73,36.4,3
ORD-01884,20220621,CUST-0205,PROD-034,GEO-016,Standard Class,1,10218.46,0.0,10218.46,1686.05,16.5,5
ORD-04453,20220621,CUST-0268,PROD-048,GEO-015,First Class,4,1507.93,0.15,5126.96,2043.5,39.86,4
ORD-04643,20220621,CUST-0232,PROD-008,GEO-007,Standard Class,1,2128.09,0.0,2128.09,1021.48,48.0,7
ORD-01812,20220622,CUST-0202,PROD-030,GEO-003,Second Class,1,590.83,0.2,472.66,105.75,22.37,4
ORD-03534,20220622,CUST-0133,PROD-007,GEO-010,Second Class,1,627.13,0.05,595.77,216.86,36.4,5
ORD-01247,20220622,CUST-0023,PROD-050,GEO-007,Standard Class,4,1723.57,0.0,6894.28,3102.43,45.0,5
ORD-03570,20220622,CUST-0245,PROD-021,GEO-004,Standard Class,1,3251.24,0.1,2926.12,772.62,26.4,7
ORD-02315,20220622,CUST-0224,PROD-010,GEO-016,Same Day,1,3613.96,0.1,3252.56,1466.9,45.1,2
ORD-00135,20220623,CUST-0010,PROD-031,GEO-017,Second Class,2,905.46,0.0,1810.92,1035.85,57.2,3
ORD-00808,20220623,CUST-0052,PROD-023,GEO-009,Standard Class,4,3692.21,0.05,14030.4,4596.36,32.76,7
ORD-02572,20220623,CUST-0091,PROD-019,GEO-016,Standard Class,1,4338.12,0.25,3253.59,688.95,21.18,5
ORD-02681,20220623,CUST-0243,PROD-028,GEO-011,Same Day,2,2094.69,0.1,3770.44,1298.54,34.44,1
ORD-01208,20220624,CUST-0120,PROD-016,GEO-002,Second Class,1,41102.38,0.05,39047.26,6538.07,16.74,4
ORD-01784,20220624,CUST-0083,PROD-049,GEO-014,Standard Class,4,1925.5,0.2,6161.6,1946.08,31.58,7
ORD-01456,20220625,CUST-0141,PROD-021,GEO-012,Standard Class,2,3265.76,0.25,4898.64,990.14,20.21,5
ORD-02878,20220626,CUST-0280,PROD-012,GEO-009,Standard Class,3,1776.86,0.3,3731.41,858.22,23.0,7
ORD-03827,20220626,CUST-0199,PROD-047,GEO-017,First Class,1,3484.31,0.05,3310.09,994.02,30.03,2
ORD-02372,20220626,CUST-0113,PROD-022,GEO-003,Standard Class,1,21238.74,0.05,20176.8,3209.48,15.91,7
ORD-01952,20220627,CUST-0250,PROD-010,GEO-017,Standard Class,3,3435.85,0.1,9276.8,4183.84,45.1,6
ORD-03061,20220627,CUST-0093,PROD-032,GEO-018,Standard Class,2,4394.07,0.2,7030.51,1732.31,24.64,6
ORD-04274,20220627,CUST-0241,PROD-029,GEO-015,First Class,2,2760.83,0.0,5521.66,1739.32,31.5,4
ORD-01084,20220627,CUST-0286,PROD-017,GEO-007,Standard Class,1,53041.27,0.0,53041.27,11669.08,22.0,6
ORD-01790,20220628,CUST-0015,PROD-004,GEO-014,First Class,1,2451.91,0.0,2451.91,1364.49,55.65,3
ORD-00760,20220628,CUST-0066,PROD-019,GEO-007,Standard Class,1,4287.53,0.0,4287.53,1500.64,35.0,7
ORD-03301,20220628,CUST-0108,PROD-038,GEO-018,Standard Class,3,1245.91,0.2,2990.18,1220.95,40.83,5
ORD-01490,20220628,CUST-0031,PROD-035,GEO-020,Second Class,2,18292.27,0.05,34755.31,6262.21,18.02,4
ORD-03551,20220629,CUST-0078,PROD-040,GEO-001,Standard Class,3,115.58,0.15,294.73,118.76,40.29,5
ORD-00446,20220629,CUST-0051,PROD-019,GEO-008,Standard Class,4,4724.02,0.0,18896.08,6613.63,35.0,5
ORD-01495,20220629,CUST-0227,PROD-001,GEO-007,Standard Class,1,5408.82,0.05,5138.38,1776.85,34.58,5
ORD-02465,20220629,CUST-0066,PROD-029,GEO-007,Second Class,4,2746.74,0.0,10986.96,3296.09,30.0,3
ORD-01667,20220630,CUST-0009,PROD-042,GEO-014,Second Class,1,1762.05,0.05,1673.95,639.79,38.22,3
ORD-03292,20220630,CUST-0152,PROD-012,GEO-018,Second Class,4,1801.06,0.1,6483.82,2924.21,45.1,5
ORD-04935,20220630,CUST-0014,PROD-035,GEO-011,Standard Class,3,18697.26,0.0,56091.78,10601.35,18.9,5
ORD-00754,20220630,CUST-0152,PROD-036,GEO-018,Standard Class,5,8277.51,0.15,35179.42,7062.26,20.07,6
ORD-03126,20220630,CUST-0148,PROD-016,GEO-015,First Class,3,41446.16,0.05,118121.56,22573.03,19.11,4
ORD-01989,20220701,CUST-0191,PROD-019,GEO-015,Standard Class,1,4395.02,0.05,4175.27,1396.31,33.44,7
ORD-04204,20220701,CUST-0188,PROD-035,GEO-016,Second Class,1,17720.83,0.15,15062.71,2177.16,14.45,4
ORD-02761,20220702,CUST-0194,PROD-001,GEO-006,Second Class,1,5655.64,0.05,5372.86,1857.93,34.58,5
ORD-01853,20220702,CUST-0092,PROD-019,GEO-001,First Class,2,4445.62,0.1,8002.12,2112.88,26.4,2
ORD-04508,20220702,CUST-0162,PROD-034,GEO-006,Second Class,1,9598.32,0.15,8158.57,893.36,10.95,5
ORD-01948,20220703,CUST-0184,PROD-031,GEO-009,Standard Class,1,911.97,0.1,820.77,349.98,42.64,6
ORD-00293,20220703,CUST-0004,PROD-025,GEO-012,Standard Class,1,337.75,0.1,303.98,117.78,38.75,6
ORD-03965,20220703,CUST-0153,PROD-031,GEO-008,Second Class,5,960.13,0.1,4320.58,1842.3,42.64,3
ORD-03166,20220703,CUST-0205,PROD-032,GEO-016,Standard Class,1,4473.62,0.25,3355.22,710.47,21.18,5
ORD-01826,20220703,CUST-0069,PROD-042,GEO-014,Second Class,3,1859.16,0.05,5298.61,2025.12,38.22,3
ORD-04875,20220703,CUST-0171,PROD-049,GEO-010,Standard Class,2,1955.21,0.1,3519.38,1356.37,38.54,6
ORD-02190,20220704,CUST-0279,PROD-039,GEO-001,Second Class,1,828.18,0.05,786.77,395.21,50.23,3
ORD-04520,20220704,CUST-0133,PROD-044,GEO-010,Standard Class,1,861.34,0.0,861.34,534.03,62.0,6
ORD-01009,20220704,CUST-0130,PROD-005,GEO-012,First Class,1,3347.44,0.0,3347.44,1335.63,39.9,4
ORD-02320,20220704,CUST-0076,PROD-022,GEO-010,Standard Class,4,21167.56,0.15,71969.7,9982.2,13.87,7
ORD-03703,20220704,CUST-0199,PROD-002,GEO-017,Second Class,1,1498.87,0.0,1498.87,692.48,46.2,5
ORD-02150,20220705,CUST-0113,PROD-035,GEO-003,Second Class,1,17400.31,0.05,16530.29,2491.05,15.07,5
ORD-00181,20220705,CUST-0061,PROD-022,GEO-019,Second Class,1,21975.02,0.05,20876.27,3970.46,19.02,4
ORD-03164,20220705,CUST-0166,PROD-002,GEO-020,First Class,1,1460.11,0.0,1460.11,674.58,46.2,4
ORD-00468,20220706,CUST-0059,PROD-011,GEO-003,Second Class,3,1836.46,0.3,3856.57,652.84,16.93,5
ORD-04126,20220706,CUST-0116,PROD-020,GEO-009,First Class,1,1174.07,0.0,1174.07,645.74,55.0,3
ORD-03043,20220706,CUST-0173,PROD-025,GEO-005,Standard Class,4,348.78,0.15,1185.85,358.39,30.22,7
ORD-03439,20220706,CUST-0075,PROD-016,GEO-013,First Class,4,41016.25,0.0,164065.0,34453.65,21.0,4
ORD-01659,20220707,CUST-0079,PROD-022,GEO-014,First Class,1,22528.69,0.25,16896.52,1853.97,10.97,3
ORD-01123,20220707,CUST-0113,PROD-005,GEO-003,Standard Class,2,3205.53,0.05,6090.51,1937.61,31.81,5
ORD-04111,20220707,CUST-0286,PROD-021,GEO-007,Standard Class,1,3333.98,0.3,2333.79,375.74,16.1,6
ORD-04791,20220707,CUST-0266,PROD-029,GEO-011,Standard Class,1,2889.78,0.25,2167.34,375.49,17.32,6
ORD-01468,20220707,CUST-0243,PROD-004,GEO-011,Standard Class,2,2380.97,0.0,4761.94,2650.02,55.65,5
ORD-03690,20220708,CUST-0208,PROD-047,GEO-007,First Class,1,3590.07,0.0,3590.07,1077.02,30.0,2
ORD-00950,20220708,CUST-0101,PROD-048,GEO-014,Second Class,2,1502.9,0.05,2855.51,1418.79,49.69,5
ORD-04698,20220708,CUST-0035,PROD-003,GEO-015,Same Day,1,1805.98,0.0,1805.98,1042.95,57.75,0
ORD-00967,20220708,CUST-0141,PROD-004,GEO-012,Standard Class,1,2615.92,0.0,2615.92,1455.76,55.65,7
ORD-01747,20220708,CUST-0201,PROD-015,GEO-007,Standard Class,1,1493.14,0.2,1194.51,344.02,28.8,6
ORD-01166,20220708,CUST-0152,PROD-010,GEO-018,Second Class,1,3424.64,0.0,3424.64,1883.55,55.0,5
ORD-02003,20220709,CUST-0203,PROD-022,GEO-018,Same Day,4,22460.4,0.0,89841.6,18776.89,20.9,2
ORD-04149,20220709,CUST-0143,PROD-003,GEO-016,Second Class,5,1866.51,0.4,5599.53,948.56,16.94,5
ORD-00713,20220710,CUST-0211,PROD-038,GEO-007,First Class,1,1152.7,0.0,1152.7,668.57,58.0,3
ORD-03191,20220710,CUST-0052,PROD-049,GEO-009,Standard Class,1,1910.33,0.0,1910.33,897.86,47.0,7
ORD-00989,20220710,CUST-0262,PROD-010,GEO-003,Same Day,2,3576.04,0.25,5364.06,1357.11,25.3,0
ORD-03055,20220710,CUST-0165,PROD-038,GEO-009,First Class,3,1160.04,0.0,3480.12,2018.47,58.0,2
ORD-00014,20220712,CUST-0090,PROD-031,GEO-016,Standard Class,4,909.09,0.0,3636.36,2080.0,57.2,5
ORD-03585,20220712,CUST-0192,PROD-043,GEO-003,Standard Class,3,6286.91,0.2,15088.58,2665.25,17.66,7
ORD-00680,20220712,CUST-0277,PROD-032,GEO-016,Standard Class,2,4394.47,0.3,6152.26,1089.56,17.71,7
ORD-04002,20220713,CUST-0145,PROD-010,GEO-018,Second Class,1,3616.62,0.1,3254.96,1467.98,45.1,5
ORD-00247,20220713,CUST-0243,PROD-015,GEO-011,Standard Class,2,1487.03,0.0,2974.06,1405.25,47.25,7
ORD-02348,20220713,CUST-0267,PROD-022,GEO-015,Standard Class,3,21355.05,0.1,57658.63,9432.37,16.36,6
ORD-01838,20220714,CUST-0098,PROD-022,GEO-012,Second Class,1,21699.31,0.0,21699.31,4329.01,19.95,4
ORD-01965,20220714,CUST-0044,PROD-036,GEO-014,Standard Class,4,7658.37,0.15,26038.46,4989.62,19.16,6
ORD-02859,20220714,CUST-0295,PROD-009,GEO-008,Second Class,3,2496.19,0.1,6739.71,2100.09,31.16,3
ORD-00636,20220715,CUST-0124,PROD-050,GEO-011,First Class,2,1782.34,0.1,3208.21,1243.02,38.74,4
ORD-04175,20220715,CUST-0293,PROD-043,GEO-011,Same Day,1,6817.9,0.0,6817.9,2147.64,31.5,2
ORD-01137,20220715,CUST-0029,PROD-016,GEO-008,Second Class,5,40500.86,0.0,202504.3,40500.86,20.0,4
ORD-03385,20220716,CUST-0141,PROD-049,GEO-012,Standard Class,4,2094.33,0.1,7539.59,3051.05,40.47,6
ORD-04036,20220716,CUST-0104,PROD-045,GEO-012,First Class,2,9351.7,0.0,18703.4,5498.8,29.4,2
ORD-00875,20220716,CUST-0103,PROD-032,GEO-010,Standard Class,2,4458.5,0.0,8917.0,3120.95,35.0,5
ORD-00294,20220716,CUST-0229,PROD-045,GEO-010,Standard Class,1,9399.75,0.05,8929.76,2275.3,25.48,6
ORD-01778,20220717,CUST-0240,PROD-044,GEO-002,Second Class,1,876.71,0.3,613.7,161.03,26.24,5
ORD-04562,20220717,CUST-0205,PROD-018,GEO-016,Second Class,3,739.43,0.15,1885.55,635.92,33.73,3
ORD-03027,20220717,CUST-0270,PROD-029,GEO-011,Second Class,2,2784.69,0.15,4733.97,1088.58,23.0,4
ORD-04452,20220717,CUST-0057,PROD-047,GEO-020,Second Class,2,3484.82,0.05,6621.16,1988.34,30.03,5
ORD-02741,20220717,CUST-0146,PROD-041,GEO-020,Standard Class,2,25726.04,0.1,46306.87,8771.44,18.94,7
ORD-00419,20220718,CUST-0155,PROD-035,GEO-016,Standard Class,1,18702.17,0.0,18702.17,3703.03,19.8,6
ORD-00407,20220718,CUST-0043,PROD-036,GEO-012,Standard Class,2,7691.59,0.15,13075.7,2505.64,19.16,5
ORD-02170,20220718,CUST-0243,PROD-037,GEO-011,Second Class,1,3313.37,0.25,2485.03,602.74,24.25,5
ORD-04170,20220718,CUST-0275,PROD-048,GEO-003,Second Class,3,1465.66,0.35,2858.04,505.9,17.7,3
ORD-02576,20220719,CUST-0167,PROD-040,GEO-011,Second Class,1,119.65,0.0,119.65,75.38,63.0,3
ORD-00351,20220719,CUST-0027,PROD-049,GEO-018,Standard Class,1,2070.0,0.3,1449.0,344.6,23.78,6
ORD-01051,20220720,CUST-0294,PROD-046,GEO-002,Standard Class,4,4650.74,0.1,16742.66,5683.8,33.95,5
ORD-04799,20220720,CUST-0121,PROD-016,GEO-004,Second Class,2,41181.3,0.1,74126.34,11184.18,15.09,3
ORD-01068,20220720,CUST-0122,PROD-015,GEO-002,Standard Class,3,1432.35,0.0,4297.05,1778.98,41.4,6
ORD-02330,20220720,CUST-0074,PROD-046,GEO-015,First Class,1,4599.83,0.1,4139.85,1603.98,38.74,4
ORD-03300,20220720,CUST-0283,PROD-019,GEO-013,Standard Class,1,4680.97,0.0,4680.97,1720.26,36.75,5
ORD-02050,20220720,CUST-0059,PROD-002,GEO-003,Standard Class,3,1448.89,0.0,4346.67,1679.55,38.64,5
ORD-02053,20220720,CUST-0010,PROD-014,GEO-017,Standard Class,1,429.6,0.0,429.6,274.09,63.8,7
ORD-02657,20220720,CUST-0124,PROD-042,GEO-011,Standard Class,1,1763.17,0.2,1410.54,379.16,26.88,5
ORD-03505,20220720,CUST-0214,PROD-041,GEO-015,First Class,2,24036.7,0.05,45669.73,9163.86,20.07,2
ORD-04448,20220721,CUST-0200,PROD-012,GEO-017,Second Class,2,1711.96,0.25,2567.94,776.8,30.25,3
ORD-01588,20220721,CUST-0219,PROD-015,GEO-020,Standard Class,3,1447.9,0.1,3909.33,1586.79,40.59,7
ORD-01563,20220721,CUST-0184,PROD-010,GEO-009,Standard Class,5,3467.88,0.15,14738.49,5379.55,36.5,5
ORD-02825,20220722,CUST-0195,PROD-008,GEO-008,Same Day,2,2173.73,0.0,4347.46,2086.78,48.0,2
ORD-03035,20220722,CUST-0018,PROD-040,GEO-014,Standard Class,2,120.1,0.0,240.2,151.33,63.0,6
ORD-02882,20220722,CUST-0058,PROD-004,GEO-008,Standard Class,1,2389.01,0.0,2389.01,1266.18,53.0,7
ORD-01473,20220722,CUST-0172,PROD-021,GEO-019,Standard Class,3,3154.4,0.1,8516.88,2688.77,31.57,6
ORD-00798,20220722,CUST-0267,PROD-014,GEO-015,Second Class,2,463.64,0.05,880.92,488.2,55.42,5
ORD-03929,20220724,CUST-0077,PROD-023,GEO-004,Standard Class,5,3775.62,0.2,15102.48,3201.24,21.2,6
ORD-00392,20220724,CUST-0244,PROD-048,GEO-005,Standard Class,1,1490.19,0.05,1415.68,616.31,43.53,5
ORD-01095,20220724,CUST-0203,PROD-043,GEO-018,Second Class,1,6193.28,0.15,5264.29,1268.17,24.09,4
ORD-02609,20220724,CUST-0054,PROD-047,GEO-013,First Class,1,3522.91,0.15,2994.47,688.58,23.0,3
ORD-00817,20220725,CUST-0234,PROD-022,GEO-005,Standard Class,2,22831.67,0.1,41097.01,5890.68,14.33,6
ORD-00054,20220726,CUST-0042,PROD-037,GEO-008,Second Class,1,3151.44,0.25,2363.58,545.99,23.1,4
ORD-04279,20220726,CUST-0248,PROD-044,GEO-020,First Class,1,824.45,0.05,783.23,486.09,62.06,3
ORD-01108,20220727,CUST-0277,PROD-011,GEO-016,Second Class,1,1823.4,0.1,1641.06,592.1,36.08,5
ORD-03291,20220727,CUST-0097,PROD-028,GEO-004,First Class,1,2138.2,0.05,2031.29,680.24,33.49,2
ORD-01870,20220727,CUST-0261,PROD-040,GEO-010,Second Class,2,116.41,0.1,209.54,103.09,49.2,5
ORD-02852,20220727,CUST-0226,PROD-048,GEO-002,Standard Class,2,1431.24,0.15,2433.11,849.72,34.92,6
ORD-03182,20220727,CUST-0018,PROD-009,GEO-014,Standard Class,1,2459.53,0.15,2090.6,608.93,29.13,7
ORD-01377,20220727,CUST-0061,PROD-008,GEO-019,Standard Class,3,2140.18,0.2,5136.43,1735.7,33.79,5
ORD-04029,20220728,CUST-0286,PROD-017,GEO-007,Standard Class,1,53448.04,0.15,45430.83,7296.19,16.06,6
ORD-00285,20220728,CUST-0240,PROD-016,GEO-002,Standard Class,1,42807.08,0.0,42807.08,7876.51,18.4,5
ORD-03878,20220728,CUST-0021,PROD-012,GEO-014,Standard Class,1,1778.52,0.2,1422.82,478.07,33.6,7
ORD-00159,20220728,CUST-0170,PROD-043,GEO-003,Same Day,2,6324.94,0.1,11384.89,2576.63,22.63,0
ORD-02780,20220729,CUST-0138,PROD-034,GEO-014,Standard Class,3,10065.02,0.15,25665.8,2950.93,11.5,6
ORD-03970,20220729,CUST-0056,PROD-032,GEO-008,Second Class,1,4672.8,0.1,4205.52,1206.98,28.7,4
ORD-03280,20220729,CUST-0160,PROD-043,GEO-012,Second Class,1,6226.87,0.15,5292.84,1217.09,23.0,5
ORD-02457,20220729,CUST-0116,PROD-009,GEO-009,First Class,3,2429.12,0.2,5829.89,1417.83,24.32,2
ORD-00862,20220729,CUST-0128,PROD-027,GEO-010,First Class,1,375.31,0.3,262.72,58.01,22.08,3
ORD-03190,20220730,CUST-0155,PROD-046,GEO-016,Standard Class,2,4295.66,0.15,7302.62,2638.8,36.13,6
ORD-01815,20220730,CUST-0018,PROD-022,GEO-014,Second Class,1,21066.22,0.25,15799.66,1733.61,10.97,3
ORD-02814,20220731,CUST-0155,PROD-002,GEO-016,Standard Class,3,1541.95,0.3,3238.1,688.16,21.25,6
ORD-00169,20220731,CUST-0223,PROD-020,GEO-015,First Class,2,1172.04,0.1,2109.67,999.03,47.35,4
ORD-01058,20220731,CUST-0295,PROD-008,GEO-008,Standard Class,1,2231.04,0.25,1673.28,441.75,26.4,6
ORD-00084,20220731,CUST-0156,PROD-007,GEO-004,First Class,5,665.01,0.0,3325.05,1223.62,36.8,4
ORD-02806,20220731,CUST-0024,PROD-048,GEO-001,First Class,1,1447.86,0.0,1447.86,692.66,47.84,3
ORD-03233,20220731,CUST-0099,PROD-033,GEO-018,Standard Class,1,437.6,0.15,371.96,137.39,36.94,6
ORD-03380,20220801,CUST-0224,PROD-035,GEO-016,Standard Class,2,18522.92,0.0,37045.84,7335.08,19.8,7
ORD-00487,20220801,CUST-0017,PROD-004,GEO-001,Second Class,1,2610.68,0.3,1827.48,409.9,22.43,3
ORD-04613,20220801,CUST-0232,PROD-047,GEO-007,Second Class,1,3608.01,0.35,2345.21,260.32,11.1,4
ORD-02034,20220801,CUST-0010,PROD-046,GEO-017,Standard Class,1,4510.82,0.2,3608.66,1143.22,31.68,5
ORD-03446,20220802,CUST-0291,PROD-001,GEO-003,Standard Class,4,5504.81,0.25,16514.43,3175.4,19.23,7
ORD-00715,20220802,CUST-0089,PROD-035,GEO-001,Standard Class,1,17175.45,0.2,13740.36,1456.26,10.6,6
ORD-03278,20220802,CUST-0023,PROD-034,GEO-007,Standard Class,2,9991.41,0.1,17984.54,2212.1,12.3,7
ORD-02471,20220803,CUST-0147,PROD-019,GEO-002,Standard Class,1,4405.79,0.05,4185.5,1226.43,29.3,6
ORD-01031,20220803,CUST-0045,PROD-047,GEO-019,Standard Class,1,3571.41,0.05,3392.84,1018.88,30.03,6
ORD-03139,20220803,CUST-0172,PROD-004,GEO-019,Second Class,5,2609.45,0.1,11742.52,5613.63,47.81,4
ORD-03522,20220803,CUST-0176,PROD-010,GEO-019,First Class,1,3487.03,0.1,3138.33,1415.39,45.1,4
ORD-01260,20220803,CUST-0257,PROD-041,GEO-009,Standard Class,1,25203.97,0.25,18902.98,2183.29,11.55,5
ORD-00004,20220803,CUST-0204,PROD-048,GEO-013,Second Class,1,1462.54,0.0,1462.54,798.55,54.6,3
ORD-03657,20220803,CUST-0144,PROD-044,GEO-017,Standard Class,1,872.19,0.2,697.75,304.56,43.65,6
ORD-03642,20220803,CUST-0116,PROD-037,GEO-009,Second Class,2,3171.45,0.0,6342.9,2664.02,42.0,3
ORD-02891,20220804,CUST-0214,PROD-034,GEO-015,Standard Class,2,9939.82,0.1,17891.68,2310.71,12.91,6
ORD-00945,20220804,CUST-0224,PROD-008,GEO-016,Second Class,4,2294.64,0.15,7801.78,3007.11,38.54,4
ORD-01487,20220804,CUST-0233,PROD-047,GEO-020,Standard Class,1,3355.65,0.2,2684.52,566.97,21.12,6
ORD-04430,20220804,CUST-0112,PROD-042,GEO-010,Standard Class,2,1844.99,0.35,2398.49,354.98,14.8,5
ORD-01546,20220804,CUST-0107,PROD-025,GEO-009,Standard Class,1,360.71,0.1,324.64,119.79,36.9,5
ORD-00539,20220805,CUST-0127,PROD-030,GEO-008,Standard Class,2,558.64,0.05,1061.42,367.04,34.58,7
ORD-04163,20220805,CUST-0299,PROD-042,GEO-010,First Class,2,1711.16,0.0,3422.32,1368.93,40.0,4
ORD-00750,20220805,CUST-0167,PROD-039,GEO-011,Standard Class,2,776.12,0.2,1241.79,500.69,40.32,6
ORD-04136,20220806,CUST-0190,PROD-041,GEO-006,Standard Class,4,24397.29,0.0,97589.16,20493.72,21.0,6
ORD-03476,20220806,CUST-0283,PROD-023,GEO-013,Standard Class,1,3716.69,0.1,3345.02,1036.82,31.0,5
ORD-00555,20220806,CUST-0079,PROD-045,GEO-014,Second Class,1,9592.78,0.0,9592.78,2820.28,29.4,3
ORD-02086,20220806,CUST-0057,PROD-004,GEO-020,Standard Class,1,2533.5,0.0,2533.5,1477.04,58.3,7
ORD-04169,20220806,CUST-0036,PROD-019,GEO-005,Second Class,1,4546.58,0.1,4091.92,1080.43,26.4,3
ORD-00010,20220806,CUST-0002,PROD-028,GEO-006,Second Class,1,2126.43,0.05,2020.11,735.32,36.4,3
ORD-04894,20220807,CUST-0009,PROD-034,GEO-014,First Class,2,10480.53,0.05,19913.01,2854.04,14.33,3
ORD-04939,20220807,CUST-0254,PROD-035,GEO-017,Standard Class,4,17187.16,0.0,68748.64,13612.24,19.8,5
ORD-02697,20220808,CUST-0059,PROD-017,GEO-003,Same Day,1,53692.74,0.0,53692.74,10867.41,20.24,1
ORD-00042,20220808,CUST-0059,PROD-006,GEO-003,Standard Class,3,2249.66,0.3,4724.29,799.73,16.93,7
ORD-03136,20220808,CUST-0071,PROD-048,GEO-018,First Class,3,1448.88,0.0,4346.64,2486.28,57.2,4
ORD-00465,20220808,CUST-0106,PROD-009,GEO-015,Second Class,1,2469.33,0.25,1852.0,406.42,21.94,5
ORD-04104,20220809,CUST-0018,PROD-004,GEO-014,Second Class,1,2427.41,0.05,2306.04,1167.81,50.64,4
ORD-04183,20220810,CUST-0113,PROD-001,GEO-003,Standard Class,2,5560.8,0.2,8897.28,1990.71,22.37,5
ORD-02067,20220810,CUST-0285,PROD-023,GEO-004,Standard Class,1,3748.33,0.05,3560.91,1073.23,30.14,6
ORD-04774,20220810,CUST-0086,PROD-031,GEO-007,Standard Class,3,960.3,0.35,1872.58,360.28,19.24,7
ORD-00622,20220811,CUST-0141,PROD-031,GEO-012,First Class,5,906.33,0.0,4531.65,2474.28,54.6,3
ORD-00626,20220811,CUST-0045,PROD-028,GEO-019,Second Class,2,2118.26,0.25,3177.39,768.93,24.2,4
ORD-00233,20220811,CUST-0282,PROD-015,GEO-002,Standard Class,1,1574.91,0.15,1338.67,404.57,30.22,7
ORD-03520,20220811,CUST-0128,PROD-042,GEO-010,Second Class,3,1779.33,0.1,4804.19,1575.77,32.8,5
ORD-04478,20220812,CUST-0062,PROD-049,GEO-011,First Class,1,1994.6,0.0,1994.6,984.33,49.35,4
ORD-01059,20220812,CUST-0262,PROD-046,GEO-003,Standard Class,1,4437.03,0.35,2884.07,441.78,15.32,6
ORD-00949,20220812,CUST-0042,PROD-044,GEO-008,Second Class,1,860.49,0.15,731.42,331.04,45.26,3
ORD-01565,20220812,CUST-0031,PROD-021,GEO-020,Standard Class,1,3130.65,0.15,2661.05,747.89,28.11,5
ORD-00499,20220813,CUST-0273,PROD-029,GEO-007,Second Class,2,2782.36,0.0,5564.72,1669.42,30.0,5
ORD-02084,20220813,CUST-0019,PROD-042,GEO-013,Standard Class,1,1753.62,0.0,1753.62,736.52,42.0,6
ORD-00226,20220814,CUST-0026,PROD-042,GEO-013,Same Day,4,1866.23,0.1,6718.43,2313.83,34.44,1
ORD-03911,20220814,CUST-0129,PROD-016,GEO-015,Standard Class,1,41047.94,0.1,36943.15,6361.61,17.22,5
ORD-01827,20220815,CUST-0168,PROD-016,GEO-006,First Class,2,41149.47,0.0,82298.94,16459.79,20.0,2
ORD-02603,20220815,CUST-0053,PROD-048,GEO-014,Standard Class,1,1500.01,0.1,1350.01,604.42,44.77,6
ORD-02461,20220815,CUST-0293,PROD-039,GEO-011,Standard Class,1,825.65,0.05,784.37,449.68,57.33,7
ORD-00906,20220817,CUST-0277,PROD-044,GEO-016,Standard Class,1,850.28,0.05,807.77,501.31,62.06,5
ORD-01840,20220817,CUST-0111,PROD-046,GEO-016,Standard Class,1,4371.63,0.3,3060.14,696.8,22.77,7
ORD-00800,20220817,CUST-0061,PROD-016,GEO-019,Standard Class,1,42401.86,0.05,40281.77,8064.41,20.02,5
ORD-04808,20220818,CUST-0056,PROD-017,GEO-008,Second Class,1,55751.27,0.1,50176.14,9051.78,18.04,3
ORD-02951,20220818,CUST-0015,PROD-030,GEO-014,First Class,1,578.36,0.25,433.77,95.19,21.94,3
ORD-03074,20220818,CUST-0219,PROD-020,GEO-020,First Class,1,1146.65,0.1,1031.99,511.97,49.61,2
ORD-04443,20220818,CUST-0073,PROD-008,GEO-006,Standard Class,5,2195.53,0.2,8782.12,2697.87,30.72,6
ORD-02307,20220818,CUST-0233,PROD-013,GEO-020,Standard Class,3,180.6,0.25,406.35,135.21,33.27,6
ORD-04755,20220818,CUST-0044,PROD-022,GEO-014,Same Day,1,22286.46,0.0,22286.46,4446.15,19.95,1
ORD-00514,20220819,CUST-0166,PROD-004,GEO-020,Second Class,3,2463.26,0.0,7389.78,4308.24,58.3,4
ORD-01713,20220819,CUST-0198,PROD-040,GEO-001,Standard Class,3,114.15,0.1,308.21,139.51,45.26,6
ORD-04602,20220819,CUST-0136,PROD-009,GEO-020,Standard Class,1,2536.77,0.05,2409.93,916.68,38.04,7
ORD-03402,20220819,CUST-0012,PROD-022,GEO-010,Standard Class,3,21521.29,0.0,64563.87,12267.14,19.0,7
ORD-04833,20220819,CUST-0052,PROD-045,GEO-009,Second Class,1,9392.8,0.1,8453.52,1940.93,22.96,4
ORD-03523,20220820,CUST-0225,PROD-022,GEO-020,Standard Class,2,21134.0,0.25,31701.0,3644.02,11.49,5
ORD-01869,20220820,CUST-0105,PROD-008,GEO-001,Standard Class,1,2172.81,0.0,2172.81,959.51,44.16,5
ORD-00100,20220820,CUST-0198,PROD-014,GEO-001,First Class,2,469.01,0.15,797.32,310.58,38.95,3
ORD-04173,20220820,CUST-0142,PROD-034,GEO-012,Standard Class,2,10122.45,0.0,20244.9,3188.58,15.75,6
ORD-03794,20220821,CUST-0204,PROD-041,GEO-013,First Class,3,25669.35,0.15,65456.84,10536.26,16.1,4
ORD-01087,20220821,CUST-0090,PROD-010,GEO-016,First Class,2,3561.99,0.1,6411.58,2891.63,45.1,3
ORD-00283,20220821,CUST-0172,PROD-019,GEO-019,Standard Class,3,4301.17,0.05,12258.33,4294.71,35.04,6
ORD-04716,20220821,CUST-0142,PROD-046,GEO-012,Standard Class,2,4553.59,0.15,7741.1,2670.1,34.49,5
ORD-00735,20220822,CUST-0047,PROD-037,GEO-002,Same Day,1,3126.88,0.15,2657.85,749.71,28.21,0
ORD-00125,20220822,CUST-0064,PROD-008,GEO-007,First Class,4,2183.55,0.2,6987.36,2146.52,30.72,2
ORD-00277,20220822,CUST-0165,PROD-050,GEO-009,Standard Class,2,1733.85,0.2,2774.16,798.96,28.8,7
ORD-02534,20220822,CUST-0109,PROD-039,GEO-009,Standard Class,2,779.01,0.1,1402.22,689.89,49.2,6
ORD-01295,20220823,CUST-0156,PROD-031,GEO-004,Standard Class,2,943.33,0.0,1886.66,902.58,47.84,6
ORD-00227,20220823,CUST-0241,PROD-020,GEO-015,Standard Class,1,1156.76,0.15,983.25,414.51,42.16,7
ORD-02476,20220823,CUST-0044,PROD-022,GEO-014,Second Class,3,21440.82,0.15,54674.09,7962.46,14.56,5
ORD-00872,20220823,CUST-0274,PROD-007,GEO-005,Standard Class,2,664.32,0.0,1328.64,488.94,36.8,6
ORD-03412,20220824,CUST-0238,PROD-035,GEO-011,Standard Class,1,18248.82,0.2,14599.06,1765.9,12.1,6
ORD-00712,20220824,CUST-0052,PROD-010,GEO-009,Standard Class,2,3616.78,0.05,6871.88,3126.71,45.5,7
ORD-00158,20220824,CUST-0098,PROD-001,GEO-012,Standard Class,1,5352.42,0.4,3211.45,358.78,11.17,6
ORD-01024,20220824,CUST-0267,PROD-049,GEO-015,Standard Class,1,1964.15,0.1,1767.74,715.35,40.47,7
ORD-03097,20220825,CUST-0134,PROD-043,GEO-002,Standard Class,1,6594.86,0.05,6265.12,1573.55,25.12,6
ORD-04999,20220825,CUST-0249,PROD-022,GEO-013,Standard Class,3,21352.7,0.1,57652.29,9431.34,16.36,5
ORD-00380,20220825,CUST-0275,PROD-004,GEO-003,Standard Class,3,2470.1,0.1,6669.27,2666.58,39.98,5
ORD-02683,20220825,CUST-0187,PROD-036,GEO-018,Standard Class,3,7751.47,0.0,23254.41,6394.96,27.5,6
ORD-01964,20220825,CUST-0175,PROD-035,GEO-001,Standard Class,2,18457.71,0.0,36915.42,6113.2,16.56,7
ORD-01453,20220825,CUST-0014,PROD-021,GEO-011,Second Class,1,3200.1,0.15,2720.08,729.73,26.83,4
ORD-00087,20220826,CUST-0189,PROD-030,GEO-011,Standard Class,2,571.81,0.1,1029.26,336.76,32.72,5
ORD-00318,20220826,CUST-0017,PROD-035,GEO-001,Standard Class,1,18885.26,0.15,16052.47,1940.55,12.09,6
ORD-01048,20220826,CUST-0128,PROD-036,GEO-010,Standard Class,3,7973.81,0.1,21529.29,4413.5,20.5,5
ORD-04422,20220827,CUST-0297,PROD-023,GEO-015,Standard Class,2,3810.08,0.0,7620.16,2880.42,37.8,6
ORD-00264,20220827,CUST-0141,PROD-014,GEO-012,Second Class,2,460.38,0.1,828.68,413.83,49.94,3
ORD-02894,20220828,CUST-0178,PROD-020,GEO-001,Standard Class,5,1147.83,0.0,5739.15,2904.01,50.6,5
ORD-02898,20220828,CUST-0250,PROD-045,GEO-017,Second Class,2,9904.78,0.0,19809.56,6101.35,30.8,3
ORD-00137,20220828,CUST-0057,PROD-024,GEO-020,Standard Class,1,225.02,0.0,225.02,123.76,55.0,5
ORD-04748,20220829,CUST-0278,PROD-017,GEO-001,Second Class,1,57517.83,0.1,51766.05,8591.51,16.6,5
ORD-04538,20220830,CUST-0090,PROD-042,GEO-016,Second Class,1,1857.58,0.05,1764.7,706.58,40.04,5
ORD-01449,20220830,CUST-0151,PROD-017,GEO-013,Standard Class,2,53167.56,0.35,69117.83,5907.5,8.55,5
ORD-03406,20220830,CUST-0293,PROD-008,GEO-011,First Class,1,2149.34,0.2,1719.47,554.63,32.26,2
ORD-03111,20220830,CUST-0224,PROD-028,GEO-016,Standard Class,1,2043.43,0.25,1532.57,370.89,24.2,6
ORD-04582,20220831,CUST-0020,PROD-017,GEO-020,Second Class,4,55983.86,0.1,201541.9,39993.98,19.84,5
ORD-01671,20220831,CUST-0025,PROD-004,GEO-019,Standard Class,1,2467.87,0.1,2221.08,1061.81,47.81,6
ORD-00281,20220831,CUST-0096,PROD-020,GEO-015,Same Day,1,1192.74,0.1,1073.47,508.34,47.35,0
ORD-02012,20220831,CUST-0293,PROD-013,GEO-011,Standard Class,1,182.41,0.0,182.41,105.35,57.75,5
ORD-01842,20220901,CUST-0015,PROD-034,GEO-014,Standard Class,2,9660.31,0.0,19320.62,3042.99,15.75,6
ORD-01507,20220901,CUST-0236,PROD-046,GEO-012,Standard Class,1,4346.23,0.25,3259.67,847.11,25.99,7
ORD-03176,20220901,CUST-0118,PROD-043,GEO-005,Standard Class,1,6277.34,0.1,5649.61,1278.62,22.63,5
ORD-00219,20220901,CUST-0026,PROD-042,GEO-013,Standard Class,1,1770.66,0.1,1593.59,548.84,34.44,6
ORD-00784,20220902,CUST-0153,PROD-019,GEO-008,First Class,1,4388.54,0.15,3730.26,953.08,25.55,3
ORD-00266,20220902,CUST-0075,PROD-041,GEO-013,Second Class,2,24875.93,0.0,49751.86,10970.28,22.05,3
ORD-01898,20220902,CUST-0043,PROD-036,GEO-012,Second Class,1,7616.01,0.1,6854.41,1475.41,21.52,4
ORD-02147,20220902,CUST-0073,PROD-034,GEO-006,Standard Class,1,10298.77,0.15,8753.95,958.56,10.95,6
ORD-04576,20220902,CUST-0144,PROD-015,GEO-017,Standard Class,1,1494.45,0.15,1270.28,459.02,36.14,7
ORD-01930,20220902,CUST-0284,PROD-012,GEO-001,Standard Class,1,1789.23,0.1,1610.31,607.41,37.72,5
ORD-02671,20220902,CUST-0174,PROD-042,GEO-020,Standard Class,1,1816.32,0.1,1634.69,589.8,36.08,6
ORD-03780,20220902,CUST-0060,PROD-034,GEO-013,Same Day,1,9670.21,0.1,8703.19,1124.01,12.91,0
ORD-03162,20220903,CUST-0015,PROD-004,GEO-014,Standard Class,3,2414.64,0.0,7243.92,4031.24,55.65,6
ORD-01294,20220903,CUST-0098,PROD-005,GEO-012,First Class,1,3145.04,0.25,2358.78,517.64,21.95,3
ORD-02214,20220903,CUST-0120,PROD-004,GEO-002,Second Class,5,2605.43,0.05,12375.79,5491.33,44.37,5
ORD-02131,20220903,CUST-0176,PROD-007,GEO-019,Standard Class,1,674.37,0.0,674.37,296.73,44.0,6
ORD-00429,20220904,CUST-0164,PROD-012,GEO-007,Standard Class,3,1789.28,0.2,4294.27,1374.17,32.0,7
ORD-00583,20220904,CUST-0103,PROD-045,GEO-010,Standard Class,1,9243.12,0.15,7856.65,1605.9,20.44,7
ORD-04154,20220904,CUST-0061,PROD-023,GEO-019,Second Class,1,3842.41,0.05,3650.29,1315.42,36.04,5
ORD-02393,20220904,CUST-0254,PROD-037,GEO-017,Same Day,3,3288.59,0.0,9865.77,4557.98,46.2,2
ORD-03529,20220904,CUST-0272,PROD-020,GEO-001,Second Class,2,1187.31,0.1,2137.16,886.75,41.49,5
ORD-01611,20220904,CUST-0011,PROD-016,GEO-003,First Class,3,40728.72,0.1,109967.54,16591.91,15.09,2
ORD-00597,20220904,CUST-0122,PROD-047,GEO-002,Standard Class,3,3488.21,0.25,7848.47,1191.4,15.18,6
ORD-04534,20220905,CUST-0149,PROD-018,GEO-020,Standard Class,2,742.86,0.0,1485.72,686.4,46.2,6
ORD-01602,20220905,CUST-0273,PROD-042,GEO-007,Standard Class,1,1801.54,0.05,1711.46,622.97,36.4,6
ORD-03672,20220905,CUST-0051,PROD-007,GEO-008,Second Class,3,679.97,0.1,1835.92,602.18,32.8,4
ORD-04997,20220906,CUST-0285,PROD-037,GEO-004,Standard Class,1,3041.92,0.0,3041.92,1175.4,38.64,5
ORD-03361,20220907,CUST-0092,PROD-033,GEO-001,First Class,2,430.96,0.05,818.82,315.34,38.51,3
ORD-03763,20220907,CUST-0102,PROD-037,GEO-014,Standard Class,2,3155.17,0.05,5994.82,2405.78,40.13,7
ORD-00759,20220908,CUST-0093,PROD-012,GEO-018,Second Class,1,1769.75,0.25,1327.31,401.51,30.25,3
ORD-02437,20220908,CUST-0266,PROD-029,GEO-011,First Class,1,2866.87,0.0,2866.87,903.06,31.5,4
ORD-02363,20220909,CUST-0198,PROD-023,GEO-001,Standard Class,1,3988.33,0.2,3190.66,676.32,21.2,7
ORD-01420,20220909,CUST-0066,PROD-047,GEO-007,Standard Class,4,3412.47,0.15,11602.4,2540.93,21.9,5
ORD-02854,20220909,CUST-0100,PROD-005,GEO-012,Standard Class,4,3171.68,0.2,10149.38,2591.75,25.54,5
ORD-00764,20220909,CUST-0300,PROD-009,GEO-003,Standard Class,1,2553.68,0.0,2553.68,892.77,34.96,6
ORD-02162,20220909,CUST-0275,PROD-027,GEO-003,Standard Class,2,385.92,0.0,771.84,340.84,44.16,5
ORD-02248,20220909,CUST-0091,PROD-029,GEO-016,First Class,2,2858.28,0.1,5144.9,1392.22,27.06,2
ORD-01486,20220910,CUST-0130,PROD-016,GEO-012,Standard Class,1,42178.02,0.3,29524.61,2852.07,9.66,6
ORD-01296,20220910,CUST-0217,PROD-001,GEO-002,Standard Class,1,5255.11,0.35,3415.82,441.84,12.94,7
ORD-04493,20220911,CUST-0068,PROD-050,GEO-018,Second Class,4,1880.24,0.2,6016.77,1906.11,31.68,4
ORD-02176,20220911,CUST-0044,PROD-044,GEO-014,Standard Class,5,810.12,0.15,3443.01,1636.23,47.52,6
ORD-00451,20220912,CUST-0054,PROD-016,GEO-013,Standard Class,3,40203.73,0.3,84427.83,8155.73,9.66,6
ORD-04247,20220912,CUST-0052,PROD-017,GEO-009,Standard Class,1,52858.33,0.25,39643.75,4796.89,12.1,6
ORD-00803,20220912,CUST-0210,PROD-050,GEO-018,Standard Class,1,1884.77,0.25,1413.58,384.85,27.23,5
ORD-03962,20220912,CUST-0062,PROD-050,GEO-011,Standard Class,3,1792.51,0.15,4570.9,1576.62,34.49,7
ORD-04067,20220913,CUST-0016,PROD-023,GEO-010,First Class,3,3661.06,0.1,9884.86,2918.01,29.52,2
ORD-02832,20220913,CUST-0136,PROD-016,GEO-020,Standard Class,1,43134.13,0.15,36664.01,5888.24,16.06,7
ORD-00809,20220913,CUST-0234,PROD-022,GEO-005,Standard Class,3,22193.6,0.2,53264.64,5958.82,11.19,6
ORD-04712,20220914,CUST-0280,PROD-024,GEO-009,Same Day,5,213.7,0.0,1068.5,534.25,50.0,1
ORD-03633,20220914,CUST-0206,PROD-013,GEO-005,Standard Class,2,177.73,0.0,355.46,179.86,50.6,6
ORD-02708,20220915,CUST-0176,PROD-006,GEO-019,Second Class,3,2252.25,0.05,6418.91,2570.13,40.04,3
ORD-00493,20220916,CUST-0127,PROD-022,GEO-008,Standard Class,2,21195.4,0.05,40271.26,6962.9,17.29,5
ORD-01767,20220916,CUST-0025,PROD-003,GEO-019,Standard Class,2,1849.79,0.0,3699.58,2238.25,60.5,7
ORD-04024,20220916,CUST-0012,PROD-030,GEO-010,Standard Class,4,569.64,0.25,1708.92,357.16,20.9,5
ORD-01813,20220916,CUST-0121,PROD-018,GEO-004,Standard Class,1,733.86,0.0,733.86,283.56,38.64,5
ORD-03117,20220916,CUST-0119,PROD-010,GEO-020,Standard Class,1,3587.53,0.0,3587.53,1973.14,55.0,6
ORD-00927,20220917,CUST-0074,PROD-010,GEO-015,Standard Class,5,3496.17,0.05,16606.81,7933.91,47.78,7
ORD-01991,20220917,CUST-0230,PROD-017,GEO-004,Second Class,1,57393.7,0.05,54524.01,10042.45,18.42,5
ORD-00261,20220918,CUST-0286,PROD-039,GEO-007,Standard Class,1,765.55,0.05,727.27,397.09,54.6,5
ORD-02705,20220918,CUST-0042,PROD-022,GEO-008,Standard Class,5,22217.78,0.05,105534.45,18246.91,17.29,7
ORD-00768,20220918,CUST-0272,PROD-001,GEO-001,Standard Class,1,5531.12,0.15,4701.45,1199.85,25.52,6
ORD-00748,20220918,CUST-0145,PROD-009,GEO-018,Same Day,3,2519.45,0.15,6424.6,1960.4,30.51,2
ORD-02771,20220919,CUST-0093,PROD-031,GEO-018,Second Class,1,974.38,0.0,974.38,557.35,57.2,3
ORD-01509,20220919,CUST-0098,PROD-037,GEO-012,Standard Class,1,3302.64,0.05,3137.51,1259.12,40.13,7
ORD-01118,20220920,CUST-0245,PROD-003,GEO-004,Standard Class,4,1791.2,0.2,5731.84,1856.2,32.38,5
ORD-01353,20220920,CUST-0267,PROD-010,GEO-015,Same Day,2,3370.86,0.2,5393.38,1812.17,33.6,2
ORD-02203,20220920,CUST-0276,PROD-049,GEO-006,Standard Class,1,2088.97,0.3,1462.28,316.14,21.62,6
ORD-02501,20220920,CUST-0192,PROD-036,GEO-003,Standard Class,2,8253.67,0.0,16507.34,3796.69,23.0,6
ORD-02940,20220921,CUST-0063,PROD-022,GEO-008,Second Class,1,21452.37,0.15,18234.51,2529.13,13.87,4
ORD-03635,20220921,CUST-0070,PROD-030,GEO-009,Standard Class,1,603.51,0.05,573.33,198.26,34.58,5
ORD-01417,20220921,CUST-0163,PROD-041,GEO-004,Standard Class,5,25468.59,0.1,114608.66,18156.76,15.84,7
ORD-00421,20220921,CUST-0216,PROD-016,GEO-008,Standard Class,1,42743.91,0.05,40606.71,7390.42,18.2,6
ORD-03484,20220921,CUST-0250,PROD-020,GEO-017,Standard Class,1,1213.06,0.0,1213.06,733.9,60.5,7
ORD-02442,20220921,CUST-0073,PROD-028,GEO-006,Same Day,4,2176.43,0.0,8705.72,3482.29,40.0,0
ORD-04114,20220922,CUST-0076,PROD-005,GEO-010,Standard Class,4,3203.51,0.25,9610.53,2008.6,20.9,5
ORD-03036,20220922,CUST-0197,PROD-001,GEO-002,Standard Class,2,5325.72,0.3,7456.01,1199.05,16.08,5
ORD-00758,20220922,CUST-0260,PROD-019,GEO-010,Standard Class,2,4295.25,0.2,6872.4,1539.42,22.4,5
ORD-01202,20220922,CUST-0004,PROD-046,GEO-012,Standard Class,1,4638.96,0.1,4175.06,1617.63,38.75,5
ORD-00456,20220922,CUST-0035,PROD-009,GEO-015,Second Class,2,2536.95,0.05,4820.2,1750.17,36.31,3
ORD-02914,20220923,CUST-0103,PROD-021,GEO-010,Standard Class,1,3174.37,0.0,3174.37,1111.03,35.0,6
ORD-02880,20220923,CUST-0181,PROD-047,GEO-011,Standard Class,1,3550.4,0.0,3550.4,1118.38,31.5,7
ORD-00345,20220923,CUST-0116,PROD-028,GEO-009,Same Day,4,2082.95,0.0,8331.8,3332.72,40.0,2
ORD-02270,20220924,CUST-0211,PROD-012,GEO-007,Standard Class,1,1856.66,0.0,1856.66,928.33,50.0,7
ORD-01466,20220924,CUST-0244,PROD-029,GEO-005,Second Class,1,2870.19,0.25,2152.64,326.77,15.18,4
ORD-03323,20220924,CUST-0089,PROD-021,GEO-001,Same Day,4,3053.02,0.0,12212.08,3932.29,32.2,1
ORD-03339,20220925,CUST-0109,PROD-048,GEO-009,Standard Class,2,1481.62,0.0,2963.24,1540.88,52.0,6
ORD-00337,20220925,CUST-0122,PROD-013,GEO-002,Standard Class,1,173.4,0.1,156.06,64.75,41.49,5
ORD-03247,20220926,CUST-0168,PROD-021,GEO-006,Second Class,1,3170.99,0.0,3170.99,1109.85,35.0,5
ORD-01363,20220926,CUST-0269,PROD-009,GEO-003,Second Class,1,2504.28,0.0,2504.28,875.5,34.96,3
ORD-01851,20220926,CUST-0196,PROD-002,GEO-015,Standard Class,2,1521.79,0.1,2739.22,990.56,36.16,6
ORD-01916,20220927,CUST-0250,PROD-042,GEO-017,Standard Class,1,1809.87,0.15,1538.39,494.13,32.12,7
ORD-01733,20220927,CUST-0079,PROD-049,GEO-014,Standard Class,1,2011.36,0.0,2011.36,992.61,49.35,7
ORD-03559,20220927,CUST-0104,PROD-003,GEO-012,Same Day,1,1808.47,0.05,1718.05,902.87,52.55,0
ORD-03881,20220927,CUST-0010,PROD-046,GEO-017,Second Class,1,4715.03,0.1,4243.53,1722.45,40.59,4
ORD-02188,20220927,CUST-0129,PROD-039,GEO-015,Standard Class,3,782.36,0.05,2229.73,1278.3,57.33,7
ORD-04065,20220927,CUST-0208,PROD-029,GEO-007,Standard Class,2,2769.04,0.15,4707.37,1030.91,21.9,5
ORD-02014,20220928,CUST-0192,PROD-026,GEO-003,Standard Class,1,687.23,0.1,618.51,242.63,39.23,6
ORD-02561,20220928,CUST-0133,PROD-039,GEO-010,Standard Class,1,817.01,0.2,653.61,250.99,38.4,5
ORD-03377,20220928,CUST-0134,PROD-044,GEO-002,Same Day,1,826.4,0.05,785.08,407.5,51.91,2
ORD-00354,20220928,CUST-0171,PROD-034,GEO-010,Second Class,1,9830.22,0.0,9830.22,1474.53,15.0,3
ORD-01274,20220928,CUST-0211,PROD-039,GEO-007,Second Class,2,770.43,0.0,1540.86,924.52,60.0,4
ORD-02298,20220928,CUST-0128,PROD-014,GEO-010,First Class,2,456.37,0.05,867.1,457.66,52.78,3
ORD-03506,20220929,CUST-0242,PROD-035,GEO-019,Second Class,1,18275.92,0.05,17362.12,3128.31,18.02,4
ORD-01657,20220929,CUST-0300,PROD-013,GEO-003,Standard Class,4,179.34,0.0,717.36,362.99,50.6,6
ORD-04072,20220929,CUST-0107,PROD-042,GEO-009,First Class,1,1740.26,0.0,1740.26,696.1,40.0,3
ORD-03398,20220929,CUST-0190,PROD-043,GEO-006,Standard Class,1,6530.62,0.15,5551.03,1215.68,21.9,6
ORD-01217,20221001,CUST-0028,PROD-020,GEO-012,Second Class,1,1195.15,0.0,1195.15,690.2,57.75,5
ORD-00947,20221002,CUST-0184,PROD-004,GEO-009,Standard Class,2,2416.56,0.1,4349.81,1890.43,43.46,6
ORD-02472,20221002,CUST-0118,PROD-021,GEO-005,Standard Class,1,3294.01,0.1,2964.61,782.77,26.4,7
ORD-02155,20221002,CUST-0108,PROD-006,GEO-018,Standard Class,1,2156.05,0.0,2156.05,948.66,44.0,6
ORD-02866,20221002,CUST-0245,PROD-046,GEO-004,Standard Class,1,4328.93,0.15,3679.59,1112.05,30.22,7
ORD-03234,20221003,CUST-0300,PROD-049,GEO-003,Standard Class,1,1947.51,0.15,1655.38,522.52,31.56,6
ORD-03767,20221003,CUST-0200,PROD-045,GEO-017,Standard Class,1,9314.75,0.1,8383.28,2117.28,25.26,6
ORD-02901,20221003,CUST-0251,PROD-033,GEO-020,Same Day,4,430.7,0.0,1722.8,871.74,50.6,0
ORD-02200,20221003,CUST-0066,PROD-020,GEO-007,Standard Class,1,1165.69,0.15,990.84,397.82,40.15,7
ORD-02724,20221005,CUST-0155,PROD-030,GEO-016,Second Class,2,576.92,0.25,865.38,198.95,22.99,5
ORD-04934,20221005,CUST-0199,PROD-034,GEO-017,Second Class,1,9804.06,0.05,9313.86,1398.47,15.01,3
ORD-00656,20221005,CUST-0194,PROD-041,GEO-006,Standard Class,1,24981.42,0.15,21234.21,3255.2,15.33,7
ORD-03769,20221006,CUST-0046,PROD-015,GEO-014,Same Day,2,1443.89,0.1,2599.0,1006.98,38.74,2
ORD-01689,20221006,CUST-0117,PROD-046,GEO-016,Second Class,1,4507.45,0.0,4507.45,2231.18,49.5,3
ORD-00246,20221007,CUST-0299,PROD-017,GEO-010,Standard Class,1,55215.39,0.2,44172.31,6219.46,14.08,7
ORD-03854,20221007,CUST-0110,PROD-010,GEO-003,First Class,2,3531.88,0.0,7063.76,3249.33,46.0,2
ORD-01646,20221008,CUST-0180,PROD-004,GEO-005,Standard Class,3,2533.79,0.15,6461.16,2299.83,35.59,6
ORD-03938,20221008,CUST-0007,PROD-008,GEO-003,First Class,3,2298.74,0.0,6896.22,3045.37,44.16,4
ORD-01310,20221008,CUST-0215,PROD-012,GEO-012,Standard Class,1,1722.91,0.1,1550.62,667.54,43.05,6
ORD-00604,20221008,CUST-0232,PROD-039,GEO-007,Second Class,1,821.82,0.2,657.46,252.46,38.4,4
ORD-00359,20221008,CUST-0184,PROD-002,GEO-009,Second Class,1,1468.07,0.1,1321.26,455.04,34.44,4
ORD-01635,20221008,CUST-0060,PROD-036,GEO-013,Standard Class,1,8298.6,0.0,8298.6,2178.38,26.25,5
ORD-01410,20221008,CUST-0091,PROD-048,GEO-016,Standard Class,1,1566.1,0.15,1331.18,555.85,41.76,6
ORD-01269,20221010,CUST-0071,PROD-013,GEO-018,Second Class,1,175.82,0.25,131.86,43.88,33.28,5
ORD-00561,20221010,CUST-0029,PROD-028,GEO-008,Standard Class,4,2049.33,0.05,7787.45,2834.63,36.4,7
ORD-03320,20221010,CUST-0047,PROD-047,GEO-002,Second Class,1,3626.91,0.3,2538.84,322.33,12.7,3
ORD-04013,20221011,CUST-0013,PROD-046,GEO-005,Same Day,1,4335.27,0.35,2817.93,431.65,15.32,0
ORD-02220,20221011,CUST-0106,PROD-026,GEO-015,Standard Class,2,683.09,0.05,1297.87,644.86,49.69,6
ORD-02020,20221011,CUST-0294,PROD-012,GEO-002,Second Class,2,1798.53,0.1,3237.35,1221.13,37.72,5
ORD-04084,20221011,CUST-0166,PROD-022,GEO-020,Second Class,1,21928.65,0.2,17542.92,2346.54,13.38,5
ORD-04568,20221011,CUST-0054,PROD-016,GEO-013,Standard Class,3,43676.73,0.05,124478.68,23787.88,19.11,6
ORD-04252,20221012,CUST-0100,PROD-035,GEO-012,Standard Class,1,17785.95,0.2,14228.76,1721.11,12.1,7
ORD-04549,20221012,CUST-0188,PROD-042,GEO-016,Same Day,2,1807.17,0.2,2891.47,814.24,28.16,0
ORD-02582,20221012,CUST-0011,PROD-028,GEO-003,First Class,3,2174.62,0.0,6523.86,2400.78,36.8,2
ORD-01888,20221012,CUST-0222,PROD-015,GEO-009,Second Class,1,1520.67,0.05,1444.64,591.58,40.95,5
ORD-01392,20221012,CUST-0234,PROD-022,GEO-005,Standard Class,1,21877.86,0.15,18596.18,2372.95,12.76,7
ORD-00156,20221012,CUST-0162,PROD-037,GEO-006,Standard Class,2,3343.99,0.0,6687.98,2808.95,42.0,7
ORD-00558,20221012,CUST-0034,PROD-037,GEO-003,Second Class,1,3120.99,0.1,2808.89,889.99,31.68,5
ORD-03573,20221012,CUST-0185,PROD-003,GEO-014,Second Class,3,1832.79,0.2,4398.7,1625.76,36.96,3
ORD-03288,20221013,CUST-0068,PROD-037,GEO-018,First Class,2,3212.04,0.2,5139.26,1519.57,29.57,2
ORD-02382,20221013,CUST-0001,PROD-014,GEO-001,Standard Class,2,437.97,0.05,832.14,404.06,48.56,5
ORD-00581,20221013,CUST-0145,PROD-048,GEO-018,Standard Class,1,1526.54,0.2,1221.23,447.07,36.61,6
ORD-00719,20221014,CUST-0156,PROD-012,GEO-004,Second Class,2,1841.67,0.05,3499.17,1464.75,41.86,4
ORD-03646,20221014,CUST-0267,PROD-016,GEO-015,First Class,1,42724.55,0.1,38452.1,6621.45,17.22,4
ORD-03749,20221015,CUST-0062,PROD-048,GEO-011,Second Class,1,1500.76,0.1,1350.68,604.73,44.77,4
ORD-00051,20221015,CUST-0190,PROD-002,GEO-006,Standard Class,2,1556.5,0.1,2801.7,964.91,34.44,7
ORD-04389,20221016,CUST-0126,PROD-036,GEO-001,First Class,4,8228.21,0.15,27975.91,4697.15,16.79,4
ORD-02995,20221016,CUST-0257,PROD-015,GEO-009,Standard Class,1,1481.28,0.15,1259.09,413.61,32.85,6
ORD-01266,20221017,CUST-0219,PROD-027,GEO-020,Standard Class,2,387.58,0.1,697.64,302.05,43.3,7
ORD-00214,20221017,CUST-0074,PROD-043,GEO-015,Standard Class,4,6329.4,0.0,25317.6,7975.04,31.5,7
ORD-00221,20221017,CUST-0296,PROD-035,GEO-008,Standard Class,1,18294.85,0.15,15550.62,2043.35,13.14,5
ORD-01288,20221018,CUST-0195,PROD-014,GEO-008,Standard Class,1,469.73,0.0,469.73,272.44,58.0,6
ORD-00944,20221018,CUST-0003,PROD-034,GEO-017,Standard Class,1,10357.93,0.1,9322.14,1261.28,13.53,5
ORD-02381,20221019,CUST-0066,PROD-040,GEO-007,Standard Class,1,114.82,0.2,91.86,35.27,38.4,6
ORD-02677,20221019,CUST-0233,PROD-024,GEO-020,Same Day,3,226.37,0.1,611.2,275.65,45.1,0
ORD-01976,20221019,CUST-0156,PROD-007,GEO-004,Standard Class,1,664.79,0.1,598.31,180.55,30.18,6
ORD-03709,20221019,CUST-0275,PROD-014,GEO-003,Same Day,4,456.61,0.1,1643.8,719.25,43.76,0
ORD-03459,20221020,CUST-0257,PROD-027,GEO-009,Standard Class,1,390.73,0.0,390.73,187.55,48.0,7
ORD-00428,20221020,CUST-0246,PROD-037,GEO-019,Standard Class,1,3089.33,0.1,2780.4,1053.33,37.88,5
ORD-01050,20221020,CUST-0244,PROD-034,GEO-005,Standard Class,1,9635.66,0.0,9635.66,1329.72,13.8,6
ORD-04195,20221020,CUST-0112,PROD-036,GEO-010,Standard Class,2,8121.55,0.1,14618.79,2996.85,20.5,6
ORD-04539,20221020,CUST-0022,PROD-038,GEO-009,Standard Class,1,1182.1,0.0,1182.1,685.62,58.0,6
ORD-03060,20221020,CUST-0283,PROD-022,GEO-013,Standard Class,3,21343.36,0.15,54425.57,7926.27,14.56,5
ORD-00394,20221021,CUST-0092,PROD-023,GEO-001,Second Class,2,3804.7,0.0,7609.4,2520.23,33.12,3
ORD-02797,20221021,CUST-0075,PROD-001,GEO-013,First Class,2,5472.2,0.15,9302.74,2709.61,29.13,2
ORD-04239,20221021,CUST-0013,PROD-025,GEO-005,Second Class,2,358.34,0.3,501.68,95.54,19.04,4
ORD-00178,20221021,CUST-0204,PROD-045,GEO-013,First Class,1,9697.76,0.05,9212.87,2464.81,26.75,4
ORD-03975,20221022,CUST-0073,PROD-036,GEO-006,Same Day,1,7907.5,0.0,7907.5,1976.88,25.0,2
ORD-02867,20221022,CUST-0088,PROD-030,GEO-005,First Class,1,585.95,0.15,498.06,127.11,25.52,4
ORD-03290,20221023,CUST-0290,PROD-025,GEO-005,Standard Class,1,338.9,0.2,271.12,71.83,26.49,6
ORD-01078,20221023,CUST-0274,PROD-039,GEO-005,Second Class,4,811.67,0.0,3246.68,1792.17,55.2,4
ORD-01253,20221023,CUST-0051,PROD-049,GEO-008,Standard Class,1,1930.97,0.1,1737.87,669.78,38.54,6
ORD-01046,20221023,CUST-0118,PROD-043,GEO-005,Standard Class,1,6365.23,0.05,6046.97,1518.75,25.12,6
ORD-01064,20221023,CUST-0236,PROD-050,GEO-012,First Class,1,1744.65,0.1,1570.19,608.37,38.74,4
ORD-00839,20221024,CUST-0229,PROD-038,GEO-010,Standard Class,2,1228.2,0.2,1965.12,729.45,37.12,5
ORD-03849,20221024,CUST-0250,PROD-015,GEO-017,First Class,1,1574.82,0.0,1574.82,779.54,49.5,4
ORD-01674,20221024,CUST-0166,PROD-045,GEO-020,Standard Class,1,9795.19,0.0,9795.19,3016.92,30.8,7
ORD-01804,20221025,CUST-0058,PROD-033,GEO-008,Standard Class,1,460.14,0.15,391.12,131.34,33.58,7
ORD-02716,20221025,CUST-0256,PROD-037,GEO-005,Standard Class,1,3344.33,0.15,2842.68,801.84,28.21,5
ORD-00943,20221025,CUST-0187,PROD-028,GEO-018,Standard Class,2,2036.26,0.1,3665.27,1322.43,36.08,6
ORD-04177,20221025,CUST-0300,PROD-018,GEO-003,Standard Class,1,735.48,0.0,735.48,284.19,38.64,5
ORD-01760,20221025,CUST-0012,PROD-042,GEO-010,First Class,1,1778.08,0.3,1244.66,229.02,18.4,3
ORD-00919,20221025,CUST-0222,PROD-036,GEO-009,Standard Class,2,7909.45,0.0,15818.9,3954.72,25.0,5
ORD-03568,20221026,CUST-0184,PROD-006,GEO-009,Second Class,4,2287.1,0.0,9148.4,3659.36,40.0,4
ORD-03284,20221027,CUST-0096,PROD-017,GEO-015,First Class,1,54677.21,0.0,54677.21,12630.44,23.1,4
ORD-01271,20221027,CUST-0081,PROD-029,GEO-008,Standard Class,1,2727.02,0.0,2727.02,818.11,30.0,5
ORD-03066,20221027,CUST-0297,PROD-044,GEO-015,Standard Class,3,816.72,0.25,1837.62,657.96,35.81,5
ORD-03226,20221027,CUST-0006,PROD-035,GEO-019,Second Class,2,18174.53,0.05,34531.61,6221.91,18.02,4
ORD-01855,20221027,CUST-0046,PROD-019,GEO-014,Standard Class,1,4446.07,0.0,4446.07,1633.93,36.75,7
ORD-03804,20221028,CUST-0108,PROD-042,GEO-018,Same Day,5,1889.31,0.35,6140.26,999.64,16.28,0
ORD-02804,20221028,CUST-0223,PROD-034,GEO-015,Second Class,1,9579.83,0.25,7184.87,622.39,8.66,4
ORD-04768,20221029,CUST-0273,PROD-044,GEO-007,Standard Class,2,859.8,0.2,1375.68,545.87,39.68,7
ORD-02068,20221029,CUST-0259,PROD-010,GEO-007,Same Day,3,3417.94,0.15,8715.75,3181.25,36.5,2
ORD-00131,20221029,CUST-0015,PROD-043,GEO-014,Second Class,1,6447.2,0.25,4835.4,837.73,17.32,3
ORD-02788,20221030,CUST-0140,PROD-009,GEO-005,Same Day,1,2418.86,0.1,2176.97,624.07,28.67,2
ORD-00342,20221030,CUST-0269,PROD-037,GEO-003,Second Class,3,3196.02,0.0,9588.06,3704.83,38.64,5
ORD-04075,20221031,CUST-0256,PROD-020,GEO-005,Standard Class,2,1241.75,0.0,2483.5,1256.66,50.6,6
ORD-02827,20221031,CUST-0065,PROD-014,GEO-020,Same Day,1,468.87,0.2,375.1,153.16,40.83,0
ORD-04118,20221031,CUST-0071,PROD-011,GEO-018,Standard Class,1,1782.16,0.25,1336.62,323.47,24.2,5
ORD-04944,20221031,CUST-0176,PROD-031,GEO-019,Second Class,2,979.54,0.25,1469.31,462.24,31.46,4
ORD-01825,20221031,CUST-0211,PROD-012,GEO-007,First Class,2,1880.83,0.05,3573.58,1625.98,45.5,3
ORD-00577,20221101,CUST-0214,PROD-016,GEO-015,Standard Class,1,42063.02,0.0,42063.02,8833.23,21.0,6
ORD-00705,20221101,CUST-0133,PROD-048,GEO-010,Standard Class,3,1456.36,0.05,4150.63,1964.08,47.32,7
ORD-02532,20221101,CUST-0127,PROD-031,GEO-008,Second Class,4,997.33,0.05,3789.85,1793.36,47.32,3
ORD-03499,20221101,CUST-0157,PROD-012,GEO-016,First Class,1,1873.73,0.15,1592.67,639.45,40.15,4
ORD-02699,20221101,CUST-0110,PROD-017,GEO-003,Standard Class,2,57070.67,0.2,91313.07,11828.33,12.95,7
ORD-03705,20221101,CUST-0121,PROD-047,GEO-004,Same Day,1,3562.06,0.25,2671.54,405.54,15.18,2
ORD-00361,20221101,CUST-0241,PROD-010,GEO-015,First Class,1,3602.64,0.15,3062.24,1173.61,38.33,2
ORD-04896,20221102,CUST-0294,PROD-038,GEO-002,Second Class,1,1204.59,0.15,1023.9,398.84,38.95,3
ORD-03762,20221102,CUST-0145,PROD-012,GEO-018,Standard Class,1,1822.46,0.35,1184.6,241.07,20.35,5
ORD-00427,20221102,CUST-0154,PROD-025,GEO-019,Second Class,5,366.14,0.0,1830.7,906.2,49.5,5
ORD-00721,20221102,CUST-0227,PROD-037,GEO-007,Standard Class,4,3310.15,0.0,13240.6,5561.05,42.0,6
ORD-01749,20221102,CUST-0146,PROD-020,GEO-020,Standard Class,5,1194.74,0.0,5973.7,3614.09,60.5,5
ORD-03899,20221102,CUST-0199,PROD-004,GEO-017,Standard Class,1,2526.71,0.0,2526.71,1473.08,58.3,7
ORD-03115,20221102,CUST-0195,PROD-035,GEO-008,Standard Class,2,17926.82,0.1,32268.28,4762.8,14.76,6
ORD-04852,20221102,CUST-0238,PROD-047,GEO-011,Standard Class,1,3492.88,0.2,2794.3,563.34,20.16,6
ORD-00834,20221102,CUST-0252,PROD-047,GEO-015,Standard Class,1,3632.86,0.3,2543.0,368.48,14.49,5
ORD-04686,20221103,CUST-0038,PROD-012,GEO-012,Standard Class,1,1783.45,0.05,1694.28,809.44,47.77,5
ORD-03532,20221103,CUST-0095,PROD-046,GEO-013,Second Class,4,4707.56,0.0,18830.24,8897.29,47.25,4
ORD-00090,20221103,CUST-0097,PROD-012,GEO-004,First Class,2,1822.36,0.25,2733.54,691.58,25.3,4
ORD-02974,20221103,CUST-0090,PROD-022,GEO-016,Standard Class,1,22629.45,0.1,20366.5,3490.41,17.14,5
ORD-04548,20221104,CUST-0117,PROD-007,GEO-016,Second Class,2,675.36,0.0,1350.72,594.32,44.0,4
ORD-00631,20221104,CUST-0258,PROD-045,GEO-002,Standard Class,2,9919.61,0.05,18847.26,4418.1,23.44,6
ORD-01529,20221104,CUST-0071,PROD-001,GEO-018,Standard Class,4,5434.77,0.0,21739.08,9086.94,41.8,5
ORD-04525,20221104,CUST-0042,PROD-031,GEO-008,First Class,1,932.92,0.05,886.27,419.38,47.32,3
ORD-03815,20221104,CUST-0087,PROD-001,GEO-006,Standard Class,1,5614.21,0.15,4772.08,1323.77,27.74,6
ORD-00022,20221104,CUST-0042,PROD-008,GEO-008,First Class,1,2110.08,0.25,1582.56,417.8,26.4,4
ORD-03210,20221104,CUST-0121,PROD-012,GEO-004,Standard Class,1,1732.28,0.1,1559.05,588.07,37.72,6
ORD-01761,20221105,CUST-0200,PROD-030,GEO-017,Standard Class,1,558.85,0.15,475.02,144.95,30.51,7
ORD-03220,20221105,CUST-0268,PROD-010,GEO-015,Standard Class,5,3657.84,0.0,18289.2,9601.83,52.5,7
ORD-00779,20221105,CUST-0008,PROD-006,GEO-016,Second Class,1,2226.22,0.15,1892.29,607.8,32.12,5
ORD-03305,20221105,CUST-0018,PROD-048,GEO-014,Standard Class,1,1501.65,0.0,1501.65,819.9,54.6,7
ORD-01327,20221106,CUST-0154,PROD-036,GEO-019,Standard Class,1,8358.1,0.0,8358.1,2298.47,27.5,6
ORD-01845,20221106,CUST-0069,PROD-003,GEO-014,Standard Class,4,1723.45,0.15,5859.73,2470.31,42.16,7
ORD-03595,20221106,CUST-0066,PROD-004,GEO-007,Standard Class,2,2546.26,0.2,4074.02,1381.91,33.92,7
ORD-03993,20221106,CUST-0164,PROD-005,GEO-007,First Class,2,3060.72,0.25,4591.08,959.54,20.9,3
ORD-02714,20221107,CUST-0075,PROD-027,GEO-013,Second Class,1,378.48,0.1,340.63,140.77,41.33,5
ORD-01231,20221107,CUST-0221,PROD-014,GEO-003,First Class,1,468.3,0.05,444.88,216.03,48.56,4
ORD-01163,20221107,CUST-0179,PROD-012,GEO-004,Same Day,4,1758.55,0.1,6330.78,2387.97,37.72,2
ORD-00500,20221107,CUST-0087,PROD-041,GEO-006,Second Class,2,24225.27,0.35,31492.85,2446.99,7.77,5
ORD-03675,20221108,CUST-0025,PROD-032,GEO-019,Standard Class,1,4372.34,0.2,3497.87,861.87,24.64,6
ORD-02568,20221108,CUST-0189,PROD-029,GEO-011,Same Day,1,2678.62,0.25,2008.96,348.05,17.32,0
ORD-04146,20221108,CUST-0161,PROD-049,GEO-012,First Class,2,2037.97,0.0,4075.94,2011.47,49.35,2
ORD-01880,20221109,CUST-0232,PROD-042,GEO-007,Standard Class,2,1855.63,0.1,3340.13,1095.56,32.8,7
ORD-04869,20221109,CUST-0086,PROD-047,GEO-007,Standard Class,1,3451.35,0.1,3106.22,764.13,24.6,7
ORD-02511,20221109,CUST-0066,PROD-004,GEO-007,Standard Class,3,2458.55,0.1,6638.09,2884.91,43.46,6
ORD-02570,20221109,CUST-0151,PROD-050,GEO-013,Second Class,2,1847.15,0.15,3140.16,1083.12,34.49,3
ORD-01210,20221109,CUST-0040,PROD-035,GEO-008,Standard Class,5,18377.53,0.1,82698.88,12206.35,14.76,6
ORD-04467,20221109,CUST-0126,PROD-027,GEO-001,First Class,5,374.54,0.3,1310.89,266.28,20.31,2
ORD-01395,20221109,CUST-0170,PROD-011,GEO-003,Standard Class,2,1787.43,0.0,3574.86,1315.54,36.8,6
ORD-04855,20221110,CUST-0017,PROD-042,GEO-001,Standard Class,1,1821.39,0.05,1730.32,579.45,33.49,5
ORD-04801,20221110,CUST-0046,PROD-038,GEO-014,Same Day,3,1203.63,0.0,3610.89,2199.04,60.9,1
ORD-01107,20221110,CUST-0183,PROD-012,GEO-020,Same Day,3,1853.35,0.05,5282.05,2643.66,50.05,1
ORD-04221,20221110,CUST-0005,PROD-045,GEO-006,Standard Class,1,9301.71,0.1,8371.54,1922.11,22.96,5
ORD-04863,20221111,CUST-0015,PROD-035,GEO-014,Second Class,2,18251.59,0.1,32852.86,5091.53,15.5,3
ORD-01757,20221111,CUST-0276,PROD-012,GEO-006,Standard Class,1,1769.28,0.15,1503.89,548.92,36.5,5
ORD-01400,20221111,CUST-0055,PROD-016,GEO-015,Same Day,1,42585.42,0.05,40456.15,7731.17,19.11,2
ORD-00467,20221111,CUST-0188,PROD-038,GEO-016,Second Class,1,1225.57,0.0,1225.57,781.91,63.8,3
ORD-00402,20221111,CUST-0204,PROD-041,GEO-013,Standard Class,2,24613.06,0.0,49226.12,10854.36,22.05,5
ORD-04829,20221111,CUST-0060,PROD-016,GEO-013,Standard Class,1,40668.07,0.0,40668.07,8540.29,21.0,6
ORD-03945,20221111,CUST-0108,PROD-046,GEO-018,Standard Class,1,4513.86,0.15,3836.78,1386.42,36.13,7
ORD-00707,20221111,CUST-0283,PROD-013,GEO-013,Standard Class,3,179.26,0.05,510.89,268.48,52.55,6
ORD-04933,20221112,CUST-0282,PROD-043,GEO-002,Standard Class,1,6427.34,0.25,4820.5,731.75,15.18,7
ORD-04866,20221112,CUST-0219,PROD-049,GEO-020,Standard Class,1,1902.06,0.3,1331.44,316.65,23.78,7
ORD-01819,20221112,CUST-0281,PROD-050,GEO-001,Same Day,1,1778.05,0.15,1511.34,456.76,30.22,1
ORD-03370,20221112,CUST-0040,PROD-001,GEO-008,Second Class,1,5306.02,0.05,5040.72,1743.08,34.58,4
ORD-02371,20221112,CUST-0083,PROD-039,GEO-014,Standard Class,1,807.69,0.15,686.54,315.74,45.99,6
ORD-04802,20221112,CUST-0056,PROD-034,GEO-008,Standard Class,2,9912.27,0.15,16850.86,1845.17,10.95,6
ORD-00557,20221112,CUST-0275,PROD-014,GEO-003,Second Class,1,459.05,0.1,413.15,180.77,43.75,4
ORD-03539,20221113,CUST-0259,PROD-011,GEO-007,Standard Class,1,1841.01,0.1,1656.91,543.47,32.8,7
ORD-04015,20221113,CUST-0199,PROD-037,GEO-017,Standard Class,3,3178.22,0.05,9057.93,3808.13,42.04,6
ORD-02262,20221113,CUST-0056,PROD-004,GEO-008,Second Class,1,2471.43,0.0,2471.43,1309.86,53.0,4
ORD-03958,20221113,CUST-0002,PROD-042,GEO-006,Standard Class,1,1799.92,0.1,1619.93,531.34,32.8,6
ORD-03138,20221113,CUST-0039,PROD-029,GEO-006,Standard Class,1,2808.95,0.15,2387.61,522.89,21.9,5
ORD-03793,20221113,CUST-0275,PROD-032,GEO-003,Standard Class,1,4686.78,0.0,4686.78,1509.14,32.2,5
ORD-01712,20221114,CUST-0043,PROD-016,GEO-012,Standard Class,1,42512.52,0.1,38261.27,6588.59,17.22,6
ORD-03089,20221115,CUST-0125,PROD-043,GEO-003,Standard Class,4,6481.53,0.15,22037.2,4440.06,20.15,5
ORD-00009,20221115,CUST-0120,PROD-049,GEO-002,Standard Class,1,1979.7,0.05,1880.72,740.03,39.35,5
ORD-00941,20221115,CUST-0231,PROD-039,GEO-006,Standard Class,3,829.57,0.05,2364.27,1290.89,54.6,7
ORD-02494,20221115,CUST-0236,PROD-043,GEO-012,Standard Class,4,6408.46,0.0,25633.84,8074.66,31.5,6
ORD-02284,20221115,CUST-0228,PROD-041,GEO-016,Standard Class,2,24528.51,0.0,49057.02,11332.17,23.1,5
ORD-03260,20221115,CUST-0159,PROD-047,GEO-011,Standard Class,2,3595.95,0.15,6113.12,1405.71,22.99,5
ORD-01879,20221116,CUST-0003,PROD-049,GEO-017,Same Day,1,1985.38,0.2,1588.3,525.54,33.09,0
ORD-01330,20221116,CUST-0141,PROD-036,GEO-012,Second Class,1,7616.1,0.25,5712.08,824.68,14.44,5
ORD-02103,20221116,CUST-0085,PROD-030,GEO-006,Second Class,1,591.93,0.2,473.54,115.16,24.32,4
ORD-00425,20221117,CUST-0195,PROD-047,GEO-008,Standard Class,3,3426.24,0.05,9764.78,2665.78,27.3,6
ORD-00099,20221117,CUST-0034,PROD-044,GEO-003,Standard Class,2,809.04,0.1,1456.27,681.14,46.77,5
ORD-03469,20221117,CUST-0051,PROD-048,GEO-008,Standard Class,1,1568.74,0.0,1568.74,815.74,52.0,7
ORD-04650,20221118,CUST-0076,PROD-021,GEO-010,Standard Class,5,3183.94,0.35,10347.8,1340.04,12.95,7
ORD-04275,20221118,CUST-0281,PROD-043,GEO-001,Standard Class,2,6403.35,0.1,11526.03,2608.57,22.63,7
ORD-02205,20221118,CUST-0079,PROD-015,GEO-014,Second Class,1,1566.78,0.0,1566.78,740.3,47.25,5
ORD-04262,20221118,CUST-0194,PROD-012,GEO-006,First Class,3,1781.58,0.05,5077.5,2310.26,45.5,4
ORD-04983,20221118,CUST-0160,PROD-042,GEO-012,Standard Class,1,1723.03,0.1,1550.73,534.07,34.44,7
ORD-01136,20221118,CUST-0017,PROD-035,GEO-001,Same Day,1,18136.43,0.1,16322.79,2216.5,13.58,0
ORD-02287,20221119,CUST-0118,PROD-034,GEO-005,Second Class,1,9949.35,0.05,9451.88,1186.97,12.56,4
ORD-01322,20221119,CUST-0153,PROD-017,GEO-008,Standard Class,3,54906.86,0.2,131776.46,18554.13,14.08,5
ORD-00938,20221119,CUST-0250,PROD-028,GEO-017,Standard Class,2,2156.65,0.15,3666.3,1177.62,32.12,6
ORD-04880,20221119,CUST-0029,PROD-015,GEO-008,Standard Class,2,1445.93,0.2,2313.49,666.29,28.8,5
ORD-02890,20221119,CUST-0179,PROD-049,GEO-004,Standard Class,2,2098.28,0.0,4196.56,1814.59,43.24,6
ORD-03852,20221120,CUST-0028,PROD-043,GEO-012,Standard Class,1,6394.7,0.15,5435.5,1249.89,22.99,5
ORD-03729,20221120,CUST-0062,PROD-016,GEO-011,Second Class,1,41730.92,0.3,29211.64,2821.84,9.66,3
ORD-00763,20221120,CUST-0216,PROD-039,GEO-008,Standard Class,1,808.07,0.0,808.07,484.84,60.0,6
ORD-01448,20221120,CUST-0294,PROD-027,GEO-002,Second Class,1,375.96,0.05,357.16,143.53,40.19,4
ORD-02274,20221121,CUST-0069,PROD-043,GEO-014,Standard Class,3,6188.76,0.15,15781.34,3628.92,23.0,5
ORD-04825,20221121,CUST-0220,PROD-018,GEO-010,First Class,2,757.91,0.2,1212.66,325.96,26.88,2
ORD-03200,20221121,CUST-0160,PROD-016,GEO-012,Standard Class,4,42655.78,0.1,153560.81,26443.17,17.22,5
ORD-04337,20221121,CUST-0076,PROD-004,GEO-010,Standard Class,2,2447.99,0.1,4406.38,1915.01,43.46,7
ORD-00845,20221121,CUST-0233,PROD-015,GEO-020,First Class,4,1546.52,0.1,5567.47,2259.84,40.59,4
ORD-03879,20221122,CUST-0042,PROD-017,GEO-008,Standard Class,1,56201.23,0.05,53391.17,10688.91,20.02,7
ORD-02394,20221123,CUST-0031,PROD-034,GEO-020,Standard Class,1,9619.25,0.1,8657.33,1171.34,13.53,5
ORD-02456,20221123,CUST-0186,PROD-035,GEO-018,Standard Class,2,17281.94,0.05,32835.69,5916.34,18.02,6
ORD-03507,20221123,CUST-0157,PROD-047,GEO-016,Standard Class,1,3475.03,0.05,3301.28,991.38,30.03,7
ORD-00101,20221123,CUST-0077,PROD-042,GEO-004,Second Class,2,1786.34,0.1,3215.41,970.28,30.18,3
ORD-02870,20221124,CUST-0220,PROD-031,GEO-010,Standard Class,2,954.4,0.2,1527.04,508.2,33.28,5
ORD-04399,20221124,CUST-0136,PROD-030,GEO-020,Standard Class,1,557.69,0.0,557.69,233.11,41.8,6
ORD-01342,20221124,CUST-0024,PROD-004,GEO-001,Standard Class,1,2427.06,0.0,2427.06,1183.43,48.76,6
ORD-04014,20221124,CUST-0093,PROD-011,GEO-018,Second Class,2,1777.51,0.0,3555.02,1564.21,44.0,3
ORD-02187,20221124,CUST-0103,PROD-043,GEO-010,Second Class,1,6296.39,0.1,5666.75,1394.02,24.6,3
ORD-04412,20221124,CUST-0042,PROD-008,GEO-008,Standard Class,1,2163.27,0.35,1406.13,249.73,17.76,5
ORD-03414,20221124,CUST-0273,PROD-028,GEO-007,Same Day,5,2040.67,0.15,8672.85,2532.47,29.2,1
ORD-02999,20221125,CUST-0103,PROD-018,GEO-010,Standard Class,2,736.94,0.15,1252.8,384.11,30.66,5
ORD-04004,20221125,CUST-0132,PROD-027,GEO-017,Standard Class,2,398.43,0.0,796.86,420.74,52.8,5
ORD-03307,20221125,CUST-0244,PROD-016,GEO-005,Second Class,2,42933.73,0.2,68693.97,8089.4,11.78,4
ORD-04598,20221125,CUST-0055,PROD-016,GEO-015,Second Class,1,41657.98,0.3,29160.59,2816.91,9.66,4
ORD-01214,20221125,CUST-0029,PROD-037,GEO-008,Second Class,1,3305.66,0.1,2975.09,1024.62,34.44,4
ORD-01595,20221125,CUST-0071,PROD-019,GEO-018,Standard Class,1,4509.29,0.1,4058.36,1281.23,31.57,5
ORD-01530,20221126,CUST-0089,PROD-021,GEO-001,Standard Class,2,3129.24,0.3,4380.94,648.9,14.81,5
ORD-02745,20221126,CUST-0163,PROD-042,GEO-004,First Class,1,1815.39,0.0,1815.39,668.07,36.8,2
ORD-04740,20221126,CUST-0008,PROD-012,GEO-016,First Class,1,1824.44,0.0,1824.44,1003.44,55.0,4
ORD-00588,20221126,CUST-0005,PROD-036,GEO-006,Standard Class,4,8045.5,0.1,28963.8,5937.58,20.5,5
ORD-02528,20221127,CUST-0114,PROD-038,GEO-014,Second Class,1,1174.24,0.0,1174.24,715.11,60.9,4
ORD-00651,20221128,CUST-0052,PROD-047,GEO-009,First Class,2,3375.43,0.1,6075.77,1494.64,24.6,3
ORD-03108,20221128,CUST-0173,PROD-014,GEO-005,Standard Class,1,467.63,0.3,327.34,80.34,24.54,7
ORD-02638,20221129,CUST-0211,PROD-020,GEO-007,Same Day,2,1192.51,0.0,2385.02,1311.76,55.0,1
ORD-04820,20221129,CUST-0262,PROD-041,GEO-003,Standard Class,1,26004.16,0.0,26004.16,5024.0,19.32,7
ORD-04335,20221129,CUST-0191,PROD-021,GEO-015,Standard Class,5,3245.56,0.35,10548.07,1434.28,13.6,5
ORD-03683,20221129,CUST-0180,PROD-043,GEO-005,First Class,5,6225.36,0.2,24901.44,4398.59,17.66,3
ORD-01756,20221130,CUST-0059,PROD-007,GEO-003,Second Class,3,630.79,0.15,1608.51,432.11,26.86,3
ORD-04526,20221130,CUST-0142,PROD-017,GEO-012,Standard Class,1,54985.5,0.15,46737.68,7881.37,16.86,5
ORD-00785,20221130,CUST-0269,PROD-028,GEO-003,Standard Class,4,2117.46,0.2,6775.87,1595.85,23.55,6
ORD-00097,20221201,CUST-0210,PROD-049,GEO-018,Second Class,1,1936.32,0.05,1839.5,865.42,47.05,5
ORD-02998,20221201,CUST-0017,PROD-045,GEO-001,Second Class,4,9972.99,0.15,33908.17,6376.36,18.8,4
ORD-03755,20221201,CUST-0034,PROD-010,GEO-003,Standard Class,1,3475.21,0.05,3301.45,1381.99,41.86,5
ORD-01992,20221202,CUST-0233,PROD-015,GEO-020,Standard Class,2,1437.6,0.25,2156.4,587.08,27.23,5
ORD-00235,20221202,CUST-0192,PROD-043,GEO-003,Standard Class,3,6387.57,0.05,18204.57,4572.26,25.12,7
ORD-00029,20221202,CUST-0212,PROD-005,GEO-002,Standard Class,1,3300.1,0.05,3135.1,997.39,31.81,6
ORD-00161,20221202,CUST-0198,PROD-011,GEO-001,Standard Class,4,1889.08,0.25,5667.24,1147.05,20.24,5
ORD-01854,20221202,CUST-0253,PROD-028,GEO-003,Standard Class,4,2168.19,0.1,7805.48,2355.38,30.18,6
ORD-01516,20221203,CUST-0019,PROD-043,GEO-013,Standard Class,1,6204.1,0.15,5273.48,1212.63,22.99,5
ORD-04375,20221204,CUST-0016,PROD-037,GEO-010,Standard Class,1,3289.35,0.0,3289.35,1381.53,42.0,6
ORD-02837,20221204,CUST-0054,PROD-015,GEO-013,Standard Class,1,1436.01,0.05,1364.21,586.57,43.0,5
ORD-04097,20221204,CUST-0115,PROD-042,GEO-005,First Class,1,1834.0,0.15,1558.9,418.78,26.86,4
ORD-04725,20221204,CUST-0280,PROD-022,GEO-009,Second Class,1,22044.7,0.25,16533.53,1727.75,10.45,5
ORD-03044,20221205,CUST-0015,PROD-042,GEO-014,Standard Class,1,1819.64,0.05,1728.66,660.69,38.22,7
ORD-02107,20221205,CUST-0123,PROD-047,GEO-013,Standard Class,1,3502.34,0.0,3502.34,1103.24,31.5,5
ORD-01404,20221205,CUST-0034,PROD-042,GEO-003,Same Day,2,1880.8,0.05,3573.52,1196.7,33.49,0
ORD-02983,20221205,CUST-0037,PROD-004,GEO-009,First Class,3,2506.63,0.0,7519.89,3985.54,53.0,2
ORD-02196,20221205,CUST-0237,PROD-047,GEO-006,Standard Class,2,3591.47,0.2,5746.35,1103.3,19.2,5
ORD-03947,20221205,CUST-0285,PROD-047,GEO-004,Second Class,2,3350.68,0.05,6366.29,1598.96,25.12,5
ORD-00401,20221205,CUST-0039,PROD-015,GEO-006,First Class,2,1564.76,0.0,3129.52,1408.28,45.0,4
ORD-01985,20221205,CUST-0267,PROD-028,GEO-015,Second Class,5,1998.88,0.0,9994.4,4197.65,42.0,5
ORD-02670,20221206,CUST-0268,PROD-028,GEO-015,Second Class,2,2138.18,0.1,3848.72,1325.5,34.44,4
ORD-04461,20221206,CUST-0291,PROD-011,GEO-003,Standard Class,1,1814.65,0.2,1451.72,341.91,23.55,5
ORD-03281,20221206,CUST-0061,PROD-042,GEO-019,First Class,1,1843.09,0.1,1658.78,598.49,36.08,3
ORD-00848,20221206,CUST-0002,PROD-039,GEO-006,Second Class,2,767.02,0.0,1534.04,920.42,60.0,4
ORD-04666,20221206,CUST-0223,PROD-044,GEO-015,Second Class,5,861.26,0.05,4090.98,2423.54,59.24,3
ORD-03299,20221207,CUST-0107,PROD-019,GEO-009,Second Class,5,4426.18,0.15,18811.26,4806.28,25.55,5
ORD-03444,20221208,CUST-0134,PROD-038,GEO-002,Same Day,2,1197.41,0.3,1676.37,411.48,24.55,1
ORD-02773,20221208,CUST-0061,PROD-022,GEO-019,Standard Class,2,21992.0,0.0,43984.0,9192.66,20.9,6
ORD-04634,20221208,CUST-0100,PROD-023,GEO-012,Standard Class,1,3705.83,0.25,2779.37,577.84,20.79,6
ORD-01460,20221208,CUST-0017,PROD-035,GEO-001,Same Day,1,17605.93,0.4,10563.56,489.81,4.64,0
ORD-04963,20221208,CUST-0056,PROD-020,GEO-008,Second Class,1,1146.32,0.1,1031.69,465.29,45.1,5
ORD-02695,20221208,CUST-0163,PROD-026,GEO-004,Standard Class,3,705.79,0.2,1693.9,518.63,30.62,7
ORD-00756,20221209,CUST-0098,PROD-046,GEO-012,Standard Class,1,4376.82,0.2,3501.46,1058.84,30.24,7
ORD-04071,20221209,CUST-0154,PROD-043,GEO-019,Second Class,1,6643.21,0.0,6643.21,2192.26,33.0,4
ORD-00457,20221209,CUST-0012,PROD-009,GEO-010,Standard Class,2,2521.47,0.05,4790.79,1656.66,34.58,7
ORD-04051,20221209,CUST-0022,PROD-008,GEO-009,Standard Class,1,2180.06,0.1,1962.05,772.26,39.36,7
ORD-00092,20221209,CUST-0053,PROD-021,GEO-014,Second Class,2,3292.35,0.25,4938.52,998.2,20.21,5
ORD-03732,20221209,CUST-0071,PROD-048,GEO-018,First Class,3,1552.64,0.05,4425.02,2303.31,52.05,2
ORD-04609,20221209,CUST-0245,PROD-015,GEO-004,Standard Class,4,1542.95,0.2,4937.44,1308.22,26.5,5
ORD-01240,20221209,CUST-0008,PROD-048,GEO-016,Standard Class,1,1542.07,0.0,1542.07,882.07,57.2,7
ORD-01737,20221210,CUST-0278,PROD-044,GEO-001,Second Class,2,808.47,0.1,1455.25,680.66,46.77,5
ORD-03867,20221210,CUST-0291,PROD-016,GEO-003,Standard Class,4,41609.28,0.1,149793.41,22600.83,15.09,6
ORD-01116,20221210,CUST-0070,PROD-011,GEO-009,Standard Class,2,1797.82,0.05,3415.86,1243.37,36.4,6
ORD-01938,20221210,CUST-0241,PROD-046,GEO-015,Standard Class,1,4642.12,0.0,4642.12,2193.4,47.25,6
ORD-02240,20221210,CUST-0196,PROD-036,GEO-015,Standard Class,1,8399.47,0.0,8399.47,2204.86,26.25,7
ORD-01093,20221210,CUST-0083,PROD-002,GEO-014,Second Class,4,1556.21,0.0,6224.84,2745.15,44.1,3
ORD-01446,20221210,CUST-0028,PROD-001,GEO-012,Second Class,2,5367.7,0.15,9125.09,2657.86,29.13,5
ORD-01418,20221211,CUST-0223,PROD-042,GEO-015,Standard Class,5,1786.29,0.0,8931.45,3751.21,42.0,5
ORD-00316,20221211,CUST-0217,PROD-021,GEO-002,Standard Class,2,3220.81,0.0,6441.62,2074.2,32.2,7
ORD-00734,20221211,CUST-0180,PROD-039,GEO-005,Second Class,1,791.81,0.1,712.63,322.56,45.26,3
ORD-04695,20221211,CUST-0071,PROD-004,GEO-018,Standard Class,2,2543.22,0.05,4832.12,2563.58,53.05,5
ORD-01234,20221211,CUST-0165,PROD-020,GEO-009,Standard Class,1,1231.96,0.3,862.37,218.18,25.3,7
ORD-00450,20221212,CUST-0078,PROD-022,GEO-001,Standard Class,1,21045.22,0.05,19992.96,3180.24,15.91,5
ORD-03232,20221212,CUST-0116,PROD-001,GEO-009,Same Day,3,5595.63,0.0,16786.89,6379.02,38.0,2
ORD-04703,20221212,CUST-0104,PROD-048,GEO-012,Standard Class,2,1453.38,0.15,2470.75,984.8,39.86,6
ORD-04324,20221212,CUST-0099,PROD-001,GEO-018,Standard Class,4,5468.08,0.15,18591.47,5673.0,30.51,5
ORD-04710,20221212,CUST-0294,PROD-048,GEO-002,Standard Class,3,1474.46,0.2,3538.7,1083.47,30.62,6
ORD-04543,20221213,CUST-0194,PROD-010,GEO-006,Same Day,1,3380.76,0.2,2704.61,865.48,32.0,2
ORD-00830,20221213,CUST-0247,PROD-036,GEO-016,Same Day,3,8184.7,0.05,23326.39,5837.42,25.02,2
ORD-00267,20221214,CUST-0041,PROD-039,GEO-011,Second Class,2,834.17,0.2,1334.67,538.14,40.32,4
ORD-03392,20221214,CUST-0164,PROD-035,GEO-007,Second Class,5,18452.08,0.2,73808.32,8502.72,11.52,4
ORD-00200,20221214,CUST-0116,PROD-041,GEO-009,Standard Class,1,25516.19,0.1,22964.57,3954.5,17.22,7
ORD-01610,20221215,CUST-0243,PROD-026,GEO-011,Second Class,1,689.97,0.05,655.47,325.68,49.69,4
ORD-04897,20221215,CUST-0035,PROD-023,GEO-015,Second Class,2,3712.11,0.0,7424.22,2806.36,37.8,3
ORD-04257,20221215,CUST-0236,PROD-043,GEO-012,First Class,1,6261.62,0.1,5635.46,1455.64,25.83,4
ORD-03333,20221215,CUST-0037,PROD-040,GEO-009,Second Class,2,123.93,0.15,210.68,92.28,43.8,4
ORD-02191,20221215,CUST-0145,PROD-003,GEO-018,Standard Class,4,1769.13,0.25,5307.39,1766.04,33.28,6
ORD-01258,20221215,CUST-0010,PROD-010,GEO-017,Standard Class,1,3601.68,0.0,3601.68,1980.92,55.0,7
ORD-00662,20221215,CUST-0122,PROD-018,GEO-002,Standard Class,1,785.24,0.25,588.93,125.16,21.25,6
ORD-04046,20221216,CUST-0240,PROD-031,GEO-002,Standard Class,5,949.62,0.3,3323.67,731.42,22.01,6
ORD-01112,20221216,CUST-0159,PROD-019,GEO-011,Second Class,1,4538.97,0.0,4538.97,1668.07,36.75,4
ORD-02549,20221216,CUST-0287,PROD-038,GEO-018,Standard Class,4,1191.12,0.2,3811.58,1556.35,40.83,6
ORD-01062,20221216,CUST-0258,PROD-031,GEO-002,Second Class,4,946.13,0.05,3595.29,1565.19,43.53,4
ORD-03710,20221217,CUST-0117,PROD-013,GEO-016,First Class,2,183.34,0.35,238.34,53.35,22.38,4
ORD-01035,20221217,CUST-0299,PROD-039,GEO-010,Second Class,1,760.79,0.15,646.67,283.24,43.8,4
ORD-00454,20221217,CUST-0248,PROD-016,GEO-020,Standard Class,1,43802.76,0.2,35042.21,4933.94,14.08,6
ORD-03042,20221217,CUST-0278,PROD-040,GEO-001,First Class,1,116.23,0.05,110.42,55.47,50.24,2
ORD-02399,20221217,CUST-0243,PROD-037,GEO-011,Standard Class,5,3122.05,0.05,14829.74,5951.33,40.13,6
ORD-02966,20221217,CUST-0298,PROD-015,GEO-018,Standard Class,1,1476.36,0.2,1181.09,374.16,31.68,7
ORD-00471,20221217,CUST-0059,PROD-012,GEO-003,Standard Class,1,1848.16,0.0,1848.16,850.15,46.0,6
ORD-01542,20221217,CUST-0155,PROD-007,GEO-016,Standard Class,1,620.08,0.15,527.07,169.29,32.12,6
ORD-04203,20221217,CUST-0131,PROD-032,GEO-019,Standard Class,5,4550.8,0.1,20478.6,6465.1,31.57,5
ORD-01699,20221217,CUST-0297,PROD-035,GEO-015,First Class,1,17887.11,0.15,15204.04,2097.7,13.8,3
ORD-02781,20221218,CUST-0048,PROD-029,GEO-007,Standard Class,3,2887.71,0.2,6930.5,1330.66,19.2,7
ORD-02691,20221218,CUST-0048,PROD-022,GEO-007,Standard Class,1,21324.06,0.0,21324.06,4051.57,19.0,6
ORD-02957,20221218,CUST-0108,PROD-004,GEO-018,Second Class,1,2436.23,0.0,2436.23,1420.32,58.3,5
ORD-03557,20221218,CUST-0277,PROD-010,GEO-016,Standard Class,2,3613.9,0.25,5420.85,1639.8,30.25,5
ORD-04147,20221218,CUST-0098,PROD-025,GEO-012,Standard Class,1,341.9,0.0,341.9,161.54,47.25,6
ORD-01398,20221218,CUST-0145,PROD-049,GEO-018,Standard Class,1,2068.49,0.3,1447.94,344.34,23.78,7
ORD-00494,20221218,CUST-0135,PROD-012,GEO-018,Same Day,1,1832.33,0.1,1649.1,743.74,45.1,0
ORD-03590,20221218,CUST-0008,PROD-016,GEO-016,Second Class,2,40788.78,0.0,81577.56,17947.06,22.0,3
ORD-04890,20221219,CUST-0225,PROD-034,GEO-020,Second Class,3,10463.89,0.15,26682.92,3213.96,12.05,5
ORD-03020,20221220,CUST-0161,PROD-046,GEO-012,Standard Class,3,4583.0,0.1,12374.1,4794.34,38.74,7
ORD-00102,20221220,CUST-0073,PROD-005,GEO-006,Second Class,4,3076.24,0.05,11689.71,4042.3,34.58,4
ORD-03806,20221220,CUST-0090,PROD-034,GEO-016,Same Day,2,9786.4,0.0,19572.8,3229.51,16.5,1
ORD-04927,20221220,CUST-0188,PROD-033,GEO-016,Standard Class,1,439.57,0.05,417.59,192.28,46.05,7
ORD-00041,20221220,CUST-0056,PROD-010,GEO-008,Second Class,1,3564.66,0.2,2851.73,912.55,32.0,5
ORD-01994,20221221,CUST-0120,PROD-039,GEO-002,Standard Class,1,796.11,0.05,756.3,379.9,50.23,6
ORD-01380,20221221,CUST-0278,PROD-047,GEO-001,Standard Class,3,3656.56,0.3,7678.78,974.9,12.7,7
ORD-01000,20221221,CUST-0196,PROD-049,GEO-015,Standard Class,2,1905.42,0.05,3620.3,1625.82,44.91,7
ORD-02531,20221222,CUST-0144,PROD-033,GEO-017,Standard Class,2,446.43,0.0,892.86,451.79,50.6,7
ORD-00534,20221222,CUST-0226,PROD-023,GEO-002,Second Class,2,3798.58,0.3,5318.01,810.21,15.24,5
ORD-00046,20221222,CUST-0174,PROD-008,GEO-020,Standard Class,1,2280.24,0.0,2280.24,1203.97,52.8,5
ORD-02726,20221223,CUST-0211,PROD-019,GEO-007,Standard Class,1,4541.15,0.2,3632.92,813.77,22.4,6
ORD-02848,20221223,CUST-0232,PROD-021,GEO-007,Standard Class,1,3144.67,0.25,2358.5,454.01,19.25,6
ORD-02959,20221223,CUST-0078,PROD-015,GEO-001,Standard Class,1,1513.93,0.05,1438.23,541.84,37.67,7
ORD-02793,20221224,CUST-0272,PROD-007,GEO-001,Standard Class,1,664.93,0.2,531.94,125.29,23.55,6
ORD-00870,20221224,CUST-0060,PROD-038,GEO-013,Second Class,1,1160.26,0.25,870.2,291.47,33.49,5
ORD-02077,20221225,CUST-0064,PROD-014,GEO-007,Standard Class,1,447.28,0.15,380.19,160.97,42.34,6
ORD-04979,20221225,CUST-0041,PROD-009,GEO-011,First Class,1,2544.17,0.0,2544.17,1015.12,39.9,4
ORD-02504,20221226,CUST-0072,PROD-033,GEO-006,Standard Class,5,450.57,0.05,2140.21,895.89,41.86,7
ORD-03691,20221226,CUST-0273,PROD-028,GEO-007,Standard Class,1,2157.08,0.0,2157.08,862.83,40.0,6
ORD-03934,20221226,CUST-0031,PROD-021,GEO-020,Standard Class,1,3262.64,0.1,2936.38,927.01,31.57,5
ORD-02679,20221226,CUST-0187,PROD-016,GEO-018,Standard Class,3,42552.19,0.0,127656.57,28084.44,22.0,5
ORD-00621,20221227,CUST-0089,PROD-035,GEO-001,Standard Class,5,18446.73,0.05,87621.97,13204.28,15.07,5
ORD-02919,20221227,CUST-0240,PROD-012,GEO-002,Second Class,1,1723.59,0.2,1378.87,405.94,29.44,4
ORD-01849,20221227,CUST-0242,PROD-049,GEO-019,Standard Class,1,1966.83,0.05,1868.49,879.06,47.05,7
ORD-02470,20221227,CUST-0225,PROD-019,GEO-020,Standard Class,1,4687.67,0.15,3984.52,1119.84,28.1,6
ORD-02496,20221228,CUST-0206,PROD-016,GEO-005,Standard Class,4,41921.69,0.2,134149.41,15797.43,11.78,5
ORD-03553,20221228,CUST-0295,PROD-014,GEO-008,Standard Class,3,453.83,0.4,816.89,132.66,16.24,7
ORD-04584,20221228,CUST-0107,PROD-044,GEO-009,Standard Class,1,862.72,0.0,862.72,534.89,62.0,5
ORD-01206,20221229,CUST-0236,PROD-031,GEO-012,Standard Class,1,907.51,0.05,862.13,428.36,49.69,5
ORD-01435,20221229,CUST-0197,PROD-035,GEO-002,First Class,3,17816.85,0.1,48105.5,6532.34,13.58,2
ORD-00762,20221229,CUST-0114,PROD-032,GEO-014,Second Class,1,4534.6,0.25,3400.95,687.41,20.21,3
ORD-01905,20221229,CUST-0130,PROD-040,GEO-012,Second Class,2,119.93,0.0,239.86,151.12,63.0,4
ORD-03733,20221229,CUST-0160,PROD-036,GEO-012,Second Class,2,7929.54,0.0,15859.08,4163.01,26.25,3
ORD-02662,20221230,CUST-0201,PROD-048,GEO-007,Standard Class,2,1488.45,0.0,2976.9,1547.99,52.0,5
ORD-04627,20221230,CUST-0175,PROD-037,GEO-001,First Class,3,3173.38,0.0,9520.14,3678.58,38.64,2
ORD-02493,20221230,CUST-0030,PROD-015,GEO-015,Standard Class,1,1539.25,0.1,1385.32,536.74,38.74,5
ORD-01866,20221231,CUST-0227,PROD-044,GEO-007,Standard Class,3,840.26,0.0,2520.78,1562.88,62.0,7
ORD-02884,20230101,CUST-0073,PROD-050,GEO-006,Standard Class,4,1771.82,0.0,7087.28,3189.28,45.0,6
ORD-01669,20230102,CUST-0070,PROD-020,GEO-009,First Class,1,1204.34,0.0,1204.34,662.39,55.0,2
ORD-00814,20230102,CUST-0169,PROD-042,GEO-016,Second Class,1,1743.2,0.0,1743.2,767.01,44.0,4
ORD-02795,20230103,CUST-0096,PROD-048,GEO-015,Standard Class,1,1453.94,0.05,1381.24,686.28,49.69,5
ORD-02956,20230103,CUST-0082,PROD-019,GEO-001,Standard Class,1,4451.82,0.0,4451.82,1433.49,32.2,7
ORD-04702,20230103,CUST-0161,PROD-028,GEO-012,Second Class,1,2041.5,0.05,1939.42,741.25,38.22,5
ORD-03308,20230103,CUST-0096,PROD-028,GEO-015,Standard Class,2,2174.62,0.0,4349.24,1826.69,42.0,6
ORD-03917,20230104,CUST-0231,PROD-026,GEO-006,Same Day,2,687.06,0.0,1374.12,714.54,52.0,2
ORD-01889,20230106,CUST-0068,PROD-016,GEO-018,Standard Class,3,41014.55,0.15,104587.1,16796.69,16.06,7
ORD-02505,20230107,CUST-0003,PROD-023,GEO-017,Standard Class,1,3964.64,0.1,3568.18,1158.66,32.47,7
ORD-01279,20230107,CUST-0014,PROD-022,GEO-011,Second Class,2,22136.13,0.2,35417.81,4522.15,12.77,3
ORD-00441,20230108,CUST-0019,PROD-013,GEO-013,First Class,2,174.61,0.3,244.45,64.94,26.57,4
ORD-00811,20230109,CUST-0149,PROD-043,GEO-020,Second Class,1,6526.72,0.3,4568.7,693.53,15.18,5
ORD-01326,20230109,CUST-0297,PROD-048,GEO-015,Standard Class,2,1520.72,0.15,2585.22,1030.42,39.86,5
ORD-00410,20230109,CUST-0228,PROD-021,GEO-016,Second Class,1,3043.24,0.1,2738.92,864.68,31.57,4
ORD-02148,20230109,CUST-0300,PROD-001,GEO-003,Same Day,1,5651.42,0.25,4238.57,814.99,19.23,0
ORD-03825,20230109,CUST-0275,PROD-008,GEO-003,First Class,3,2198.63,0.0,6595.89,2912.75,44.16,2
ORD-02186,20230110,CUST-0037,PROD-044,GEO-009,Standard Class,4,844.91,0.0,3379.64,2095.38,62.0,5
ORD-03983,20230110,CUST-0048,PROD-047,GEO-007,Standard Class,1,3616.6,0.05,3435.77,937.97,27.3,6
ORD-01858,20230110,CUST-0144,PROD-041,GEO-017,First Class,1,25727.51,0.05,24441.13,5137.77,21.02,3
ORD-00190,20230111,CUST-0014,PROD-042,GEO-011,Second Class,1,1821.0,0.25,1365.75,315.49,23.1,5
ORD-03666,20230111,CUST-0123,PROD-042,GEO-013,Second Class,1,1840.76,0.35,1196.49,185.93,15.54,5
ORD-02626,20230111,CUST-0179,PROD-039,GEO-004,Second Class,3,786.29,0.0,2358.87,1302.09,55.2,3
ORD-00900,20230111,CUST-0170,PROD-034,GEO-003,Standard Class,3,10134.91,0.0,30404.73,4195.85,13.8,6
ORD-00145,20230111,CUST-0269,PROD-019,GEO-003,Second Class,4,4699.92,0.35,12219.79,1455.86,11.91,3
ORD-01083,20230112,CUST-0134,PROD-029,GEO-002,Standard Class,1,2849.51,0.3,1994.66,253.24,12.7,6
ORD-02351,20230112,CUST-0123,PROD-037,GEO-013,Standard Class,2,3279.85,0.15,5575.74,1795.0,32.19,7
ORD-01670,20230112,CUST-0140,PROD-010,GEO-005,Standard Class,1,3399.81,0.15,2889.84,970.41,33.58,6
ORD-04544,20230113,CUST-0046,PROD-013,GEO-014,Standard Class,1,182.72,0.0,182.72,105.52,57.75,7
ORD-02097,20230113,CUST-0254,PROD-020,GEO-017,Same Day,4,1226.69,0.15,4170.75,1842.02,44.17,2
ORD-02766,20230113,CUST-0254,PROD-003,GEO-017,Second Class,1,1760.4,0.15,1496.34,660.86,44.17,3
ORD-04362,20230113,CUST-0084,PROD-041,GEO-018,Standard Class,2,24178.58,0.15,41103.59,6931.3,16.86,5
ORD-04168,20230113,CUST-0063,PROD-050,GEO-008,Standard Class,2,1713.69,0.0,3427.38,1542.32,45.0,5
ORD-00107,20230114,CUST-0261,PROD-010,GEO-010,Standard Class,1,3499.43,0.0,3499.43,1749.72,50.0,5
ORD-03053,20230114,CUST-0141,PROD-041,GEO-012,Standard Class,3,24418.02,0.0,73254.06,16152.52,22.05,6
ORD-03533,20230115,CUST-0236,PROD-034,GEO-012,Standard Class,1,10039.09,0.05,9537.14,1366.91,14.33,6
ORD-00174,20230115,CUST-0188,PROD-040,GEO-016,First Class,2,117.44,0.0,234.88,155.02,66.0,3
ORD-04398,20230116,CUST-0052,PROD-030,GEO-009,First Class,2,573.46,0.2,917.54,223.15,24.32,2
ORD-00002,20230116,CUST-0121,PROD-010,GEO-004,Same Day,1,3419.79,0.2,2735.83,805.43,29.44,0
ORD-00231,20230116,CUST-0100,PROD-045,GEO-012,Standard Class,3,9053.87,0.1,24445.45,5893.31,24.11,7
ORD-02145,20230117,CUST-0004,PROD-016,GEO-012,Second Class,4,41833.37,0.1,150600.13,25933.34,17.22,3
ORD-01806,20230117,CUST-0075,PROD-027,GEO-013,Same Day,1,391.77,0.05,372.18,170.7,45.86,1
ORD-00844,20230118,CUST-0175,PROD-046,GEO-001,Standard Class,4,4285.15,0.0,17140.6,7096.21,41.4,5
ORD-01394,20230118,CUST-0133,PROD-035,GEO-010,Standard Class,1,17738.99,0.1,15965.09,2356.45,14.76,6
ORD-03409,20230118,CUST-0164,PROD-021,GEO-007,Second Class,3,3182.19,0.0,9546.57,3341.3,35.0,5
ORD-03294,20230119,CUST-0297,PROD-004,GEO-015,Standard Class,1,2516.09,0.15,2138.68,868.83,40.62,6
ORD-02536,20230119,CUST-0252,PROD-041,GEO-015,Second Class,1,25569.64,0.0,25569.64,5638.1,22.05,4
ORD-04822,20230119,CUST-0217,PROD-014,GEO-002,Same Day,5,438.76,0.05,2084.11,1011.99,48.56,1
ORD-03833,20230119,CUST-0238,PROD-027,GEO-011,Standard Class,2,393.4,0.1,708.12,292.66,41.33,6
ORD-04323,20230120,CUST-0018,PROD-036,GEO-014,Second Class,3,8159.35,0.0,24478.05,6425.49,26.25,3
ORD-02879,20230121,CUST-0130,PROD-017,GEO-012,First Class,3,53310.09,0.15,135940.73,22923.68,16.86,3
ORD-01233,20230123,CUST-0217,PROD-023,GEO-002,Standard Class,4,3918.36,0.0,15673.44,5191.04,33.12,6
ORD-02384,20230123,CUST-0164,PROD-008,GEO-007,Standard Class,2,2162.24,0.0,4324.48,2075.75,48.0,7
ORD-00548,20230124,CUST-0216,PROD-008,GEO-008,Standard Class,5,2204.11,0.0,11020.55,5289.86,48.0,7
ORD-01010,20230124,CUST-0290,PROD-041,GEO-005,Standard Class,1,25482.27,0.05,24208.16,4256.09,17.58,7
ORD-01069,20230125,CUST-0176,PROD-026,GEO-019,Standard Class,1,686.55,0.05,652.22,339.49,52.05,5
ORD-03440,20230127,CUST-0087,PROD-010,GEO-006,Standard Class,2,3652.03,0.05,6938.86,3157.18,45.5,6
ORD-04617,20230128,CUST-0022,PROD-020,GEO-009,First Class,4,1250.46,0.25,3751.38,1134.79,30.25,4
ORD-01207,20230128,CUST-0136,PROD-023,GEO-020,Standard Class,2,3702.39,0.1,6664.3,2164.03,32.47,7
ORD-03358,20230128,CUST-0236,PROD-040,GEO-012,Second Class,1,125.53,0.1,112.98,58.37,51.66,3
ORD-00162,20230129,CUST-0255,PROD-039,GEO-011,Standard Class,3,772.31,0.15,1969.39,905.72,45.99,7
ORD-02948,20230129,CUST-0253,PROD-039,GEO-003,First Class,1,793.19,0.25,594.89,180.61,30.36,4
ORD-02180,20230129,CUST-0210,PROD-027,GEO-018,Standard Class,1,396.76,0.1,357.08,154.61,43.3,6
ORD-04604,20230130,CUST-0201,PROD-043,GEO-007,First Class,2,6365.32,0.1,11457.58,2818.56,24.6,4
ORD-01828,20230130,CUST-0213,PROD-003,GEO-014,Standard Class,1,1838.74,0.0,1838.74,1061.88,57.75,5
ORD-03999,20230131,CUST-0298,PROD-018,GEO-018,Second Class,2,736.95,0.25,1105.43,280.88,25.41,5
ORD-04258,20230131,CUST-0146,PROD-044,GEO-020,Standard Class,2,823.1,0.1,1481.58,828.56,55.92,5
ORD-01893,20230131,CUST-0217,PROD-035,GEO-002,First Class,5,18692.23,0.3,65422.8,4983.65,7.62,4
ORD-02578,20230201,CUST-0223,PROD-022,GEO-015,First Class,4,23009.59,0.3,64426.85,5912.46,9.18,2
ORD-04578,20230201,CUST-0056,PROD-013,GEO-008,Second Class,1,179.23,0.0,179.23,98.58,55.0,3
ORD-03967,20230201,CUST-0041,PROD-035,GEO-011,Standard Class,3,17213.59,0.05,49058.73,8437.61,17.2,6
ORD-04770,20230202,CUST-0122,PROD-045,GEO-002,Standard Class,1,9125.81,0.0,9125.81,2350.81,25.76,5
ORD-04840,20230202,CUST-0086,PROD-034,GEO-007,Second Class,5,10192.52,0.1,45866.34,5641.56,12.3,4
ORD-04434,20230202,CUST-0064,PROD-033,GEO-007,Standard Class,5,456.66,0.05,2169.14,908.0,41.86,6
ORD-04219,20230202,CUST-0284,PROD-035,GEO-001,Second Class,3,18599.16,0.2,44637.98,4730.92,10.6,5
ORD-02010,20230203,CUST-0287,PROD-049,GEO-018,Standard Class,4,1997.52,0.1,7191.07,3048.58,42.39,5
ORD-03335,20230203,CUST-0121,PROD-027,GEO-004,Standard Class,2,367.29,0.3,514.21,104.46,20.31,6
ORD-00963,20230204,CUST-0136,PROD-050,GEO-020,Same Day,2,1761.34,0.15,2994.28,1081.98,36.13,0
ORD-01624,20230204,CUST-0134,PROD-025,GEO-002,Standard Class,2,337.75,0.2,540.4,143.19,26.5,5
ORD-01458,20230205,CUST-0229,PROD-039,GEO-010,Second Class,2,765.93,0.1,1378.67,678.31,49.2,3
ORD-03944,20230205,CUST-0229,PROD-023,GEO-010,First Class,5,3701.85,0.1,16658.32,4917.54,29.52,3
ORD-04291,20230206,CUST-0171,PROD-045,GEO-010,Standard Class,3,9374.52,0.0,28123.56,7874.6,28.0,5
ORD-02723,20230206,CUST-0008,PROD-017,GEO-016,First Class,2,54854.47,0.25,82281.7,10951.7,13.31,3
ORD-03421,20230206,CUST-0047,PROD-040,GEO-002,Second Class,1,123.3,0.2,98.64,34.85,35.33,3
ORD-01022,20230207,CUST-0114,PROD-014,GEO-014,First Class,1,451.17,0.05,428.61,237.53,55.42,2
ORD-04476,20230208,CUST-0112,PROD-020,GEO-010,Standard Class,1,1233.43,0.15,1048.42,420.94,40.15,5
ORD-00690,20230208,CUST-0095,PROD-043,GEO-013,Standard Class,1,6749.98,0.05,6412.48,1838.14,28.67,6
ORD-04950,20230208,CUST-0034,PROD-042,GEO-003,Standard Class,1,1824.72,0.05,1733.48,580.51,33.49,6
ORD-01152,20230209,CUST-0080,PROD-046,GEO-008,Standard Class,1,4649.37,0.2,3719.5,1071.22,28.8,5
ORD-03580,20230210,CUST-0151,PROD-033,GEO-013,Standard Class,3,447.71,0.15,1141.66,402.54,35.26,7
ORD-00565,20230210,CUST-0086,PROD-041,GEO-007,Standard Class,1,25581.83,0.05,24302.74,4644.25,19.11,5
ORD-04115,20230210,CUST-0006,PROD-044,GEO-019,Second Class,1,808.66,0.1,727.79,407.01,55.92,3
ORD-00176,20230211,CUST-0190,PROD-030,GEO-006,Standard Class,1,582.39,0.2,465.91,113.31,24.32,6
ORD-03304,20230211,CUST-0166,PROD-037,GEO-020,Standard Class,1,3301.58,0.1,2971.42,1125.7,37.88,7
ORD-02450,20230211,CUST-0099,PROD-044,GEO-018,Standard Class,2,880.7,0.15,1497.19,745.39,49.79,7
ORD-04951,20230211,CUST-0179,PROD-003,GEO-004,Standard Class,1,1881.51,0.0,1881.51,952.04,50.6,6
ORD-00034,20230212,CUST-0050,PROD-019,GEO-013,Standard Class,3,4708.45,0.0,14125.35,5191.06,36.75,5
ORD-00718,20230212,CUST-0138,PROD-002,GEO-014,First Class,2,1485.48,0.1,2673.86,966.92,36.16,2
ORD-02156,20230212,CUST-0190,PROD-008,GEO-006,Standard Class,1,2270.22,0.0,2270.22,1089.71,48.0,7
ORD-04827,20230212,CUST-0158,PROD-046,GEO-006,Second Class,1,4401.68,0.1,3961.51,1461.8,36.9,5
ORD-00096,20230213,CUST-0187,PROD-036,GEO-018,Standard Class,2,8112.92,0.15,13791.96,2768.73,20.07,6
ORD-00578,20230213,CUST-0293,PROD-004,GEO-011,Standard Class,1,2572.32,0.2,2057.86,732.93,35.62,5
ORD-01678,20230213,CUST-0145,PROD-037,GEO-018,Second Class,1,3100.18,0.0,3100.18,1432.29,46.2,4
ORD-00148,20230214,CUST-0199,PROD-020,GEO-017,Second Class,2,1177.83,0.0,2355.66,1425.17,60.5,4
ORD-03890,20230214,CUST-0091,PROD-031,GEO-016,Second Class,2,962.89,0.35,1251.76,264.92,21.16,3
ORD-00475,20230214,CUST-0094,PROD-008,GEO-008,Second Class,2,2285.85,0.0,4571.7,2194.42,48.0,5
ORD-02487,20230214,CUST-0088,PROD-010,GEO-005,Standard Class,2,3415.52,0.0,6831.04,3142.28,46.0,5
ORD-01666,20230214,CUST-0062,PROD-042,GEO-011,Second Class,3,1833.62,0.0,5500.86,2310.36,42.0,5
ORD-02057,20230214,CUST-0073,PROD-031,GEO-006,Standard Class,1,952.83,0.1,857.55,365.66,42.64,7
ORD-02685,20230215,CUST-0161,PROD-003,GEO-012,Standard Class,1,1880.5,0.0,1880.5,1085.99,57.75,5
ORD-01875,20230215,CUST-0202,PROD-021,GEO-003,Standard Class,1,3167.41,0.0,3167.41,1019.9,32.2,7
ORD-01120,20230215,CUST-0281,PROD-005,GEO-001,Standard Class,1,3210.58,0.3,2247.41,361.42,16.08,5
ORD-03513,20230215,CUST-0151,PROD-047,GEO-013,Same Day,1,3602.28,0.0,3602.28,1134.71,31.5,0
ORD-02818,20230216,CUST-0063,PROD-030,GEO-008,First Class,2,568.64,0.05,1080.42,373.61,34.58,4
ORD-02790,20230216,CUST-0181,PROD-016,GEO-011,Standard Class,3,44081.31,0.05,125631.73,24008.22,19.11,7
ORD-02973,20230217,CUST-0227,PROD-020,GEO-007,Standard Class,1,1175.83,0.1,1058.25,477.27,45.1,7
ORD-02167,20230217,CUST-0261,PROD-019,GEO-010,Second Class,1,4528.44,0.15,3849.17,983.46,25.55,4
ORD-03629,20230217,CUST-0086,PROD-016,GEO-007,Standard Class,5,42914.31,0.0,214571.55,42914.31,20.0,5
ORD-02740,20230218,CUST-0004,PROD-029,GEO-012,Standard Class,1,2870.11,0.05,2726.6,781.58,28.67,5
ORD-04775,20230218,CUST-0176,PROD-039,GEO-019,Standard Class,1,810.83,0.05,770.29,462.64,60.06,6
ORD-02281,20230218,CUST-0071,PROD-039,GEO-018,Standard Class,1,771.87,0.05,733.28,440.41,60.06,6
ORD-02199,20230218,CUST-0016,PROD-049,GEO-010,Second Class,2,1908.47,0.15,3244.4,1113.15,34.31,3
ORD-01006,20230219,CUST-0004,PROD-034,GEO-012,Standard Class,1,10010.46,0.05,9509.94,1363.02,14.33,7
ORD-01357,20230219,CUST-0174,PROD-013,GEO-020,Standard Class,1,182.67,0.1,164.4,81.55,49.6,7
ORD-00507,20230219,CUST-0213,PROD-021,GEO-014,Standard Class,1,3167.31,0.0,3167.31,1163.99,36.75,6
ORD-00790,20230219,CUST-0020,PROD-041,GEO-020,First Class,1,26173.3,0.1,23555.97,4461.97,18.94,4
ORD-03403,20230220,CUST-0121,PROD-028,GEO-004,Second Class,3,2101.97,0.1,5675.32,1712.58,30.18,5
ORD-01558,20230220,CUST-0103,PROD-009,GEO-010,Second Class,2,2596.06,0.0,5192.12,1973.01,38.0,3
ORD-00404,20230220,CUST-0284,PROD-035,GEO-001,Standard Class,1,17839.84,0.05,16947.85,2553.98,15.07,6
ORD-03663,20230221,CUST-0290,PROD-019,GEO-005,First Class,2,4623.4,0.05,8784.46,2574.02,29.3,4
ORD-01484,20230221,CUST-0067,PROD-042,GEO-016,Same Day,4,1887.39,0.05,7172.08,2871.7,40.04,2
ORD-04238,20230221,CUST-0196,PROD-043,GEO-015,First Class,1,6246.56,0.15,5309.58,1220.94,23.0,3
ORD-03964,20230222,CUST-0128,PROD-020,GEO-010,Second Class,1,1182.88,0.0,1182.88,650.58,55.0,4
ORD-04736,20230222,CUST-0002,PROD-008,GEO-006,First Class,5,2275.77,0.1,10240.96,4030.84,39.36,4
ORD-03192,20230223,CUST-0242,PROD-003,GEO-019,Same Day,1,1839.47,0.0,1839.47,1112.88,60.5,1
ORD-00743,20230223,CUST-0217,PROD-012,GEO-002,Standard Class,2,1825.47,0.0,3650.94,1679.43,46.0,6
ORD-00257,20230224,CUST-0270,PROD-008,GEO-011,Standard Class,2,2307.31,0.1,4153.16,1716.41,41.33,6
ORD-00438,20230224,CUST-0217,PROD-012,GEO-002,Same Day,3,1777.56,0.1,4799.41,1810.34,37.72,0
ORD-02376,20230224,CUST-0176,PROD-036,GEO-019,Second Class,2,7684.62,0.1,13832.32,3119.19,22.55,5
ORD-03787,20230225,CUST-0212,PROD-034,GEO-002,Standard Class,1,10226.47,0.1,9203.82,1041.5,11.32,6
ORD-02021,20230225,CUST-0173,PROD-042,GEO-005,Standard Class,1,1885.14,0.0,1885.14,693.74,36.8,6
ORD-04575,20230225,CUST-0241,PROD-036,GEO-015,Second Class,2,8264.95,0.2,13223.92,2221.62,16.8,4
ORD-00888,20230225,CUST-0062,PROD-037,GEO-011,Standard Class,1,3238.83,0.05,3076.89,1234.79,40.13,5
ORD-04229,20230225,CUST-0035,PROD-017,GEO-015,Standard Class,2,54980.06,0.1,98964.11,18745.79,18.94,5
ORD-02111,20230225,CUST-0018,PROD-048,GEO-014,Standard Class,2,1467.09,0.2,2347.34,820.25,34.94,6
ORD-02645,20230226,CUST-0268,PROD-034,GEO-015,Standard Class,1,10058.28,0.2,8046.62,811.1,10.08,5
ORD-02887,20230226,CUST-0100,PROD-016,GEO-012,Same Day,1,42174.02,0.15,35847.92,5495.49,15.33,2
ORD-04498,20230227,CUST-0243,PROD-028,GEO-011,Standard Class,4,2189.6,0.15,7444.64,2282.52,30.66,5
ORD-02587,20230227,CUST-0052,PROD-020,GEO-009,Standard Class,3,1221.04,0.0,3663.12,2014.72,55.0,6
ORD-04670,20230228,CUST-0294,PROD-033,GEO-002,Second Class,1,440.38,0.05,418.36,161.12,38.51,4
ORD-00991,20230228,CUST-0118,PROD-031,GEO-005,Standard Class,2,984.48,0.0,1968.96,941.95,47.84,6
ORD-04854,20230301,CUST-0070,PROD-049,GEO-009,Standard Class,5,1944.65,0.35,6320.11,1099.07,17.39,5
ORD-02452,20230301,CUST-0223,PROD-015,GEO-015,Standard Class,2,1512.9,0.25,2269.35,589.74,25.99,5
ORD-03172,20230302,CUST-0011,PROD-010,GEO-003,Standard Class,1,3394.25,0.0,3394.25,1561.35,46.0,5
ORD-04197,20230302,CUST-0119,PROD-038,GEO-020,Standard Class,2,1175.48,0.2,1880.77,767.95,40.83,7
ORD-01707,20230303,CUST-0182,PROD-046,GEO-020,Standard Class,2,4699.6,0.1,8459.28,3433.62,40.59,6
ORD-01467,20230303,CUST-0120,PROD-003,GEO-002,Standard Class,1,1830.12,0.35,1189.58,222.71,18.72,7
ORD-00366,20230303,CUST-0118,PROD-023,GEO-005,Second Class,1,3772.45,0.25,2829.34,515.39,18.22,5
ORD-00265,20230303,CUST-0279,PROD-047,GEO-001,Standard Class,2,3386.36,0.3,4740.9,601.9,12.7,6
ORD-04082,20230303,CUST-0233,PROD-027,GEO-020,Same Day,1,395.22,0.1,355.7,154.0,43.29,2
ORD-00794,20230304,CUST-0228,PROD-044,GEO-016,Standard Class,1,887.44,0.2,709.95,309.88,43.65,5
ORD-04761,20230304,CUST-0141,PROD-015,GEO-012,Second Class,1,1481.17,0.1,1333.05,516.5,38.75,3
ORD-03882,20230304,CUST-0241,PROD-020,GEO-015,Standard Class,1,1206.38,0.0,1206.38,696.69,57.75,6
ORD-02306,20230304,CUST-0132,PROD-039,GEO-017,Standard Class,4,763.37,0.0,3053.48,2015.3,66.0,6
ORD-00358,20230305,CUST-0145,PROD-019,GEO-018,Standard Class,2,4446.19,0.2,7113.9,1752.86,24.64,6
ORD-03863,20230305,CUST-0070,PROD-036,GEO-009,Standard Class,1,8196.64,0.05,7786.81,1771.5,22.75,6
ORD-01307,20230305,CUST-0282,PROD-035,GEO-002,First Class,2,18727.4,0.25,28091.1,2558.54,9.11,2
ORD-00924,20230306,CUST-0225,PROD-020,GEO-020,First Class,1,1180.66,0.15,1003.56,443.22,44.16,3
ORD-03731,20230306,CUST-0209,PROD-022,GEO-007,Same Day,4,21469.79,0.15,72997.29,10124.72,13.87,2
ORD-03817,20230306,CUST-0004,PROD-042,GEO-012,Second Class,4,1866.35,0.1,6718.86,2313.98,34.44,3
ORD-01089,20230306,CUST-0041,PROD-045,GEO-011,First Class,3,9180.44,0.4,16524.79,1360.32,8.23,4
ORD-02446,20230307,CUST-0134,PROD-035,GEO-002,Second Class,1,17440.23,0.1,15696.21,2131.42,13.58,5
ORD-00881,20230307,CUST-0025,PROD-036,GEO-019,Standard Class,2,7932.12,0.1,14277.82,3219.64,22.55,6
ORD-01139,20230307,CUST-0129,PROD-048,GEO-015,Standard Class,1,1435.83,0.1,1292.25,578.57,44.77,5
ORD-01425,20230307,CUST-0208,PROD-044,GEO-007,Standard Class,1,847.38,0.05,805.01,454.19,56.42,6
ORD-03514,20230308,CUST-0219,PROD-019,GEO-020,Standard Class,1,4457.82,0.1,4012.04,1266.61,31.57,6
ORD-02181,20230308,CUST-0140,PROD-008,GEO-005,Standard Class,2,2288.36,0.15,3890.21,1254.08,32.24,5
ORD-02039,20230308,CUST-0163,PROD-016,GEO-004,Standard Class,1,42471.1,0.0,42471.1,7814.68,18.4,6
ORD-01732,20230309,CUST-0092,PROD-043,GEO-001,Standard Class,3,6729.56,0.1,18169.81,4112.19,22.63,7
ORD-03038,20230309,CUST-0010,PROD-011,GEO-017,First Class,1,1833.68,0.05,1742.0,697.5,40.04,3
ORD-01489,20230309,CUST-0032,PROD-047,GEO-005,Second Class,2,3487.19,0.05,6625.66,1664.11,25.12,4
ORD-00320,20230309,CUST-0192,PROD-003,GEO-003,Second Class,1,1851.08,0.05,1758.53,809.73,46.05,4
ORD-01045,20230309,CUST-0035,PROD-023,GEO-015,First Class,2,3810.91,0.05,7240.73,2490.66,34.4,4
ORD-03415,20230310,CUST-0051,PROD-037,GEO-008,Standard Class,1,3125.97,0.15,2657.07,814.66,30.66,7
ORD-00398,20230311,CUST-0170,PROD-031,GEO-003,Standard Class,1,921.13,0.1,829.02,325.21,39.23,7
ORD-03340,20230312,CUST-0174,PROD-008,GEO-020,Standard Class,2,2120.09,0.15,3604.15,1389.18,38.54,7
ORD-03952,20230312,CUST-0049,PROD-042,GEO-003,Same Day,1,1830.41,0.25,1372.81,277.86,20.24,0
ORD-01023,20230312,CUST-0020,PROD-042,GEO-020,Second Class,2,1718.87,0.0,3437.74,1512.61,44.0,4
ORD-02422,20230312,CUST-0093,PROD-036,GEO-018,Standard Class,1,8383.39,0.35,5449.2,554.46,10.18,6
ORD-03120,20230312,CUST-0166,PROD-028,GEO-020,Standard Class,4,2010.02,0.0,8040.08,3537.63,44.0,6
ORD-02312,20230312,CUST-0192,PROD-039,GEO-003,Standard Class,1,820.65,0.2,656.52,231.93,35.33,6
ORD-03453,20230312,CUST-0150,PROD-023,GEO-002,Second Class,2,3887.21,0.0,7774.42,2574.89,33.12,4
ORD-02556,20230312,CUST-0261,PROD-033,GEO-010,Second Class,2,470.0,0.2,752.0,221.39,29.44,5
ORD-01140,20230313,CUST-0128,PROD-046,GEO-010,Second Class,3,4342.22,0.1,11723.99,4326.15,36.9,4
ORD-02621,20230313,CUST-0118,PROD-015,GEO-005,Same Day,1,1464.98,0.05,1391.73,524.32,37.67,0
ORD-04188,20230313,CUST-0077,PROD-003,GEO-004,Standard Class,1,1781.79,0.05,1692.7,779.42,46.05,7
ORD-00088,20230313,CUST-0260,PROD-049,GEO-010,First Class,3,1975.39,0.05,5629.86,2407.89,42.77,3
ORD-02231,20230313,CUST-0235,PROD-028,GEO-020,Standard Class,1,2202.05,0.05,2091.95,837.62,40.04,7
ORD-03772,20230314,CUST-0156,PROD-047,GEO-004,Standard Class,1,3406.64,0.0,3406.64,940.23,27.6,5
ORD-00415,20230314,CUST-0167,PROD-024,GEO-011,Second Class,2,223.81,0.05,425.24,203.15,47.77,3
ORD-02836,20230314,CUST-0240,PROD-011,GEO-002,Standard Class,5,1748.31,0.0,8741.55,3216.89,36.8,5
ORD-01187,20230314,CUST-0273,PROD-006,GEO-007,Standard Class,2,2173.31,0.0,4346.62,1738.65,40.0,5
ORD-02949,20230315,CUST-0201,PROD-016,GEO-007,Standard Class,1,42911.3,0.15,36474.61,5325.29,14.6,7
ORD-00667,20230316,CUST-0025,PROD-036,GEO-019,Second Class,1,7675.02,0.05,7291.27,1824.64,25.02,4
ORD-02213,20230316,CUST-0036,PROD-046,GEO-005,Second Class,3,4384.84,0.05,12496.79,4708.04,37.67,4
ORD-00232,20230316,CUST-0038,PROD-038,GEO-012,First Class,2,1219.07,0.0,2438.14,1484.83,60.9,4
ORD-02078,20230317,CUST-0184,PROD-020,GEO-009,Standard Class,1,1169.2,0.2,935.36,329.25,35.2,5
ORD-02025,20230318,CUST-0210,PROD-037,GEO-018,Standard Class,2,3289.9,0.05,6250.81,2627.97,42.04,5
ORD-04681,20230318,CUST-0060,PROD-046,GEO-013,First Class,4,4692.08,0.0,18768.32,8868.03,47.25,4
ORD-00416,20230319,CUST-0212,PROD-004,GEO-002,Standard Class,3,2574.6,0.05,7337.61,3255.82,44.37,5
ORD-00860,20230319,CUST-0054,PROD-015,GEO-013,Second Class,1,1465.37,0.05,1392.1,598.56,43.0,5
ORD-01293,20230319,CUST-0286,PROD-017,GEO-007,Standard Class,1,56610.62,0.0,56610.62,12454.34,22.0,7
ORD-03818,20230319,CUST-0030,PROD-048,GEO-015,First Class,2,1492.42,0.05,2835.6,1408.9,49.69,4
ORD-03330,20230319,CUST-0050,PROD-002,GEO-013,Standard Class,4,1477.35,0.0,5909.4,2606.05,44.1,5
ORD-01891,20230320,CUST-0229,PROD-041,GEO-010,Standard Class,1,24304.12,0.2,19443.3,2613.18,13.44,6
ORD-04089,20230320,CUST-0290,PROD-001,GEO-005,First Class,3,5579.22,0.3,11716.36,1884.18,16.08,4
ORD-03105,20230320,CUST-0272,PROD-002,GEO-001,Standard Class,3,1437.55,0.1,3881.38,1229.81,31.68,6
ORD-00706,20230320,CUST-0045,PROD-037,GEO-019,Standard Class,1,3110.8,0.2,2488.64,735.85,29.57,7
ORD-04121,20230320,CUST-0089,PROD-019,GEO-001,First Class,2,4662.27,0.15,7925.86,1863.06,23.51,4
ORD-01886,20230321,CUST-0084,PROD-024,GEO-018,Same Day,1,211.76,0.0,211.76,116.47,55.0,1
ORD-01250,20230321,CUST-0035,PROD-045,GEO-015,Standard Class,2,9444.96,0.0,18889.92,5553.64,29.4,7
ORD-04003,20230321,CUST-0262,PROD-034,GEO-003,Standard Class,1,9859.28,0.3,6901.5,438.1,6.35,5
ORD-00476,20230321,CUST-0262,PROD-049,GEO-003,Standard Class,1,2003.17,0.0,2003.17,866.17,43.24,6
ORD-02267,20230322,CUST-0007,PROD-011,GEO-003,First Class,2,1767.54,0.25,2651.31,536.63,20.24,2
ORD-04437,20230322,CUST-0106,PROD-046,GEO-015,Second Class,3,4575.59,0.0,13726.77,6485.9,47.25,4
ORD-00397,20230322,CUST-0291,PROD-004,GEO-003,Standard Class,1,2410.01,0.0,2410.01,1175.13,48.76,7
ORD-02219,20230322,CUST-0036,PROD-035,GEO-005,Standard Class,2,18518.16,0.1,33332.69,4526.32,13.58,5
ORD-01019,20230322,CUST-0083,PROD-001,GEO-014,Standard Class,3,5619.91,0.1,15173.76,4964.55,32.72,7
ORD-01743,20230322,CUST-0160,PROD-048,GEO-012,Standard Class,1,1463.02,0.0,1463.02,798.81,54.6,6
ORD-02952,20230323,CUST-0289,PROD-042,GEO-010,Second Class,2,1788.91,0.0,3577.82,1431.13,40.0,3
ORD-00408,20230323,CUST-0079,PROD-010,GEO-014,Standard Class,1,3471.63,0.0,3471.63,1822.61,52.5,6
ORD-04680,20230323,CUST-0201,PROD-007,GEO-007,Standard Class,2,630.8,0.25,946.2,208.16,22.0,5
ORD-01982,20230324,CUST-0172,PROD-018,GEO-019,Standard Class,1,759.7,0.0,759.7,350.98,46.2,7
ORD-02045,20230324,CUST-0153,PROD-043,GEO-008,Standard Class,3,6443.3,0.05,18363.4,5013.21,27.3,5
ORD-04623,20230325,CUST-0185,PROD-049,GEO-014,Standard Class,4,2015.06,0.25,6045.18,1640.81,27.14,6
ORD-02992,20230325,CUST-0129,PROD-027,GEO-015,First Class,1,385.39,0.2,308.31,99.45,32.26,4
ORD-04692,20230325,CUST-0145,PROD-020,GEO-018,Standard Class,1,1147.19,0.05,1089.83,600.01,55.06,5
ORD-02612,20230325,CUST-0076,PROD-022,GEO-010,Second Class,5,21554.16,0.25,80828.1,8446.54,10.45,4
ORD-00147,20230325,CUST-0011,PROD-001,GEO-003,Standard Class,1,5267.32,0.0,5267.32,1841.45,34.96,6
ORD-02206,20230326,CUST-0294,PROD-046,GEO-002,Standard Class,1,4287.43,0.2,3429.94,908.79,26.5,6
ORD-04305,20230326,CUST-0088,PROD-030,GEO-005,Standard Class,1,568.17,0.0,568.17,198.63,34.96,6
ORD-02217,20230326,CUST-0211,PROD-030,GEO-007,Standard Class,2,567.37,0.15,964.53,267.56,27.74,5
ORD-00926,20230326,CUST-0070,PROD-039,GEO-009,Standard Class,1,833.54,0.15,708.51,310.33,43.8,7
ORD-04780,20230327,CUST-0138,PROD-023,GEO-014,Standard Class,2,3972.04,0.0,7944.08,3002.86,37.8,5
ORD-00658,20230327,CUST-0294,PROD-020,GEO-002,Standard Class,3,1163.57,0.0,3490.71,1766.3,50.6,7
ORD-04157,20230327,CUST-0126,PROD-024,GEO-001,First Class,1,216.25,0.25,162.19,41.03,25.3,3
ORD-03165,20230327,CUST-0211,PROD-003,GEO-007,First Class,1,1801.21,0.05,1711.15,856.43,50.05,3
ORD-03807,20230327,CUST-0029,PROD-031,GEO-008,Standard Class,2,967.89,0.25,1451.84,415.23,28.6,6
ORD-00543,20230328,CUST-0097,PROD-017,GEO-004,Standard Class,1,55667.11,0.05,52883.75,9740.34,18.42,6
ORD-02861,20230328,CUST-0208,PROD-016,GEO-007,Standard Class,1,43125.34,0.0,43125.34,8625.07,20.0,6
ORD-02398,20230329,CUST-0281,PROD-033,GEO-001,Second Class,1,428.01,0.0,428.01,181.13,42.32,4
ORD-04858,20230329,CUST-0053,PROD-004,GEO-014,Second Class,1,2583.71,0.1,2325.34,1061.12,45.63,3
ORD-04005,20230329,CUST-0134,PROD-039,GEO-002,Second Class,1,779.52,0.25,584.64,177.5,30.36,3
ORD-00955,20230329,CUST-0188,PROD-015,GEO-016,Standard Class,1,1570.87,0.0,1570.87,777.58,49.5,5
ORD-00431,20230330,CUST-0144,PROD-009,GEO-017,Standard Class,2,2520.12,0.05,4788.23,1821.35,38.04,6
ORD-04978,20230331,CUST-0224,PROD-028,GEO-016,Standard Class,2,2114.98,0.05,4018.46,1608.99,40.04,6
ORD-03509,20230331,CUST-0289,PROD-017,GEO-010,First Class,5,57697.19,0.05,274061.65,54867.14,20.02,3
ORD-03196,20230331,CUST-0255,PROD-019,GEO-011,Standard Class,2,4560.75,0.0,9121.5,3352.15,36.75,6
ORD-01973,20230331,CUST-0032,PROD-028,GEO-005,Standard Class,1,2187.25,0.05,2077.89,695.84,33.49,5
ORD-04223,20230401,CUST-0030,PROD-008,GEO-015,First Class,2,2094.04,0.15,3559.87,1309.75,36.79,2
ORD-03667,20230401,CUST-0216,PROD-020,GEO-008,First Class,2,1175.36,0.15,1998.11,802.24,40.15,4
ORD-02507,20230402,CUST-0069,PROD-047,GEO-014,Standard Class,1,3430.21,0.05,3258.7,934.11,28.67,6
ORD-03761,20230402,CUST-0268,PROD-034,GEO-015,First Class,2,9959.61,0.05,18923.26,2712.17,14.33,4
ORD-01641,20230402,CUST-0263,PROD-012,GEO-009,Standard Class,1,1737.61,0.35,1129.45,208.95,18.5,5
ORD-04347,20230403,CUST-0131,PROD-001,GEO-019,Standard Class,2,5743.42,0.35,7466.45,1154.76,15.47,6
ORD-03907,20230403,CUST-0084,PROD-042,GEO-018,First Class,2,1767.37,0.35,2297.58,374.04,16.28,4
ORD-03796,20230403,CUST-0062,PROD-009,GEO-011,Standard Class,2,2476.97,0.0,4953.94,1976.62,39.9,5
ORD-04993,20230403,CUST-0255,PROD-019,GEO-011,Standard Class,1,4592.92,0.1,4133.63,1245.67,30.14,7
ORD-04059,20230403,CUST-0281,PROD-005,GEO-001,Standard Class,1,3067.41,0.15,2607.3,665.41,25.52,7
ORD-00699,20230403,CUST-0041,PROD-017,GEO-011,Standard Class,2,52428.44,0.15,89128.35,15029.71,16.86,7
ORD-01228,20230404,CUST-0250,PROD-015,GEO-017,Standard Class,1,1504.43,0.0,1504.43,744.69,49.5,7
ORD-01292,20230404,CUST-0276,PROD-007,GEO-006,Standard Class,2,636.15,0.4,763.38,85.5,11.2,7
ORD-03977,20230404,CUST-0166,PROD-043,GEO-020,First Class,4,6498.11,0.35,16895.09,2062.89,12.21,2
ORD-03321,20230405,CUST-0235,PROD-022,GEO-020,Standard Class,1,22400.9,0.05,21280.86,4047.41,19.02,5
ORD-01347,20230405,CUST-0175,PROD-042,GEO-001,Second Class,2,1790.23,0.1,3222.41,972.39,30.18,5
ORD-00314,20230405,CUST-0012,PROD-017,GEO-010,First Class,1,56242.89,0.0,56242.89,12373.44,22.0,3
ORD-04242,20230406,CUST-0155,PROD-031,GEO-016,Standard Class,2,937.21,0.15,1593.26,665.28,41.76,5
ORD-01718,20230406,CUST-0054,PROD-044,GEO-013,Second Class,2,815.97,0.05,1550.34,918.44,59.24,4
ORD-03536,20230406,CUST-0219,PROD-020,GEO-020,Standard Class,1,1235.95,0.05,1174.15,646.43,55.06,6
ORD-02241,20230407,CUST-0100,PROD-050,GEO-012,Standard Class,2,1807.84,0.05,3434.9,1476.92,43.0,5
ORD-01794,20230407,CUST-0047,PROD-035,GEO-002,Standard Class,1,17620.52,0.0,17620.52,2917.95,16.56,7
ORD-02414,20230407,CUST-0124,PROD-024,GEO-011,Standard Class,1,227.5,0.0,227.5,119.44,52.5,6
ORD-03609,20230407,CUST-0083,PROD-020,GEO-014,Second Class,3,1200.62,0.2,2881.49,1064.99,36.96,4
ORD-03198,20230408,CUST-0013,PROD-011,GEO-005,Second Class,2,1713.11,0.0,3426.22,1260.85,36.8,3
ORD-02554,20230408,CUST-0098,PROD-044,GEO-012,Second Class,2,864.83,0.25,1297.25,464.48,35.8,4
ORD-04906,20230409,CUST-0075,PROD-008,GEO-013,Standard Class,1,2201.67,0.4,1321.0,186.42,14.11,5
ORD-04718,20230410,CUST-0053,PROD-004,GEO-014,First Class,1,2469.0,0.1,2222.1,1014.01,45.63,3
ORD-03436,20230410,CUST-0150,PROD-020,GEO-002,Standard Class,4,1157.45,0.15,3935.33,1453.63,36.94,7
ORD-03263,20230410,CUST-0246,PROD-039,GEO-019,Standard Class,1,805.81,0.0,805.81,531.84,66.0,5
ORD-00215,20230411,CUST-0177,PROD-047,GEO-016,Same Day,3,3411.53,0.1,9211.13,2492.53,27.06,0
ORD-04675,20230411,CUST-0137,PROD-018,GEO-005,Standard Class,2,750.77,0.35,976.0,139.54,14.3,7
ORD-04769,20230411,CUST-0001,PROD-031,GEO-001,Second Class,1,917.87,0.0,917.87,439.11,47.84,5
ORD-04958,20230411,CUST-0231,PROD-009,GEO-006,Second Class,1,2509.33,0.1,2258.4,703.72,31.16,4
ORD-01225,20230412,CUST-0281,PROD-048,GEO-001,Same Day,1,1490.41,0.0,1490.41,713.01,47.84,1
ORD-03218,20230412,CUST-0215,PROD-041,GEO-012,Standard Class,2,23793.97,0.05,45208.54,9071.32,20.07,5
ORD-04244,20230412,CUST-0250,PROD-022,GEO-017,Standard Class,1,22798.62,0.0,22798.62,4764.91,20.9,6
ORD-03437,20230412,CUST-0187,PROD-029,GEO-018,Second Class,2,2902.99,0.0,5805.98,1915.97,33.0,5
ORD-02909,20230412,CUST-0217,PROD-039,GEO-002,Standard Class,1,823.85,0.1,741.46,335.62,45.26,5
ORD-00160,20230413,CUST-0224,PROD-022,GEO-016,Standard Class,1,21670.28,0.2,17336.22,2318.89,13.38,7
ORD-01209,20230413,CUST-0293,PROD-023,GEO-011,Standard Class,2,3768.73,0.2,6029.97,1458.78,24.19,7
ORD-03702,20230413,CUST-0298,PROD-014,GEO-018,First Class,1,464.2,0.0,464.2,296.16,63.8,4
ORD-03331,20230413,CUST-0069,PROD-041,GEO-014,Same Day,2,26195.56,0.35,34054.23,2778.31,8.16,1
ORD-03413,20230414,CUST-0091,PROD-017,GEO-016,Standard Class,4,56622.23,0.0,226488.92,54810.32,24.2,6
ORD-03572,20230414,CUST-0216,PROD-043,GEO-008,Standard Class,1,6681.9,0.05,6347.8,1732.95,27.3,5
ORD-02842,20230414,CUST-0104,PROD-009,GEO-012,Standard Class,1,2532.65,0.3,1772.86,325.4,18.35,5
ORD-03374,20230415,CUST-0217,PROD-028,GEO-002,Same Day,5,2051.87,0.2,8207.48,1933.02,23.55,0
ORD-01071,20230415,CUST-0187,PROD-038,GEO-018,Second Class,1,1155.13,0.05,1097.37,637.11,58.06,4
ORD-00580,20230415,CUST-0024,PROD-011,GEO-001,Standard Class,3,1780.69,0.0,5342.07,1965.88,36.8,5
ORD-01505,20230415,CUST-0156,PROD-048,GEO-004,Standard Class,1,1492.75,0.15,1268.84,443.12,34.92,5
ORD-03985,20230415,CUST-0253,PROD-050,GEO-003,Standard Class,2,1827.29,0.2,2923.66,774.65,26.5,7
ORD-03316,20230415,CUST-0296,PROD-017,GEO-008,Second Class,1,53648.24,0.0,53648.24,11802.61,22.0,5
ORD-03735,20230416,CUST-0134,PROD-034,GEO-002,Standard Class,2,9857.97,0.15,16758.55,1688.26,10.07,5
ORD-03548,20230416,CUST-0011,PROD-039,GEO-003,Same Day,2,812.98,0.15,1382.07,556.92,40.3,2
ORD-03677,20230416,CUST-0165,PROD-028,GEO-009,Standard Class,2,2018.76,0.0,4037.52,1615.01,40.0,6
ORD-02694,20230417,CUST-0103,PROD-016,GEO-010,Standard Class,2,40701.01,0.15,69191.72,10101.99,14.6,6
ORD-03782,20230417,CUST-0191,PROD-031,GEO-015,Second Class,5,992.79,0.05,4715.75,2343.06,49.69,3
ORD-01972,20230417,CUST-0162,PROD-036,GEO-006,Standard Class,1,8267.13,0.25,6200.35,852.55,13.75,5
ORD-00020,20230417,CUST-0246,PROD-009,GEO-019,First Class,1,2563.64,0.15,2179.09,664.93,30.51,3
ORD-02036,20230417,CUST-0165,PROD-017,GEO-009,Standard Class,1,54204.9,0.1,48784.41,8800.71,18.04,7
ORD-03830,20230418,CUST-0117,PROD-002,GEO-016,Standard Class,2,1464.91,0.0,2929.82,1353.57,46.2,5
ORD-03106,20230418,CUST-0066,PROD-019,GEO-007,Standard Class,2,4307.83,0.0,8615.66,3015.48,35.0,7
ORD-00508,20230419,CUST-0048,PROD-032,GEO-007,First Class,1,4442.28,0.2,3553.82,796.06,22.4,4
ORD-04732,20230419,CUST-0220,PROD-021,GEO-010,Standard Class,1,3186.11,0.15,2708.19,691.94,25.55,7
ORD-02811,20230419,CUST-0068,PROD-004,GEO-018,Standard Class,1,2398.58,0.05,2278.65,1208.89,53.05,5
ORD-00229,20230420,CUST-0188,PROD-017,GEO-016,Same Day,2,57024.78,0.05,108347.08,23860.2,22.02,1
ORD-00898,20230420,CUST-0275,PROD-002,GEO-003,Standard Class,4,1474.52,0.1,5308.27,1681.92,31.68,5
ORD-00787,20230420,CUST-0085,PROD-023,GEO-006,Second Class,1,3617.95,0.25,2713.46,537.27,19.8,3
ORD-03203,20230420,CUST-0073,PROD-011,GEO-006,Second Class,1,1744.87,0.0,1744.87,697.95,40.0,5
ORD-03922,20230420,CUST-0167,PROD-012,GEO-011,Standard Class,2,1851.26,0.25,2776.89,801.82,28.87,6
ORD-03600,20230421,CUST-0049,PROD-042,GEO-003,Second Class,4,1844.2,0.0,7376.8,2714.66,36.8,4
ORD-04405,20230421,CUST-0052,PROD-032,GEO-009,Standard Class,1,4534.02,0.1,4080.62,1171.14,28.7,5
ORD-01092,20230423,CUST-0293,PROD-021,GEO-011,Standard Class,1,3139.32,0.05,2982.35,997.37,33.44,5
ORD-02311,20230423,CUST-0252,PROD-005,GEO-015,Standard Class,4,3220.31,0.15,10949.05,3189.13,29.13,6
ORD-04421,20230423,CUST-0070,PROD-036,GEO-009,Standard Class,2,7840.93,0.0,15681.86,3920.46,25.0,7
ORD-04293,20230424,CUST-0110,PROD-046,GEO-003,Same Day,2,4543.26,0.05,8632.19,3252.09,37.67,1
ORD-00387,20230424,CUST-0048,PROD-036,GEO-007,Second Class,4,8134.24,0.2,26029.57,4164.73,16.0,4
ORD-02425,20230424,CUST-0095,PROD-020,GEO-013,Same Day,1,1221.48,0.05,1160.41,609.83,52.55,2
ORD-01517,20230425,CUST-0022,PROD-046,GEO-009,Standard Class,2,4322.1,0.25,6483.15,1604.58,24.75,5
ORD-03831,20230425,CUST-0107,PROD-003,GEO-009,Standard Class,1,1811.65,0.05,1721.07,861.4,50.05,6
ORD-01032,20230425,CUST-0203,PROD-046,GEO-018,Standard Class,1,4704.6,0.35,3057.99,560.08,18.32,7
ORD-04007,20230425,CUST-0263,PROD-028,GEO-009,Standard Class,3,2163.28,0.05,6165.35,2244.19,36.4,5
ORD-00971,20230425,CUST-0265,PROD-047,GEO-018,Standard Class,4,3561.74,0.2,11397.57,2407.16,21.12,6
ORD-01785,20230425,CUST-0121,PROD-021,GEO-004,Standard Class,2,3327.82,0.0,6655.64,2143.11,32.2,5
ORD-00984,20230425,CUST-0265,PROD-049,GEO-018,Second Class,2,1911.69,0.0,3823.38,1976.69,51.7,5
ORD-04667,20230426,CUST-0076,PROD-047,GEO-010,Standard Class,1,3657.76,0.1,3291.98,809.83,24.6,7
ORD-04181,20230427,CUST-0127,PROD-023,GEO-008,Standard Class,3,3691.03,0.1,9965.78,2941.9,29.52,5
ORD-02473,20230427,CUST-0157,PROD-021,GEO-016,Standard Class,2,3182.67,0.15,5410.54,1520.63,28.1,6
ORD-01038,20230428,CUST-0090,PROD-016,GEO-016,Same Day,2,43743.41,0.1,78738.14,14204.36,18.04,2
ORD-04610,20230428,CUST-0072,PROD-008,GEO-006,Standard Class,1,2217.5,0.05,2106.62,920.17,43.68,5
ORD-02663,20230428,CUST-0170,PROD-029,GEO-003,Standard Class,1,2797.0,0.0,2797.0,771.97,27.6,7
ORD-01715,20230428,CUST-0284,PROD-036,GEO-001,First Class,2,8339.72,0.0,16679.44,3836.27,23.0,3
ORD-04565,20230429,CUST-0158,PROD-008,GEO-006,Second Class,1,2092.64,0.0,2092.64,1004.47,48.0,4
ORD-04636,20230429,CUST-0070,PROD-046,GEO-009,First Class,1,4628.29,0.05,4396.88,1800.52,40.95,2
ORD-02982,20230430,CUST-0185,PROD-013,GEO-014,Standard Class,3,172.59,0.0,517.77,299.01,57.75,7
ORD-02313,20230501,CUST-0037,PROD-016,GEO-009,First Class,3,43215.06,0.3,90751.63,8349.15,9.2,2
ORD-01003,20230501,CUST-0279,PROD-023,GEO-001,Standard Class,4,3803.4,0.3,10649.52,1622.48,15.24,6
ORD-01802,20230501,CUST-0226,PROD-042,GEO-002,Standard Class,2,1773.24,0.0,3546.48,1305.1,36.8,6
ORD-04965,20230501,CUST-0022,PROD-030,GEO-009,Standard Class,4,581.3,0.25,1743.9,364.48,20.9,6
ORD-00679,20230502,CUST-0098,PROD-004,GEO-012,First Class,3,2461.27,0.0,7383.81,4109.09,55.65,4
ORD-03110,20230502,CUST-0230,PROD-038,GEO-004,Second Class,3,1193.3,0.0,3579.9,1910.23,53.36,5
ORD-03163,20230502,CUST-0111,PROD-019,GEO-016,Standard Class,1,4646.44,0.4,2787.86,300.53,10.78,5
ORD-01007,20230502,CUST-0162,PROD-048,GEO-006,Standard Class,1,1569.98,0.05,1491.48,705.77,47.32,6
ORD-03279,20230502,CUST-0259,PROD-020,GEO-007,Second Class,3,1233.91,0.0,3701.73,2035.95,55.0,3
ORD-03921,20230503,CUST-0181,PROD-022,GEO-011,Standard Class,1,21092.81,0.0,21092.81,4208.01,19.95,6
ORD-04212,20230503,CUST-0118,PROD-028,GEO-005,Standard Class,1,2178.74,0.0,2178.74,801.78,36.8,6
ORD-01173,20230504,CUST-0166,PROD-010,GEO-020,Standard Class,1,3414.13,0.05,3243.42,1623.34,50.05,7
ORD-04552,20230504,CUST-0124,PROD-014,GEO-011,Standard Class,2,433.03,0.0,866.06,527.43,60.9,7
ORD-04321,20230504,CUST-0223,PROD-019,GEO-015,Standard Class,3,4587.98,0.05,13075.74,4372.85,33.44,5
ORD-02920,20230504,CUST-0216,PROD-020,GEO-008,Standard Class,1,1190.77,0.0,1190.77,654.92,55.0,6
ORD-01782,20230504,CUST-0223,PROD-048,GEO-015,Standard Class,2,1512.45,0.2,2419.92,845.62,34.94,6
ORD-02237,20230504,CUST-0167,PROD-008,GEO-011,Second Class,2,2126.42,0.1,3827.56,1581.86,41.33,4
ORD-03416,20230505,CUST-0215,PROD-020,GEO-012,First Class,1,1169.06,0.3,818.34,217.39,26.56,2
ORD-03638,20230505,CUST-0031,PROD-035,GEO-020,Standard Class,1,17916.75,0.2,14333.4,1816.33,12.67,5
ORD-01438,20230506,CUST-0138,PROD-049,GEO-014,Second Class,5,2061.5,0.1,9276.75,3754.02,40.47,5
ORD-02235,20230507,CUST-0253,PROD-016,GEO-003,Standard Class,5,42852.46,0.05,203549.18,34082.27,16.74,7
ORD-02328,20230507,CUST-0158,PROD-030,GEO-006,Standard Class,1,579.09,0.0,579.09,220.05,38.0,7
ORD-00535,20230507,CUST-0078,PROD-022,GEO-001,Standard Class,3,21745.58,0.15,55451.23,7075.8,12.76,7
ORD-01753,20230508,CUST-0183,PROD-050,GEO-020,First Class,3,1800.79,0.05,5132.25,2311.83,45.05,3
ORD-01114,20230508,CUST-0188,PROD-028,GEO-016,Standard Class,1,2118.57,0.2,1694.86,477.27,28.16,6
ORD-04865,20230508,CUST-0110,PROD-030,GEO-003,Standard Class,1,559.96,0.25,419.97,80.75,19.23,5
ORD-01783,20230509,CUST-0105,PROD-032,GEO-001,First Class,1,4285.56,0.05,4071.28,1192.96,29.3,3
ORD-00373,20230509,CUST-0004,PROD-023,GEO-012,Second Class,1,3789.09,0.2,3031.27,733.32,24.19,3
ORD-03984,20230509,CUST-0042,PROD-030,GEO-008,Standard Class,1,607.62,0.2,486.1,118.22,24.32,6
ORD-00932,20230509,CUST-0109,PROD-004,GEO-009,Second Class,2,2562.34,0.0,5124.68,2716.08,53.0,5
ORD-04285,20230509,CUST-0186,PROD-037,GEO-018,Standard Class,1,3167.99,0.2,2534.39,749.36,29.57,7
ORD-03701,20230509,CUST-0099,PROD-013,GEO-018,Standard Class,1,175.56,0.05,166.78,91.82,55.05,5
ORD-04033,20230509,CUST-0239,PROD-017,GEO-015,Standard Class,1,57638.17,0.0,57638.17,13314.42,23.1,5
ORD-01126,20230510,CUST-0138,PROD-030,GEO-014,Second Class,2,602.76,0.1,1084.97,354.98,32.72,3
ORD-01284,20230510,CUST-0139,PROD-034,GEO-001,Standard Class,1,9791.2,0.0,9791.2,1351.19,13.8,5
ORD-02046,20230510,CUST-0073,PROD-045,GEO-006,Second Class,1,9054.24,0.25,6790.68,1045.76,15.4,4
ORD-02357,20230510,CUST-0264,PROD-023,GEO-019,Second Class,1,3638.25,0.0,3638.25,1440.75,39.6,5
ORD-01816,20230510,CUST-0242,PROD-003,GEO-019,Standard Class,1,1763.64,0.25,1322.73,440.14,33.28,6
ORD-02739,20230510,CUST-0238,PROD-003,GEO-011,Standard Class,1,1865.16,0.05,1771.9,931.18,52.55,7
ORD-03177,20230511,CUST-0170,PROD-029,GEO-003,First Class,1,2699.43,0.0,2699.43,745.04,27.6,2
ORD-01300,20230511,CUST-0202,PROD-011,GEO-003,Standard Class,1,1804.83,0.0,1804.83,664.18,36.8,6
ORD-00273,20230511,CUST-0052,PROD-012,GEO-009,Second Class,4,1888.59,0.1,6798.92,2787.56,41.0,4
ORD-04432,20230511,CUST-0008,PROD-047,GEO-016,Second Class,4,3664.67,0.15,12459.88,3001.58,24.09,3
ORD-04442,20230511,CUST-0105,PROD-045,GEO-001,Second Class,3,9314.57,0.0,27943.71,7198.3,25.76,3
ORD-00338,20230511,CUST-0114,PROD-045,GEO-014,Standard Class,1,9718.03,0.05,9232.13,2469.97,26.75,6
ORD-00668,20230512,CUST-0086,PROD-005,GEO-007,Standard Class,1,3106.41,0.0,3106.41,1180.44,38.0,6
ORD-00695,20230512,CUST-0278,PROD-006,GEO-001,Standard Class,1,2234.91,0.15,1899.67,510.32,26.86,7
ORD-00362,20230512,CUST-0161,PROD-014,GEO-012,Standard Class,4,471.76,0.0,1887.04,1149.2,60.9,5
ORD-01653,20230513,CUST-0140,PROD-029,GEO-005,Standard Class,2,2795.88,0.25,4193.82,636.62,15.18,5
ORD-00854,20230513,CUST-0056,PROD-042,GEO-008,First Class,1,1864.64,0.0,1864.64,745.86,40.0,2
ORD-04996,20230513,CUST-0062,PROD-049,GEO-011,Same Day,2,2001.75,0.0,4003.5,1975.72,49.35,1
ORD-01649,20230513,CUST-0218,PROD-015,GEO-002,Second Class,3,1484.71,0.15,3786.01,1144.2,30.22,3
ORD-00977,20230513,CUST-0118,PROD-030,GEO-005,Standard Class,1,594.58,0.3,416.21,66.93,16.08,6
ORD-03384,20230513,CUST-0010,PROD-035,GEO-017,Standard Class,3,17738.5,0.1,47893.95,7776.06,16.24,7
ORD-02743,20230513,CUST-0003,PROD-050,GEO-017,First Class,1,1757.79,0.2,1406.23,445.49,31.68,2
ORD-04290,20230513,CUST-0079,PROD-017,GEO-014,Same Day,1,53683.45,0.0,53683.45,12400.88,23.1,1
ORD-04982,20230514,CUST-0207,PROD-048,GEO-007,Standard Class,1,1520.75,0.15,1292.64,490.69,37.96,6
ORD-02742,20230514,CUST-0158,PROD-046,GEO-006,First Class,2,4716.72,0.1,8490.1,3132.85,36.9,4
ORD-03592,20230514,CUST-0238,PROD-022,GEO-011,Standard Class,1,21572.67,0.2,17258.14,2203.52,12.77,7
ORD-02038,20230514,CUST-0093,PROD-019,GEO-018,First Class,4,4419.83,0.1,15911.39,5023.23,31.57,2
ORD-04383,20230515,CUST-0174,PROD-020,GEO-020,Standard Class,1,1245.58,0.15,1058.74,467.59,44.16,7
ORD-00312,20230515,CUST-0263,PROD-040,GEO-009,Standard Class,1,122.74,0.2,98.19,37.7,38.39,6
ORD-02598,20230515,CUST-0262,PROD-050,GEO-003,Same Day,1,1752.19,0.0,1752.19,725.41,41.4,0
ORD-00302,20230516,CUST-0192,PROD-044,GEO-003,Second Class,1,815.86,0.0,815.86,465.36,57.04,5
ORD-04816,20230516,CUST-0220,PROD-043,GEO-010,Second Class,1,6626.54,0.0,6626.54,1987.96,30.0,3
ORD-01537,20230517,CUST-0146,PROD-022,GEO-020,Standard Class,2,21865.08,0.0,43730.16,9139.6,20.9,7
ORD-03986,20230517,CUST-0269,PROD-036,GEO-003,Standard Class,1,8392.26,0.1,7553.03,1424.5,18.86,7
ORD-02950,20230518,CUST-0238,PROD-035,GEO-011,Second Class,1,17992.19,0.05,17092.58,2939.75,17.2,4
ORD-03433,20230518,CUST-0037,PROD-019,GEO-009,Standard Class,2,4484.13,0.0,8968.26,3138.89,35.0,6
ORD-01323,20230518,CUST-0056,PROD-031,GEO-008,Standard Class,1,930.23,0.0,930.23,483.72,52.0,5
ORD-01428,20230519,CUST-0185,PROD-041,GEO-014,First Class,1,24068.52,0.0,24068.52,5307.11,22.05,2
ORD-04134,20230519,CUST-0016,PROD-044,GEO-010,Standard Class,1,850.37,0.1,765.33,389.09,50.84,5
ORD-03085,20230520,CUST-0281,PROD-016,GEO-001,Standard Class,3,43772.91,0.0,131318.73,24162.65,18.4,7
ORD-04314,20230520,CUST-0206,PROD-039,GEO-005,Same Day,1,774.59,0.05,735.86,369.64,50.23,0
ORD-03408,20230521,CUST-0112,PROD-041,GEO-010,Same Day,1,23784.98,0.0,23784.98,4994.85,21.0,2
ORD-01555,20230522,CUST-0167,PROD-010,GEO-011,Standard Class,2,3616.64,0.15,6148.29,2356.34,38.33,5
ORD-02139,20230522,CUST-0154,PROD-028,GEO-019,Second Class,3,2177.79,0.1,5880.03,2121.52,36.08,4
ORD-00799,20230522,CUST-0071,PROD-019,GEO-018,Standard Class,2,4453.34,0.25,6680.01,1414.49,21.17,5
ORD-04054,20230522,CUST-0042,PROD-044,GEO-008,Standard Class,1,834.21,0.05,792.5,447.13,56.42,5
ORD-02202,20230523,CUST-0116,PROD-005,GEO-009,Standard Class,1,3061.74,0.15,2602.48,721.93,27.74,6
ORD-01975,20230523,CUST-0152,PROD-019,GEO-018,Standard Class,2,4357.95,0.0,8715.9,3355.62,38.5,6
ORD-02709,20230523,CUST-0179,PROD-012,GEO-004,Standard Class,1,1786.73,0.0,1786.73,821.89,46.0,6
ORD-03581,20230523,CUST-0081,PROD-028,GEO-008,First Class,5,2004.31,0.2,8017.24,2052.41,25.6,2
ORD-02451,20230524,CUST-0084,PROD-047,GEO-018,Standard Class,1,3539.59,0.15,3008.65,724.78,24.09,5
ORD-03658,20230524,CUST-0169,PROD-045,GEO-016,Standard Class,2,9204.48,0.15,15647.62,3518.21,22.48,7
ORD-00590,20230524,CUST-0122,PROD-020,GEO-002,Standard Class,1,1215.77,0.25,911.83,253.76,27.83,6
ORD-04724,20230524,CUST-0266,PROD-049,GEO-011,Standard Class,2,2042.38,0.0,4084.76,2015.83,49.35,5
ORD-00709,20230524,CUST-0268,PROD-036,GEO-015,Standard Class,1,7728.98,0.05,7342.53,1753.95,23.89,5
ORD-02971,20230525,CUST-0197,PROD-050,GEO-002,Second Class,4,1800.71,0.0,7202.84,2981.98,41.4,3
ORD-02720,20230525,CUST-0097,PROD-044,GEO-004,Second Class,1,817.94,0.3,572.56,150.23,26.24,5
ORD-00797,20230526,CUST-0155,PROD-021,GEO-016,Standard Class,1,3216.76,0.0,3216.76,1238.46,38.5,7
ORD-02736,20230526,CUST-0149,PROD-023,GEO-020,Standard Class,1,3686.08,0.0,3686.08,1459.69,39.6,5
ORD-02125,20230526,CUST-0182,PROD-015,GEO-020,Second Class,1,1537.52,0.0,1537.52,761.07,49.5,4
ORD-00998,20230526,CUST-0268,PROD-050,GEO-015,Second Class,1,1839.68,0.0,1839.68,869.25,47.25,4
ORD-03315,20230526,CUST-0056,PROD-032,GEO-008,Second Class,1,4509.45,0.2,3607.56,808.09,22.4,4
ORD-01091,20230528,CUST-0173,PROD-040,GEO-005,Standard Class,1,124.92,0.2,99.94,35.31,35.33,7
ORD-03343,20230528,CUST-0134,PROD-018,GEO-002,First Class,2,734.36,0.0,1468.72,567.51,38.64,2
ORD-01788,20230529,CUST-0224,PROD-017,GEO-016,Standard Class,1,56044.8,0.1,50440.32,10009.37,19.84,7
ORD-03605,20230529,CUST-0168,PROD-028,GEO-006,Standard Class,3,2048.96,0.0,6146.88,2458.75,40.0,6
ORD-02134,20230529,CUST-0028,PROD-034,GEO-012,Standard Class,2,9694.62,0.15,16480.85,1894.88,11.5,6
ORD-02486,20230530,CUST-0027,PROD-033,GEO-018,First Class,3,441.27,0.1,1191.43,494.35,41.49,3
ORD-01800,20230530,CUST-0121,PROD-031,GEO-004,First Class,3,911.86,0.3,1914.91,421.41,22.01,2
ORD-03784,20230530,CUST-0133,PROD-014,GEO-010,Standard Class,1,434.64,0.1,391.18,186.05,47.56,7
ORD-04949,20230531,CUST-0189,PROD-015,GEO-011,Same Day,2,1435.81,0.0,2871.62,1356.84,47.25,1
ORD-00703,20230531,CUST-0022,PROD-037,GEO-009,Second Class,1,3120.91,0.1,2808.82,967.36,34.44,3
ORD-02843,20230531,CUST-0143,PROD-024,GEO-016,First Class,1,217.67,0.0,217.67,119.72,55.0,2
ORD-00553,20230601,CUST-0213,PROD-036,GEO-014,Standard Class,2,8118.8,0.1,14613.84,3145.63,21.53,7
ORD-02297,20230602,CUST-0126,PROD-015,GEO-001,Standard Class,2,1524.98,0.15,2592.47,783.5,30.22,5
ORD-03353,20230602,CUST-0092,PROD-003,GEO-001,Standard Class,4,1856.24,0.0,7424.96,3757.03,50.6,7
ORD-01434,20230602,CUST-0261,PROD-026,GEO-010,Standard Class,2,668.72,0.1,1203.7,513.26,42.64,7
ORD-03256,20230602,CUST-0178,PROD-015,GEO-001,Same Day,3,1500.74,0.0,4502.22,1863.92,41.4,0
ORD-02477,20230602,CUST-0006,PROD-044,GEO-019,Second Class,1,851.81,0.0,851.81,580.93,68.2,5
ORD-04202,20230602,CUST-0229,PROD-036,GEO-010,Second Class,1,8255.52,0.3,5778.86,664.57,11.5,3
ORD-00163,20230603,CUST-0043,PROD-036,GEO-012,First Class,1,8074.35,0.1,7266.92,1564.21,21.53,2
ORD-03189,20230604,CUST-0166,PROD-001,GEO-020,Standard Class,1,5523.41,0.0,5523.41,2308.79,41.8,7
ORD-01576,20230605,CUST-0018,PROD-036,GEO-014,Standard Class,2,7675.81,0.0,15351.62,4029.8,26.25,7
ORD-03212,20230605,CUST-0054,PROD-016,GEO-013,Same Day,2,43442.63,0.05,82541.0,15773.58,19.11,2
ORD-01001,20230605,CUST-0051,PROD-041,GEO-008,Second Class,3,24832.1,0.25,55872.22,6453.24,11.55,3
ORD-04973,20230606,CUST-0229,PROD-003,GEO-010,Standard Class,1,1839.42,0.0,1839.42,1011.68,55.0,7
ORD-04672,20230606,CUST-0247,PROD-035,GEO-016,First Class,1,18050.53,0.2,14440.42,1829.89,12.67,2
ORD-04941,20230606,CUST-0221,PROD-017,GEO-003,Standard Class,2,55014.97,0.3,77020.96,7170.96,9.31,7
ORD-02525,20230606,CUST-0075,PROD-042,GEO-013,First Class,1,1787.14,0.3,1251.0,241.69,19.32,2
ORD-01008,20230606,CUST-0080,PROD-049,GEO-008,Same Day,2,1901.24,0.25,2851.86,737.21,25.85,2
ORD-02295,20230606,CUST-0041,PROD-022,GEO-011,Standard Class,1,23070.95,0.0,23070.95,4602.65,19.95,7
ORD-04621,20230607,CUST-0066,PROD-020,GEO-007,Standard Class,2,1202.08,0.2,1923.33,677.01,35.2,5
ORD-04093,20230607,CUST-0170,PROD-035,GEO-003,Standard Class,1,17748.49,0.15,15086.22,1823.74,12.09,5
ORD-03618,20230607,CUST-0188,PROD-020,GEO-016,Second Class,1,1227.87,0.15,1043.69,460.94,44.16,5
ORD-04268,20230608,CUST-0078,PROD-042,GEO-001,Standard Class,1,1753.18,0.25,1314.88,266.13,20.24,7
ORD-02094,20230608,CUST-0002,PROD-001,GEO-006,Second Class,1,5553.54,0.1,4998.19,1557.44,31.16,5
ORD-01771,20230608,CUST-0244,PROD-010,GEO-005,Standard Class,1,3384.19,0.1,3045.77,1148.87,37.72,5
ORD-02409,20230608,CUST-0193,PROD-008,GEO-014,Second Class,1,2192.74,0.15,1863.83,685.74,36.79,5
ORD-01328,20230608,CUST-0035,PROD-048,GEO-015,Standard Class,3,1471.51,0.1,3973.08,1778.83,44.77,7
ORD-01334,20230608,CUST-0148,PROD-027,GEO-015,Standard Class,1,378.89,0.15,322.06,118.49,36.79,7
ORD-01901,20230609,CUST-0268,PROD-042,GEO-015,Second Class,1,1810.78,0.15,1539.16,471.9,30.66,4
ORD-01644,20230609,CUST-0076,PROD-005,GEO-010,Standard Class,4,3310.78,0.05,12580.96,4350.5,34.58,6
ORD-00519,20230609,CUST-0001,PROD-028,GEO-001,Standard Class,3,2026.83,0.15,5168.42,1388.45,26.86,5
ORD-03045,20230609,CUST-0223,PROD-050,GEO-015,Standard Class,1,1806.29,0.2,1445.03,436.98,30.24,7
ORD-01287,20230609,CUST-0127,PROD-017,GEO-008,Standard Class,4,53135.41,0.05,201914.56,40423.29,20.02,6
ORD-02264,20230610,CUST-0203,PROD-046,GEO-018,Second Class,1,4337.84,0.25,3253.38,885.73,27.22,3
ORD-01968,20230611,CUST-0071,PROD-036,GEO-018,Standard Class,2,8042.74,0.1,14476.93,3264.55,22.55,6
ORD-02197,20230611,CUST-0097,PROD-036,GEO-004,Standard Class,5,8303.78,0.0,41518.9,9549.34,23.0,7
ORD-03438,20230611,CUST-0226,PROD-048,GEO-002,Standard Class,2,1564.74,0.2,2503.58,766.53,30.62,5
ORD-00142,20230612,CUST-0150,PROD-015,GEO-002,Second Class,3,1498.41,0.0,4495.23,1861.02,41.4,3
ORD-02789,20230612,CUST-0197,PROD-014,GEO-002,First Class,3,461.64,0.05,1315.67,638.86,48.56,2
ORD-00999,20230612,CUST-0272,PROD-022,GEO-001,Standard Class,1,22603.87,0.0,22603.87,3951.16,17.48,5
ORD-00523,20230612,CUST-0120,PROD-016,GEO-002,Standard Class,2,40842.03,0.3,57178.84,4839.61,8.46,7
ORD-00538,20230613,CUST-0180,PROD-035,GEO-005,Same Day,2,18652.75,0.15,31709.68,3833.32,12.09,1
ORD-03485,20230613,CUST-0298,PROD-012,GEO-018,First Class,1,1843.52,0.2,1474.82,519.13,35.2,2
ORD-00028,20230614,CUST-0111,PROD-034,GEO-016,Second Class,3,9581.35,0.15,24432.44,2942.88,12.04,4
ORD-04747,20230614,CUST-0121,PROD-042,GEO-004,Same Day,1,1718.95,0.05,1633.0,546.86,33.49,2
ORD-01270,20230614,CUST-0070,PROD-014,GEO-009,Standard Class,4,466.15,0.15,1584.91,671.05,42.34,5
ORD-00057,20230614,CUST-0177,PROD-032,GEO-016,Standard Class,1,4560.03,0.05,4332.03,1517.72,35.03,5
ORD-01950,20230615,CUST-0173,PROD-042,GEO-005,Second Class,1,1887.34,0.15,1604.24,430.96,26.86,3
ORD-00445,20230615,CUST-0170,PROD-017,GEO-003,Second Class,1,56674.4,0.05,53840.68,9916.59,18.42,3
ORD-03367,20230616,CUST-0253,PROD-047,GEO-003,Second Class,2,3670.89,0.0,7341.78,2026.33,27.6,4
ORD-03719,20230616,CUST-0252,PROD-008,GEO-015,Standard Class,1,2156.14,0.1,1940.53,801.98,41.33,7
ORD-02535,20230616,CUST-0052,PROD-032,GEO-009,Standard Class,3,4717.02,0.05,13443.51,4281.76,31.85,5
ORD-00228,20230616,CUST-0056,PROD-039,GEO-008,Standard Class,2,813.87,0.0,1627.74,976.64,60.0,5
ORD-03828,20230617,CUST-0011,PROD-008,GEO-003,Second Class,1,2284.66,0.15,1941.96,626.02,32.24,4
ORD-03704,20230617,CUST-0135,PROD-047,GEO-018,Standard Class,1,3362.15,0.0,3362.15,1109.5,33.0,6
ORD-04048,20230617,CUST-0185,PROD-042,GEO-014,Second Class,1,1844.91,0.0,1844.91,774.86,42.0,3
ORD-01423,20230617,CUST-0121,PROD-049,GEO-004,Standard Class,1,1997.05,0.2,1597.64,442.12,27.67,7
ORD-04917,20230617,CUST-0099,PROD-047,GEO-018,Second Class,1,3594.87,0.05,3415.13,1025.56,30.03,4
ORD-03843,20230618,CUST-0265,PROD-022,GEO-018,Standard Class,5,22398.54,0.1,100793.43,17273.98,17.14,5
ORD-02906,20230618,CUST-0101,PROD-048,GEO-014,Standard Class,2,1545.56,0.1,2782.01,1245.56,44.77,7
ORD-02095,20230619,CUST-0166,PROD-045,GEO-020,Standard Class,1,9228.24,0.0,9228.24,2842.3,30.8,6
ORD-04751,20230620,CUST-0278,PROD-049,GEO-001,Standard Class,2,1930.75,0.0,3861.5,1669.71,43.24,7
ORD-01773,20230620,CUST-0154,PROD-044,GEO-019,First Class,3,889.1,0.05,2533.94,1572.62,62.06,4
ORD-00619,20230620,CUST-0294,PROD-005,GEO-002,Standard Class,4,3328.31,0.05,12647.58,4023.65,31.81,7
ORD-00829,20230620,CUST-0049,PROD-025,GEO-003,First Class,1,346.84,0.05,329.5,124.14,37.68,4
ORD-03141,20230621,CUST-0020,PROD-019,GEO-020,Standard Class,1,4713.54,0.0,4713.54,1814.71,38.5,5
ORD-02893,20230621,CUST-0063,PROD-014,GEO-008,Standard Class,1,469.18,0.05,445.72,235.25,52.78,6
ORD-01550,20230623,CUST-0108,PROD-043,GEO-018,Standard Class,1,6265.12,0.25,4698.84,852.84,18.15,6
ORD-02516,20230623,CUST-0005,PROD-045,GEO-006,Standard Class,2,9219.99,0.1,16595.98,3810.44,22.96,6
ORD-04502,20230623,CUST-0056,PROD-008,GEO-008,Standard Class,1,2265.24,0.05,2151.98,939.98,43.68,5
ORD-03764,20230624,CUST-0207,PROD-016,GEO-007,Standard Class,1,43439.61,0.1,39095.65,6411.69,16.4,6
ORD-03356,20230624,CUST-0233,PROD-022,GEO-020,Standard Class,1,22915.61,0.15,19478.27,2971.8,15.26,5
ORD-01836,20230624,CUST-0270,PROD-011,GEO-011,First Class,4,1729.07,0.0,6916.28,2904.84,42.0,3
ORD-04339,20230624,CUST-0101,PROD-020,GEO-014,Second Class,1,1168.25,0.05,1109.84,583.24,52.55,5
ORD-00596,20230624,CUST-0032,PROD-018,GEO-005,First Class,1,771.87,0.05,733.28,257.84,35.16,4
ORD-02370,20230624,CUST-0055,PROD-017,GEO-015,Second Class,1,53634.15,0.0,53634.15,12389.49,23.1,5
ORD-03933,20230624,CUST-0222,PROD-022,GEO-009,Standard Class,2,21260.15,0.25,31890.22,3332.53,10.45,5
ORD-01405,20230625,CUST-0221,PROD-010,GEO-003,Standard Class,1,3348.8,0.15,2846.48,955.85,33.58,7
ORD-04619,20230625,CUST-0220,PROD-017,GEO-010,Second Class,2,56563.45,0.2,90501.52,12742.61,14.08,5
ORD-03219,20230625,CUST-0061,PROD-039,GEO-019,Standard Class,2,793.04,0.0,1586.08,1046.82,66.0,6
ORD-04289,20230625,CUST-0030,PROD-036,GEO-015,Standard Class,1,7834.2,0.1,7050.78,1517.68,21.52,6
ORD-04211,20230626,CUST-0073,PROD-028,GEO-006,Standard Class,4,2048.76,0.0,8195.04,3278.02,40.0,6
ORD-00072,20230626,CUST-0125,PROD-036,GEO-003,Standard Class,1,8056.62,0.15,6848.13,1149.8,16.79,7
ORD-03801,20230626,CUST-0124,PROD-043,GEO-011,Second Class,5,6653.05,0.0,33265.25,10478.55,31.5,5
ORD-02550,20230626,CUST-0061,PROD-022,GEO-019,Second Class,2,22040.29,0.35,28652.38,2215.69,7.73,3
ORD-02128,20230626,CUST-0300,PROD-002,GEO-003,Standard Class,1,1428.04,0.0,1428.04,551.8,38.64,7
ORD-02730,20230626,CUST-0278,PROD-041,GEO-001,First Class,1,25996.73,0.1,23397.06,3706.65,15.84,3
ORD-01860,20230626,CUST-0161,PROD-010,GEO-012,Standard Class,1,3464.48,0.0,3464.48,1818.85,52.5,5
ORD-02911,20230626,CUST-0289,PROD-043,GEO-010,First Class,2,6479.41,0.0,12958.82,3887.65,30.0,4
ORD-04765,20230627,CUST-0295,PROD-038,GEO-008,Standard Class,2,1159.13,0.1,2086.43,992.31,47.56,7
ORD-03622,20230627,CUST-0232,PROD-009,GEO-007,Standard Class,3,2529.51,0.05,7209.1,2492.91,34.58,7
ORD-02377,20230628,CUST-0288,PROD-006,GEO-017,Standard Class,2,2105.99,0.05,4001.38,1602.15,40.04,5
ORD-04190,20230628,CUST-0252,PROD-002,GEO-015,Same Day,1,1449.51,0.0,1449.51,639.23,44.1,2
ORD-01121,20230628,CUST-0288,PROD-046,GEO-017,Second Class,1,4319.62,0.05,4103.64,1848.48,45.04,4
ORD-02977,20230629,CUST-0252,PROD-041,GEO-015,Standard Class,3,23776.42,0.1,64196.33,11607.34,18.08,7
ORD-04915,20230630,CUST-0271,PROD-025,GEO-002,Second Class,1,334.52,0.05,317.79,119.73,37.68,3
ORD-01955,20230630,CUST-0026,PROD-030,GEO-013,First Class,2,608.01,0.05,1155.22,419.45,36.31,3
ORD-00115,20230630,CUST-0085,PROD-036,GEO-006,Standard Class,2,7620.31,0.05,14478.59,3293.88,22.75,5
ORD-03435,20230701,CUST-0013,PROD-020,GEO-005,Second Class,1,1181.1,0.05,1122.04,516.65,46.05,4
ORD-04449,20230701,CUST-0113,PROD-017,GEO-003,First Class,1,56781.52,0.2,45425.22,5884.2,12.95,2
ORD-01132,20230701,CUST-0065,PROD-020,GEO-020,Second Class,1,1237.31,0.2,989.85,383.27,38.72,5
ORD-00333,20230702,CUST-0206,PROD-004,GEO-005,Standard Class,3,2517.97,0.05,7176.21,3184.2,44.37,5
ORD-02198,20230702,CUST-0108,PROD-029,GEO-018,Standard Class,1,2857.99,0.05,2715.09,815.34,30.03,6
ORD-03125,20230702,CUST-0250,PROD-031,GEO-017,First Class,1,903.89,0.05,858.7,446.97,52.05,2
ORD-04859,20230703,CUST-0094,PROD-038,GEO-008,Standard Class,4,1163.27,0.2,3722.46,1381.78,37.12,5
ORD-00212,20230704,CUST-0081,PROD-011,GEO-008,First Class,1,1816.62,0.0,1816.62,726.65,40.0,3
ORD-03246,20230704,CUST-0262,PROD-012,GEO-003,Second Class,2,1883.03,0.0,3766.06,1732.39,46.0,4
ORD-04879,20230705,CUST-0090,PROD-028,GEO-016,Standard Class,1,2138.68,0.0,2138.68,941.02,44.0,5
ORD-03516,20230705,CUST-0258,PROD-016,GEO-002,Standard Class,1,41660.8,0.1,37494.72,5657.2,15.09,6
ORD-02004,20230705,CUST-0217,PROD-012,GEO-002,Standard Class,1,1744.35,0.15,1482.7,497.89,33.58,7
ORD-02684,20230706,CUST-0067,PROD-044,GEO-016,Standard Class,3,814.7,0.05,2321.9,1441.02,62.06,6
ORD-03865,20230706,CUST-0186,PROD-049,GEO-018,Second Class,1,1937.22,0.2,1549.78,512.79,33.09,5
ORD-03253,20230708,CUST-0287,PROD-024,GEO-018,Standard Class,2,228.86,0.1,411.95,185.79,45.1,6
ORD-00309,20230708,CUST-0267,PROD-046,GEO-015,Standard Class,1,4699.38,0.1,4229.44,1638.69,38.74,5
ORD-02405,20230708,CUST-0071,PROD-011,GEO-018,Standard Class,1,1746.18,0.1,1571.56,567.02,36.08,7
ORD-01648,20230709,CUST-0213,PROD-035,GEO-014,Standard Class,4,18680.61,0.05,70986.32,12208.94,17.2,6
ORD-04818,20230709,CUST-0276,PROD-045,GEO-006,Second Class,4,9924.54,0.35,25803.8,2673.27,10.36,4
ORD-01811,20230709,CUST-0122,PROD-020,GEO-002,Standard Class,3,1149.39,0.0,3448.17,1744.77,50.6,6
ORD-04192,20230709,CUST-0199,PROD-046,GEO-017,Standard Class,1,4715.66,0.1,4244.09,1722.68,40.59,7
ORD-01970,20230710,CUST-0016,PROD-007,GEO-010,Second Class,2,642.94,0.2,1028.7,263.35,25.6,3
ORD-04861,20230710,CUST-0102,PROD-046,GEO-014,Standard Class,2,4677.68,0.25,7016.52,1823.42,25.99,7
ORD-03902,20230710,CUST-0032,PROD-044,GEO-005,Second Class,1,849.28,0.1,764.35,357.51,46.77,3
ORD-04940,20230711,CUST-0032,PROD-021,GEO-005,Standard Class,4,3344.59,0.1,12040.52,3179.18,26.4,7
ORD-03270,20230711,CUST-0029,PROD-050,GEO-008,Same Day,1,1768.62,0.0,1768.62,795.88,45.0,2
ORD-03644,20230711,CUST-0106,PROD-045,GEO-015,Standard Class,1,9350.76,0.0,9350.76,2749.12,29.4,5
ORD-03025,20230712,CUST-0113,PROD-045,GEO-003,Standard Class,1,9913.29,0.15,8426.3,1584.55,18.8,7
ORD-02939,20230712,CUST-0259,PROD-001,GEO-007,First Class,1,5642.07,0.05,5359.97,1853.48,34.58,3
ORD-02593,20230713,CUST-0289,PROD-039,GEO-010,Second Class,2,806.49,0.15,1371.03,600.51,43.8,3
ORD-02035,20230713,CUST-0297,PROD-029,GEO-015,Standard Class,3,2859.9,0.0,8579.7,2702.61,31.5,5
ORD-01554,20230714,CUST-0121,PROD-049,GEO-004,Standard Class,1,2014.13,0.05,1913.42,752.9,39.35,7
ORD-03862,20230714,CUST-0076,PROD-050,GEO-010,Standard Class,1,1817.69,0.15,1545.04,507.55,32.85,5
ORD-03091,20230715,CUST-0124,PROD-033,GEO-011,Standard Class,1,468.43,0.05,445.01,195.59,43.95,7
ORD-04020,20230715,CUST-0156,PROD-042,GEO-004,Standard Class,1,1822.15,0.2,1457.72,343.33,23.55,6
ORD-01615,20230715,CUST-0281,PROD-039,GEO-001,Standard Class,1,806.46,0.15,685.49,276.22,40.3,6
ORD-00166,20230716,CUST-0157,PROD-036,GEO-016,Standard Class,1,7807.8,0.05,7417.41,1856.21,25.03,7
ORD-00691,20230716,CUST-0096,PROD-032,GEO-015,First Class,1,4397.23,0.15,3737.65,1002.72,26.83,2
ORD-00448,20230716,CUST-0114,PROD-003,GEO-014,First Class,1,1848.41,0.15,1571.15,662.36,42.16,3
ORD-03531,20230716,CUST-0185,PROD-046,GEO-014,Second Class,1,4673.21,0.05,4439.55,1908.9,43.0,5
ORD-02787,20230717,CUST-0222,PROD-015,GEO-009,Standard Class,1,1564.29,0.25,1173.22,290.37,24.75,6
ORD-01636,20230717,CUST-0113,PROD-016,GEO-003,Second Class,2,43916.13,0.15,74657.42,10027.98,13.43,4
ORD-01978,20230717,CUST-0207,PROD-025,GEO-007,Standard Class,3,337.27,0.0,1011.81,455.31,45.0,7
ORD-02367,20230717,CUST-0087,PROD-022,GEO-006,Second Class,1,21150.91,0.0,21150.91,4018.67,19.0,3
ORD-04877,20230718,CUST-0093,PROD-014,GEO-018,Standard Class,3,436.28,0.0,1308.84,835.04,63.8,7
ORD-00305,20230718,CUST-0270,PROD-047,GEO-011,Standard Class,2,3550.37,0.2,5680.59,1145.2,20.16,7
ORD-03362,20230718,CUST-0009,PROD-045,GEO-014,Second Class,4,9812.26,0.15,33361.68,7160.09,21.46,4
ORD-04433,20230719,CUST-0106,PROD-018,GEO-015,Second Class,3,784.8,0.05,2236.68,897.6,40.13,3
ORD-03157,20230719,CUST-0215,PROD-034,GEO-012,Standard Class,1,10256.78,0.4,6154.07,271.39,4.41,6
ORD-01416,20230719,CUST-0296,PROD-046,GEO-008,Standard Class,1,4315.15,0.1,3883.64,1433.06,36.9,5
ORD-03866,20230719,CUST-0094,PROD-022,GEO-008,Standard Class,2,22335.52,0.15,37970.38,5266.49,13.87,5
ORD-04806,20230719,CUST-0219,PROD-001,GEO-020,First Class,1,5357.54,0.15,4553.91,1389.58,30.51,3
ORD-03168,20230720,CUST-0158,PROD-046,GEO-006,Standard Class,2,4325.58,0.3,6055.81,1253.55,20.7,6
ORD-03754,20230721,CUST-0200,PROD-019,GEO-017,Standard Class,1,4328.19,0.05,4111.78,1440.56,35.03,5
ORD-00838,20230721,CUST-0294,PROD-022,GEO-002,Second Class,1,22140.56,0.2,17712.45,1981.52,11.19,3
ORD-01936,20230721,CUST-0178,PROD-037,GEO-001,Standard Class,3,3242.96,0.3,6810.22,1210.47,17.77,7
ORD-04256,20230721,CUST-0013,PROD-010,GEO-005,Second Class,1,3356.72,0.1,3021.05,1139.54,37.72,4
ORD-00016,20230721,CUST-0244,PROD-013,GEO-005,Standard Class,1,176.07,0.2,140.86,45.61,32.38,6
ORD-00886,20230722,CUST-0151,PROD-009,GEO-013,Standard Class,3,2416.95,0.15,6163.22,1795.16,29.13,5
ORD-04837,20230723,CUST-0217,PROD-022,GEO-002,First Class,1,22790.82,0.05,21651.28,3444.03,15.91,4
ORD-03094,20230723,CUST-0118,PROD-023,GEO-005,Standard Class,2,3705.19,0.1,6669.34,1811.29,27.16,6
ORD-00986,20230723,CUST-0111,PROD-038,GEO-016,Standard Class,4,1211.74,0.0,4846.96,3092.36,63.8,7
ORD-03877,20230723,CUST-0135,PROD-047,GEO-018,First Class,2,3358.6,0.25,5037.9,914.38,18.15,3
ORD-00126,20230723,CUST-0140,PROD-035,GEO-005,Standard Class,2,17564.2,0.1,31615.56,4293.14,13.58,7
ORD-02276,20230723,CUST-0300,PROD-004,GEO-003,Standard Class,2,2429.57,0.1,4373.23,1748.56,39.98,6
ORD-02099,20230723,CUST-0273,PROD-020,GEO-007,Second Class,3,1160.8,0.0,3482.4,1915.32,55.0,4
ORD-04345,20230723,CUST-0115,PROD-039,GEO-005,Second Class,1,783.7,0.2,626.96,221.49,35.33,4
ORD-04730,20230724,CUST-0294,PROD-001,GEO-002,Second Class,3,5724.13,0.15,14596.53,3725.15,25.52,5
ORD-04327,20230724,CUST-0166,PROD-002,GEO-020,Second Class,1,1540.05,0.15,1309.04,441.49,33.73,3
ORD-03508,20230724,CUST-0162,PROD-036,GEO-006,Standard Class,1,8172.23,0.2,6537.78,1046.04,16.0,6
ORD-00463,20230724,CUST-0102,PROD-036,GEO-014,First Class,1,7853.02,0.15,6675.07,1279.11,19.16,4
ORD-03822,20230724,CUST-0199,PROD-034,GEO-017,Standard Class,1,9842.14,0.1,8857.93,1198.48,13.53,7
ORD-04129,20230724,CUST-0201,PROD-025,GEO-007,First Class,3,358.24,0.15,913.51,300.09,32.85,4
ORD-03955,20230724,CUST-0035,PROD-034,GEO-015,Standard Class,1,10299.28,0.15,8754.39,1006.54,11.5,6
ORD-01096,20230725,CUST-0267,PROD-028,GEO-015,Standard Class,1,2044.36,0.2,1635.49,439.62,26.88,6
ORD-01082,20230725,CUST-0050,PROD-002,GEO-013,Standard Class,1,1561.05,0.15,1326.89,427.16,32.19,7
ORD-02686,20230725,CUST-0260,PROD-050,GEO-010,Same Day,3,1748.16,0.0,5244.48,2360.02,45.0,1
ORD-01739,20230725,CUST-0197,PROD-036,GEO-002,Standard Class,1,7836.85,0.05,7445.01,1558.24,20.93,6
ORD-01241,20230725,CUST-0157,PROD-017,GEO-016,Standard Class,1,52716.21,0.0,52716.21,12757.33,24.2,6
ORD-00195,20230725,CUST-0038,PROD-029,GEO-012,Second Class,3,2794.54,0.0,8383.62,2640.84,31.5,4
ORD-03445,20230726,CUST-0170,PROD-045,GEO-003,Standard Class,1,9200.92,0.2,7360.74,1213.52,16.49,7
ORD-01539,20230726,CUST-0268,PROD-034,GEO-015,Second Class,1,9616.8,0.05,9135.96,1309.41,14.33,4
ORD-04050,20230726,CUST-0239,PROD-018,GEO-015,Second Class,1,781.38,0.25,586.04,142.15,24.26,5
ORD-00855,20230726,CUST-0064,PROD-015,GEO-007,Standard Class,1,1539.0,0.15,1308.15,429.73,32.85,6
ORD-00671,20230727,CUST-0084,PROD-020,GEO-018,Second Class,3,1143.66,0.0,3430.98,2075.74,60.5,3
ORD-00918,20230727,CUST-0199,PROD-037,GEO-017,First Class,2,3260.82,0.0,6521.64,3013.0,46.2,4
ORD-02179,20230727,CUST-0219,PROD-036,GEO-020,Second Class,1,7702.58,0.1,6932.32,1563.24,22.55,4
ORD-02209,20230728,CUST-0292,PROD-041,GEO-006,Standard Class,1,24657.82,0.25,18493.36,2135.98,11.55,7
ORD-03737,20230728,CUST-0174,PROD-013,GEO-020,First Class,1,182.9,0.05,173.76,95.67,55.06,2
ORD-04199,20230729,CUST-0034,PROD-020,GEO-003,Same Day,1,1236.82,0.0,1236.82,625.83,50.6,2
ORD-03197,20230729,CUST-0056,PROD-040,GEO-008,Standard Class,3,116.17,0.05,331.08,180.77,54.6,5
ORD-00017,20230729,CUST-0056,PROD-023,GEO-008,Standard Class,2,3889.33,0.25,5834.0,1155.13,19.8,7
ORD-00086,20230729,CUST-0237,PROD-017,GEO-006,First Class,3,53150.11,0.0,159450.33,35079.07,22.0,2
ORD-02356,20230729,CUST-0189,PROD-022,GEO-011,First Class,2,22581.29,0.0,45162.58,9009.93,19.95,4
ORD-01362,20230729,CUST-0191,PROD-034,GEO-015,Standard Class,1,9915.91,0.25,7436.93,644.23,8.66,6
ORD-01600,20230730,CUST-0177,PROD-044,GEO-016,First Class,2,877.93,0.0,1755.86,1197.49,68.2,3
ORD-02841,20230730,CUST-0198,PROD-029,GEO-001,Second Class,1,2669.19,0.1,2402.27,543.68,22.63,5
ORD-03832,20230730,CUST-0236,PROD-036,GEO-012,Standard Class,1,7673.27,0.0,7673.27,2014.24,26.25,6
ORD-04069,20230730,CUST-0130,PROD-037,GEO-012,Standard Class,1,3101.81,0.0,3101.81,1367.9,44.1,5
ORD-01199,20230730,CUST-0185,PROD-037,GEO-014,Standard Class,4,3317.79,0.05,12607.6,5059.55,40.13,6
ORD-00599,20230730,CUST-0163,PROD-006,GEO-004,Standard Class,1,2302.97,0.1,2072.67,625.45,30.18,6
ORD-02877,20230730,CUST-0172,PROD-047,GEO-019,Standard Class,2,3601.28,0.0,7202.56,2376.85,33.0,6
ORD-02807,20230731,CUST-0064,PROD-042,GEO-007,Standard Class,1,1765.2,0.0,1765.2,706.08,40.0,5
ORD-04210,20230731,CUST-0131,PROD-024,GEO-019,Second Class,5,221.26,0.2,885.04,311.53,35.2,3
ORD-00863,20230731,CUST-0151,PROD-035,GEO-013,Standard Class,1,17547.37,0.0,17547.37,3316.46,18.9,5
ORD-00211,20230801,CUST-0153,PROD-001,GEO-008,First Class,1,5492.67,0.15,4668.77,1295.12,27.74,2
ORD-02758,20230801,CUST-0067,PROD-043,GEO-016,Standard Class,1,6526.79,0.0,6526.79,2153.84,33.0,7
ORD-04931,20230801,CUST-0118,PROD-031,GEO-005,Standard Class,1,949.14,0.05,901.68,392.54,43.53,5
ORD-00050,20230801,CUST-0215,PROD-035,GEO-012,Standard Class,2,18490.17,0.1,33282.31,5158.09,15.5,6
ORD-02118,20230801,CUST-0006,PROD-022,GEO-019,Second Class,1,21075.77,0.2,16860.62,2255.28,13.38,4
ORD-01447,20230802,CUST-0241,PROD-022,GEO-015,Standard Class,1,22748.97,0.1,20474.07,3349.35,16.36,7
ORD-03547,20230802,CUST-0174,PROD-003,GEO-020,Standard Class,2,1855.72,0.0,3711.44,2245.42,60.5,7
ORD-01316,20230802,CUST-0244,PROD-022,GEO-005,Standard Class,1,21484.29,0.2,17187.43,1922.79,11.19,6
ORD-02899,20230802,CUST-0008,PROD-046,GEO-016,Standard Class,2,4369.81,0.15,7428.68,2684.35,36.13,5
ORD-03753,20230803,CUST-0173,PROD-013,GEO-005,Second Class,4,171.87,0.05,653.11,300.73,46.05,5
ORD-01302,20230803,CUST-0104,PROD-045,GEO-012,Second Class,1,9325.65,0.05,8859.37,2370.24,26.75,3
ORD-00509,20230803,CUST-0189,PROD-027,GEO-011,Standard Class,4,382.93,0.3,1072.2,248.58,23.18,6
ORD-02140,20230803,CUST-0054,PROD-011,GEO-013,Standard Class,2,1811.54,0.0,3623.08,1521.69,42.0,5
ORD-00965,20230803,CUST-0241,PROD-050,GEO-015,Standard Class,1,1874.3,0.1,1686.87,653.58,38.75,5
ORD-02215,20230803,CUST-0036,PROD-047,GEO-005,First Class,3,3646.13,0.05,10391.47,2609.92,25.12,2
ORD-02585,20230804,CUST-0126,PROD-005,GEO-001,Standard Class,3,3180.4,0.25,7155.9,1375.93,19.23,7
ORD-01584,20230804,CUST-0013,PROD-028,GEO-005,Standard Class,1,2149.01,0.0,2149.01,790.83,36.8,6
ORD-00301,20230804,CUST-0079,PROD-015,GEO-014,Same Day,1,1477.46,0.0,1477.46,698.1,47.25,2
ORD-02560,20230805,CUST-0263,PROD-019,GEO-009,Same Day,1,4482.75,0.05,4258.61,1356.37,31.85,2
ORD-00453,20230805,CUST-0176,PROD-044,GEO-019,Second Class,1,841.74,0.0,841.74,574.07,68.2,3
ORD-03090,20230806,CUST-0119,PROD-021,GEO-020,Second Class,1,3052.13,0.0,3052.13,1175.08,38.5,4
ORD-01619,20230806,CUST-0146,PROD-042,GEO-020,Second Class,4,1851.87,0.15,6296.36,2022.39,32.12,3
ORD-01432,20230806,CUST-0213,PROD-015,GEO-014,Same Day,1,1463.56,0.0,1463.56,691.53,47.25,2
ORD-02447,20230806,CUST-0205,PROD-045,GEO-016,Standard Class,1,9166.96,0.05,8708.61,2440.84,28.03,5
ORD-04341,20230807,CUST-0276,PROD-041,GEO-006,Second Class,1,25325.11,0.2,20260.09,2722.96,13.44,3
ORD-03511,20230808,CUST-0072,PROD-050,GEO-006,Second Class,2,1726.21,0.05,3279.8,1343.08,40.95,4
ORD-04745,20230808,CUST-0204,PROD-020,GEO-013,Standard Class,3,1188.72,0.1,3209.54,1519.88,47.36,7
ORD-00853,20230808,CUST-0111,PROD-047,GEO-016,Second Class,3,3405.88,0.0,10217.64,3371.82,33.0,3
ORD-00582,20230808,CUST-0284,PROD-002,GEO-001,First Class,2,1516.58,0.05,2881.5,1013.21,35.16,2
ORD-01255,20230810,CUST-0257,PROD-017,GEO-009,Standard Class,1,52678.33,0.25,39508.75,4780.56,12.1,7
ORD-00154,20230810,CUST-0033,PROD-041,GEO-006,Second Class,1,24468.1,0.05,23244.69,4442.06,19.11,3
ORD-03423,20230810,CUST-0083,PROD-046,GEO-014,Standard Class,1,4309.46,0.0,4309.46,2036.22,47.25,6
ORD-00423,20230810,CUST-0101,PROD-035,GEO-014,Second Class,1,18009.82,0.0,18009.82,3403.86,18.9,3
ORD-01604,20230810,CUST-0097,PROD-009,GEO-004,Standard Class,2,2498.75,0.2,3998.0,894.53,22.37,5
ORD-01867,20230810,CUST-0249,PROD-021,GEO-013,Standard Class,1,3131.58,0.15,2661.84,714.1,26.83,6
ORD-01629,20230810,CUST-0075,PROD-035,GEO-013,Standard Class,2,17423.39,0.05,33104.44,5693.64,17.2,6
ORD-04379,20230810,CUST-0286,PROD-047,GEO-007,Standard Class,1,3405.56,0.0,3405.56,1021.67,30.0,6
ORD-01562,20230810,CUST-0070,PROD-034,GEO-009,Second Class,1,10270.41,0.15,8729.85,955.92,10.95,5
ORD-02955,20230811,CUST-0240,PROD-017,GEO-002,First Class,2,57374.84,0.0,114749.68,23225.34,20.24,3
ORD-01566,20230811,CUST-0239,PROD-035,GEO-015,Standard Class,4,17520.5,0.25,52561.5,5463.77,10.4,6
ORD-01518,20230811,CUST-0268,PROD-019,GEO-015,First Class,1,4455.07,0.05,4232.32,1415.39,33.44,4
ORD-00593,20230811,CUST-0191,PROD-048,GEO-015,Standard Class,1,1543.91,0.0,1543.91,842.97,54.6,7
ORD-04441,20230812,CUST-0031,PROD-041,GEO-020,Standard Class,1,24652.12,0.25,18489.09,2349.04,12.71,7
ORD-01043,20230812,CUST-0174,PROD-011,GEO-020,Standard Class,3,1729.12,0.15,4409.26,1416.25,32.12,7
ORD-04158,20230812,CUST-0291,PROD-002,GEO-003,Standard Class,3,1524.96,0.05,4346.14,1528.2,35.16,7
ORD-02728,20230812,CUST-0091,PROD-043,GEO-016,Standard Class,3,6735.06,0.05,19194.92,5764.23,30.03,6
ORD-00914,20230813,CUST-0013,PROD-010,GEO-005,Second Class,1,3610.03,0.1,3249.03,1225.53,37.72,5
ORD-02960,20230813,CUST-0174,PROD-008,GEO-020,Standard Class,2,2095.87,0.15,3562.98,1373.32,38.54,7
ORD-03466,20230813,CUST-0256,PROD-001,GEO-005,Standard Class,2,5705.7,0.1,10270.26,2944.19,28.67,7
ORD-02071,20230814,CUST-0108,PROD-027,GEO-018,First Class,3,375.53,0.1,1013.93,438.99,43.3,4
ORD-03829,20230814,CUST-0022,PROD-044,GEO-009,Standard Class,1,827.49,0.0,827.49,513.04,62.0,6
ORD-01740,20230814,CUST-0227,PROD-017,GEO-007,Standard Class,5,57375.69,0.0,286878.45,63113.26,22.0,5
ORD-04553,20230814,CUST-0286,PROD-010,GEO-007,Standard Class,1,3349.04,0.1,3014.14,1235.8,41.0,7
ORD-01683,20230815,CUST-0214,PROD-016,GEO-015,First Class,2,43634.3,0.05,82905.17,15843.18,19.11,2
ORD-03712,20230815,CUST-0028,PROD-022,GEO-012,Second Class,5,21843.63,0.05,103757.24,18836.61,18.15,5
ORD-02226,20230815,CUST-0252,PROD-042,GEO-015,Standard Class,2,1795.55,0.0,3591.1,1508.26,42.0,6
ORD-02387,20230816,CUST-0276,PROD-031,GEO-006,Second Class,1,947.44,0.0,947.44,492.67,52.0,4
ORD-00618,20230816,CUST-0022,PROD-035,GEO-009,First Class,2,18300.33,0.0,36600.66,6588.12,18.0,2
ORD-04230,20230816,CUST-0148,PROD-011,GEO-015,Standard Class,1,1777.81,0.25,1333.36,308.01,23.1,7
ORD-00327,20230816,CUST-0127,PROD-028,GEO-008,Standard Class,2,2137.06,0.1,3846.71,1261.72,32.8,6
ORD-02244,20230817,CUST-0249,PROD-048,GEO-013,Second Class,1,1553.18,0.15,1320.2,526.21,39.86,3
ORD-00120,20230818,CUST-0226,PROD-036,GEO-002,Standard Class,4,7668.41,0.0,30673.64,7054.94,23.0,6
ORD-04595,20230818,CUST-0049,PROD-036,GEO-003,Standard Class,2,7705.72,0.2,12329.15,1814.85,14.72,7
ORD-00460,20230819,CUST-0219,PROD-036,GEO-020,Second Class,1,7707.06,0.0,7707.06,2119.44,27.5,3
ORD-04226,20230819,CUST-0143,PROD-022,GEO-016,Second Class,1,21802.69,0.1,19622.42,3362.89,17.14,3
ORD-01352,20230819,CUST-0172,PROD-007,GEO-019,Standard Class,1,676.7,0.25,507.52,122.82,24.2,6
ORD-02079,20230820,CUST-0064,PROD-034,GEO-007,Second Class,4,10382.74,0.0,41530.96,6229.64,15.0,4
ORD-00325,20230820,CUST-0153,PROD-019,GEO-008,Second Class,2,4632.39,0.05,8801.54,2803.29,31.85,5
ORD-01571,20230820,CUST-0243,PROD-007,GEO-011,Standard Class,1,669.18,0.3,468.43,90.5,19.32,6
ORD-03224,20230820,CUST-0242,PROD-002,GEO-019,Standard Class,2,1476.75,0.15,2510.48,846.68,33.73,5
ORD-03329,20230821,CUST-0193,PROD-034,GEO-014,Second Class,1,9686.42,0.05,9202.1,1318.89,14.33,5
ORD-02492,20230821,CUST-0019,PROD-012,GEO-013,First Class,3,1768.57,0.0,5305.71,2785.5,52.5,4
ORD-04995,20230821,CUST-0102,PROD-012,GEO-014,Standard Class,1,1794.62,0.15,1525.43,584.62,38.32,7
ORD-04848,20230821,CUST-0284,PROD-020,GEO-001,Standard Class,2,1231.75,0.0,2463.5,1246.54,50.6,6
ORD-04384,20230821,CUST-0162,PROD-035,GEO-006,Same Day,2,18804.8,0.15,31968.16,4200.62,13.14,0
ORD-03837,20230821,CUST-0187,PROD-036,GEO-018,Standard Class,2,7785.86,0.4,9343.03,719.41,7.7,7
ORD-00584,20230822,CUST-0125,PROD-042,GEO-003,Standard Class,1,1841.83,0.15,1565.56,420.57,26.86,6
ORD-04440,20230822,CUST-0222,PROD-050,GEO-009,Second Class,5,1768.56,0.3,6189.96,1281.32,20.7,3
ORD-02416,20230822,CUST-0046,PROD-036,GEO-014,Second Class,2,8320.69,0.1,14977.24,3223.85,21.52,5
ORD-03047,20230822,CUST-0274,PROD-015,GEO-005,Standard Class,4,1464.53,0.0,5858.12,2425.26,41.4,6
ORD-04326,20230822,CUST-0255,PROD-036,GEO-011,Standard Class,4,7824.77,0.1,28169.17,6063.41,21.52,7
ORD-00730,20230823,CUST-0189,PROD-003,GEO-011,Standard Class,2,1752.09,0.0,3504.18,2023.66,57.75,7
ORD-01787,20230823,CUST-0159,PROD-019,GEO-011,Standard Class,4,4605.52,0.05,17500.98,5852.76,33.44,6
ORD-01340,20230824,CUST-0013,PROD-021,GEO-005,Standard Class,4,3238.88,0.05,12307.74,3606.42,29.3,7
ORD-02692,20230824,CUST-0274,PROD-048,GEO-005,Standard Class,3,1494.69,0.0,4484.07,2145.18,47.84,5
ORD-03711,20230825,CUST-0115,PROD-042,GEO-005,Same Day,1,1779.28,0.05,1690.32,566.06,33.49,1
ORD-00297,20230825,CUST-0061,PROD-031,GEO-019,Standard Class,1,965.14,0.1,868.63,407.42,46.9,6
ORD-00692,20230825,CUST-0226,PROD-034,GEO-002,Standard Class,1,10330.95,0.05,9814.4,1232.5,12.56,6
ORD-02799,20230825,CUST-0110,PROD-047,GEO-003,Second Class,1,3598.08,0.0,3598.08,993.07,27.6,5
ORD-04248,20230825,CUST-0180,PROD-037,GEO-005,First Class,1,3301.58,0.05,3136.5,1102.87,35.16,3
ORD-01390,20230826,CUST-0041,PROD-028,GEO-011,Standard Class,3,2165.61,0.0,6496.83,2728.67,42.0,7
ORD-03545,20230826,CUST-0142,PROD-035,GEO-012,Standard Class,2,18343.75,0.3,25681.25,2232.73,8.69,6
ORD-00602,20230827,CUST-0231,PROD-037,GEO-006,Standard Class,1,3188.56,0.05,3029.13,1157.73,38.22,6
ORD-01735,20230827,CUST-0253,PROD-045,GEO-003,Standard Class,1,9433.12,0.0,9433.12,2429.97,25.76,5
ORD-00891,20230827,CUST-0170,PROD-008,GEO-003,Standard Class,2,2279.52,0.1,4103.14,1485.8,36.21,7
ORD-01372,20230828,CUST-0171,PROD-048,GEO-010,First Class,1,1512.15,0.05,1436.54,679.77,47.32,2
ORD-00217,20230828,CUST-0124,PROD-039,GEO-011,Standard Class,5,812.54,0.0,4062.7,2559.5,63.0,5
ORD-02142,20230828,CUST-0118,PROD-023,GEO-005,Same Day,3,3745.65,0.15,9551.41,2309.3,24.18,2
ORD-04232,20230828,CUST-0269,PROD-019,GEO-003,Standard Class,2,4610.99,0.15,7838.68,1842.56,23.51,7
ORD-04909,20230828,CUST-0210,PROD-035,GEO-018,Standard Class,3,17102.6,0.1,46177.02,7497.3,16.24,7
ORD-02782,20230829,CUST-0151,PROD-012,GEO-013,Second Class,3,1714.29,0.25,3857.15,1113.76,28.88,5
ORD-00191,20230829,CUST-0189,PROD-008,GEO-011,Second Class,1,2240.82,0.0,2240.82,1129.37,50.4,5
ORD-03049,20230829,CUST-0196,PROD-034,GEO-015,Standard Class,1,10246.09,0.15,8709.18,1001.34,11.5,7
ORD-04709,20230830,CUST-0068,PROD-019,GEO-018,First Class,3,4419.9,0.2,10607.76,2613.75,24.64,3
ORD-01181,20230831,CUST-0041,PROD-020,GEO-011,Second Class,4,1150.85,0.15,3912.89,1649.58,42.16,5
ORD-03848,20230901,CUST-0163,PROD-008,GEO-004,Standard Class,3,2138.19,0.0,6414.57,2832.67,44.16,5
ORD-03901,20230902,CUST-0096,PROD-042,GEO-015,Same Day,1,1754.58,0.1,1579.12,543.85,34.44,1
ORD-04224,20230902,CUST-0025,PROD-035,GEO-019,Standard Class,5,18077.06,0.0,90385.3,17896.29,19.8,5
ORD-02636,20230903,CUST-0094,PROD-035,GEO-008,Standard Class,2,18656.62,0.05,35447.58,5806.31,16.38,7
ORD-02738,20230903,CUST-0101,PROD-047,GEO-014,Standard Class,1,3360.98,0.0,3360.98,1058.7,31.5,5
ORD-02130,20230903,CUST-0076,PROD-042,GEO-010,Second Class,4,1889.94,0.0,7559.76,3023.9,40.0,4
ORD-03145,20230904,CUST-0136,PROD-038,GEO-020,Standard Class,1,1237.08,0.05,1175.23,682.32,58.06,5
ORD-02813,20230904,CUST-0036,PROD-033,GEO-005,Same Day,2,430.9,0.2,689.44,186.73,27.08,0
ORD-01138,20230904,CUST-0279,PROD-023,GEO-001,Standard Class,4,3922.61,0.15,13336.87,3224.54,24.18,5
ORD-01329,20230905,CUST-0150,PROD-009,GEO-002,First Class,2,2516.58,0.0,5033.16,1759.59,34.96,2
ORD-03227,20230905,CUST-0077,PROD-001,GEO-004,Standard Class,3,5390.34,0.0,16171.02,5653.39,34.96,5
ORD-02246,20230905,CUST-0072,PROD-035,GEO-006,Second Class,3,18341.94,0.1,49523.24,7309.63,14.76,4
ORD-03265,20230905,CUST-0016,PROD-026,GEO-010,Second Class,1,678.87,0.25,509.15,145.62,28.6,5
ORD-02997,20230906,CUST-0299,PROD-007,GEO-010,First Class,4,652.37,0.05,2479.01,902.36,36.4,3
ORD-00688,20230906,CUST-0204,PROD-045,GEO-013,Standard Class,3,9574.0,0.15,24413.7,5239.67,21.46,6
ORD-00574,20230907,CUST-0024,PROD-005,GEO-001,Standard Class,1,3171.09,0.2,2536.87,567.61,22.37,6
ORD-03575,20230907,CUST-0200,PROD-032,GEO-017,Second Class,1,4671.69,0.0,4671.69,1798.6,38.5,3
ORD-04468,20230907,CUST-0183,PROD-044,GEO-020,Standard Class,1,817.58,0.05,776.7,482.03,62.06,5
ORD-04601,20230908,CUST-0171,PROD-022,GEO-010,Standard Class,1,22370.93,0.3,15659.65,1368.65,8.74,7
ORD-04466,20230908,CUST-0195,PROD-023,GEO-008,Standard Class,1,3633.19,0.15,3088.21,811.58,26.28,7
ORD-03424,20230908,CUST-0090,PROD-046,GEO-016,First Class,1,4557.73,0.1,4101.96,1664.98,40.59,4
ORD-04811,20230910,CUST-0269,PROD-017,GEO-003,Standard Class,3,53275.79,0.0,159827.37,32349.06,20.24,7
ORD-01935,20230911,CUST-0214,PROD-011,GEO-015,Standard Class,4,1789.79,0.0,7159.16,3006.84,42.0,5
ORD-00157,20230911,CUST-0279,PROD-017,GEO-001,Second Class,1,57446.03,0.25,43084.52,4796.17,11.13,4
ORD-03957,20230911,CUST-0031,PROD-046,GEO-020,Second Class,1,4312.9,0.2,3450.32,1093.06,31.68,3
ORD-00687,20230911,CUST-0042,PROD-032,GEO-008,Standard Class,1,4386.0,0.1,3947.4,1132.9,28.7,5
ORD-03943,20230911,CUST-0290,PROD-017,GEO-005,Standard Class,1,54130.92,0.05,51424.37,9471.55,18.42,5
ORD-02546,20230912,CUST-0155,PROD-019,GEO-016,Standard Class,1,4389.64,0.0,4389.64,1690.01,38.5,5
ORD-02872,20230912,CUST-0181,PROD-001,GEO-011,First Class,2,5766.34,0.0,11532.68,4601.54,39.9,4
ORD-02521,20230912,CUST-0102,PROD-016,GEO-014,First Class,1,43528.24,0.2,34822.59,4680.15,13.44,4
ORD-01631,20230912,CUST-0152,PROD-042,GEO-018,Second Class,2,1880.1,0.05,3572.19,1430.31,40.04,4
ORD-00795,20230913,CUST-0130,PROD-031,GEO-012,Second Class,1,959.67,0.05,911.69,452.98,49.69,5
ORD-00733,20230913,CUST-0091,PROD-004,GEO-016,Standard Class,1,2377.83,0.1,2140.05,1023.08,47.81,7
ORD-04343,20230913,CUST-0033,PROD-038,GEO-006,Same Day,2,1184.94,0.0,2369.88,1374.53,58.0,1
ORD-00901,20230914,CUST-0272,PROD-017,GEO-001,Standard Class,4,56766.88,0.0,227067.52,45958.46,20.24,7
ORD-00244,20230914,CUST-0154,PROD-043,GEO-019,Standard Class,4,6777.57,0.0,27110.28,8946.39,33.0,5
ORD-02208,20230914,CUST-0097,PROD-010,GEO-004,Standard Class,1,3466.23,0.2,2772.98,816.36,29.44,5
ORD-03303,20230914,CUST-0096,PROD-038,GEO-015,Second Class,4,1210.19,0.05,4598.72,2548.56,55.42,3
ORD-00388,20230916,CUST-0283,PROD-050,GEO-013,Second Class,1,1753.11,0.0,1753.11,828.34,47.25,3
ORD-01224,20230916,CUST-0043,PROD-020,GEO-012,Standard Class,4,1200.61,0.2,3841.95,1419.99,36.96,7
ORD-02032,20230916,CUST-0097,PROD-017,GEO-004,Standard Class,1,55131.96,0.0,55131.96,11158.71,20.24,7
ORD-02946,20230916,CUST-0103,PROD-039,GEO-010,First Class,2,789.3,0.1,1420.74,699.0,49.2,3
ORD-04482,20230916,CUST-0023,PROD-045,GEO-007,Standard Class,1,9261.08,0.0,9261.08,2593.1,28.0,7
ORD-03900,20230916,CUST-0099,PROD-038,GEO-018,First Class,1,1181.11,0.25,885.83,310.84,35.09,2
ORD-02362,20230916,CUST-0220,PROD-030,GEO-010,First Class,1,561.79,0.05,533.7,184.55,34.58,4
ORD-03594,20230917,CUST-0160,PROD-045,GEO-012,Second Class,2,9635.6,0.0,19271.2,5665.74,29.4,4
ORD-04166,20230917,CUST-0056,PROD-037,GEO-008,First Class,3,3276.3,0.0,9828.9,4128.14,42.0,3
ORD-03634,20230917,CUST-0216,PROD-043,GEO-008,First Class,1,6332.75,0.05,6016.11,1642.4,27.3,3
ORD-03457,20230918,CUST-0208,PROD-008,GEO-007,Standard Class,1,2160.62,0.15,1836.53,643.52,35.04,7
ORD-02665,20230918,CUST-0196,PROD-017,GEO-015,Standard Class,3,54746.63,0.1,147815.9,27999.29,18.94,7
ORD-03199,20230918,CUST-0190,PROD-016,GEO-006,Standard Class,3,40986.2,0.2,98366.88,12590.96,12.8,7
ORD-04759,20230919,CUST-0200,PROD-004,GEO-017,Standard Class,1,2567.27,0.05,2438.91,1293.92,53.05,5
ORD-03007,20230919,CUST-0221,PROD-006,GEO-003,Standard Class,2,2205.54,0.15,3749.42,1007.24,26.86,6
ORD-00777,20230919,CUST-0220,PROD-001,GEO-010,Standard Class,2,5298.27,0.05,10066.71,3481.07,34.58,6
ORD-00292,20230919,CUST-0072,PROD-006,GEO-006,First Class,1,2210.55,0.0,2210.55,884.22,40.0,3
ORD-01899,20230919,CUST-0041,PROD-008,GEO-011,Standard Class,1,2203.09,0.0,2203.09,1110.35,50.4,6
ORD-04812,20230920,CUST-0068,PROD-045,GEO-018,Same Day,1,9532.41,0.1,8579.17,2166.76,25.26,0
ORD-01501,20230920,CUST-0252,PROD-036,GEO-015,Standard Class,5,7692.24,0.05,36538.14,8728.05,23.89,6
ORD-04678,20230921,CUST-0085,PROD-017,GEO-006,Standard Class,1,56201.61,0.0,56201.61,12364.35,22.0,5
ORD-04733,20230921,CUST-0233,PROD-017,GEO-020,Second Class,1,57064.18,0.0,57064.18,13809.53,24.2,5
ORD-01061,20230921,CUST-0217,PROD-020,GEO-002,Standard Class,1,1144.78,0.15,973.06,359.43,36.94,7
ORD-02392,20230921,CUST-0294,PROD-046,GEO-002,Second Class,2,4645.55,0.1,8361.99,2838.72,33.95,5
ORD-02594,20230922,CUST-0170,PROD-034,GEO-003,Same Day,2,10362.27,0.3,14507.18,920.92,6.35,0
ORD-01397,20230922,CUST-0180,PROD-035,GEO-005,Standard Class,1,17474.08,0.1,15726.67,2135.56,13.58,6
ORD-04120,20230922,CUST-0245,PROD-030,GEO-004,Standard Class,1,580.21,0.0,580.21,202.84,34.96,5
ORD-04374,20230922,CUST-0100,PROD-047,GEO-012,First Class,1,3512.53,0.0,3512.53,1106.45,31.5,4
ORD-02421,20230923,CUST-0294,PROD-048,GEO-002,Second Class,1,1574.8,0.0,1574.8,753.39,47.84,4
ORD-04130,20230923,CUST-0066,PROD-029,GEO-007,Standard Class,1,2740.9,0.0,2740.9,822.27,30.0,7
ORD-04938,20230923,CUST-0083,PROD-044,GEO-014,First Class,1,885.72,0.2,708.58,295.22,41.66,2
ORD-03824,20230923,CUST-0233,PROD-022,GEO-020,Standard Class,4,22399.0,0.0,89596.0,18725.56,20.9,5
ORD-02478,20230924,CUST-0070,PROD-044,GEO-009,First Class,1,843.81,0.15,717.24,324.62,45.26,3
ORD-00263,20230924,CUST-0163,PROD-044,GEO-004,First Class,2,835.81,0.05,1588.04,824.29,51.91,3
ORD-00946,20230924,CUST-0170,PROD-022,GEO-003,Standard Class,1,21166.87,0.15,17991.84,2295.83,12.76,6
ORD-04030,20230924,CUST-0289,PROD-035,GEO-010,Second Class,1,18759.41,0.1,16883.47,2492.0,14.76,3
ORD-01664,20230925,CUST-0298,PROD-005,GEO-018,Same Day,1,3091.55,0.0,3091.55,1292.27,41.8,2
ORD-00249,20230925,CUST-0299,PROD-019,GEO-010,Second Class,2,4708.32,0.0,9416.64,3295.82,35.0,3
ORD-02143,20230926,CUST-0123,PROD-043,GEO-013,Standard Class,5,6743.74,0.0,33718.7,10621.39,31.5,7
ORD-03610,20230926,CUST-0293,PROD-027,GEO-011,First Class,3,371.13,0.3,779.37,180.68,23.18,3
ORD-01227,20230926,CUST-0070,PROD-006,GEO-009,Second Class,4,2260.42,0.1,8137.51,2669.1,32.8,5
ORD-02929,20230927,CUST-0290,PROD-047,GEO-005,Standard Class,1,3373.14,0.05,3204.48,804.83,25.12,7
ORD-01441,20230927,CUST-0298,PROD-030,GEO-018,Standard Class,1,583.3,0.0,583.3,243.82,41.8,7
ORD-03461,20230928,CUST-0269,PROD-038,GEO-003,Standard Class,1,1142.25,0.1,1028.03,449.82,43.76,5
ORD-01044,20230928,CUST-0015,PROD-024,GEO-014,Second Class,3,223.17,0.0,669.51,351.5,52.5,3
ORD-02303,20230928,CUST-0080,PROD-005,GEO-008,Same Day,1,3116.97,0.0,3116.97,1184.45,38.0,0
ORD-03010,20230929,CUST-0283,PROD-037,GEO-013,First Class,2,3239.1,0.0,6478.2,2856.88,44.1,2
ORD-01012,20230929,CUST-0286,PROD-047,GEO-007,Standard Class,5,3499.42,0.2,13997.68,2687.55,19.2,5
ORD-00972,20230929,CUST-0250,PROD-017,GEO-017,Standard Class,3,53491.84,0.05,152451.74,33572.92,22.02,7
ORD-02061,20230929,CUST-0031,PROD-042,GEO-020,Standard Class,2,1782.68,0.25,2674.02,647.11,24.2,6
ORD-00996,20230929,CUST-0048,PROD-035,GEO-007,Standard Class,1,17717.45,0.3,12402.22,1026.9,8.28,7
ORD-02831,20230930,CUST-0165,PROD-016,GEO-009,First Class,1,41463.94,0.35,26951.56,1994.42,7.4,2
ORD-00858,20230930,CUST-0300,PROD-008,GEO-003,Same Day,1,2250.45,0.15,1912.88,616.65,32.24,2
ORD-00210,20230930,CUST-0155,PROD-037,GEO-016,Standard Class,1,3052.83,0.35,1984.34,339.21,17.09,5
ORD-03313,20230930,CUST-0173,PROD-037,GEO-005,Standard Class,1,3161.2,0.05,3003.14,1055.98,35.16,7
ORD-03194,20231001,CUST-0143,PROD-029,GEO-016,Second Class,2,2754.49,0.15,4682.63,1128.05,24.09,4
ORD-00961,20231001,CUST-0075,PROD-001,GEO-013,Standard Class,2,5398.54,0.05,10257.23,3724.3,36.31,6
ORD-02489,20231001,CUST-0154,PROD-045,GEO-019,Second Class,1,9874.97,0.0,9874.97,3041.49,30.8,4
ORD-01333,20231002,CUST-0045,PROD-049,GEO-019,Standard Class,4,1959.63,0.15,6662.74,2514.59,37.74,7
ORD-00723,20231003,CUST-0209,PROD-047,GEO-007,Standard Class,1,3663.01,0.35,2380.96,264.29,11.1,7
ORD-03152,20231003,CUST-0179,PROD-008,GEO-004,Second Class,5,2095.38,0.05,9953.06,3999.7,40.19,5
ORD-01459,20231004,CUST-0121,PROD-013,GEO-004,Standard Class,2,173.12,0.25,259.68,72.27,27.83,5
ORD-00630,20231004,CUST-0279,PROD-040,GEO-001,Second Class,2,114.64,0.1,206.35,93.4,45.26,4
ORD-02006,20231004,CUST-0066,PROD-012,GEO-007,Standard Class,1,1867.04,0.1,1680.34,688.94,41.0,7
ORD-00482,20231004,CUST-0005,PROD-034,GEO-006,First Class,1,9793.31,0.0,9793.31,1469.0,15.0,2
ORD-03960,20231004,CUST-0164,PROD-049,GEO-007,Standard Class,2,1938.58,0.3,2714.01,586.77,21.62,6
ORD-02344,20231005,CUST-0245,PROD-016,GEO-004,Second Class,3,40197.42,0.0,120592.26,22188.97,18.4,5
ORD-01925,20231005,CUST-0228,PROD-050,GEO-016,Standard Class,2,1805.74,0.1,3250.33,1319.31,40.59,6
ORD-03460,20231005,CUST-0194,PROD-035,GEO-006,Second Class,1,18497.88,0.2,14798.3,1704.76,11.52,5
ORD-02517,20231006,CUST-0145,PROD-033,GEO-018,Second Class,2,432.63,0.1,778.73,323.11,41.49,3
ORD-04180,20231007,CUST-0139,PROD-009,GEO-001,Standard Class,3,2396.7,0.15,6111.58,1559.72,25.52,5
ORD-01931,20231007,CUST-0205,PROD-015,GEO-016,Standard Class,1,1449.93,0.0,1449.93,717.72,49.5,7
ORD-04292,20231008,CUST-0121,PROD-033,GEO-004,Standard Class,3,443.92,0.0,1331.76,563.6,42.32,6
ORD-02768,20231008,CUST-0038,PROD-048,GEO-012,Standard Class,1,1510.17,0.15,1283.64,511.63,39.86,7
ORD-03932,20231008,CUST-0098,PROD-026,GEO-012,Same Day,3,680.14,0.05,1938.4,963.11,49.69,2
ORD-00478,20231008,CUST-0096,PROD-019,GEO-015,Standard Class,1,4456.93,0.1,4011.24,1208.79,30.14,7
ORD-02499,20231009,CUST-0064,PROD-035,GEO-007,Standard Class,3,17844.56,0.3,37473.58,3102.81,8.28,5
ORD-01088,20231010,CUST-0262,PROD-038,GEO-003,Second Class,1,1194.67,0.0,1194.67,637.48,53.36,5
ORD-00962,20231010,CUST-0113,PROD-048,GEO-003,Standard Class,1,1569.94,0.2,1255.95,384.54,30.62,5
ORD-02396,20231010,CUST-0092,PROD-003,GEO-001,Standard Class,2,1780.05,0.15,3026.08,1117.77,36.94,7
ORD-00824,20231011,CUST-0248,PROD-037,GEO-020,Standard Class,1,3096.67,0.05,2941.84,1236.81,42.04,5
ORD-00310,20231012,CUST-0299,PROD-019,GEO-010,Standard Class,1,4565.61,0.25,3424.21,659.16,19.25,5
ORD-03792,20231012,CUST-0082,PROD-031,GEO-001,Standard Class,1,914.39,0.0,914.39,437.44,47.84,5
ORD-00368,20231012,CUST-0132,PROD-022,GEO-017,First Class,2,22787.99,0.0,45575.98,9525.38,20.9,4
ORD-00732,20231012,CUST-0191,PROD-011,GEO-015,First Class,1,1717.09,0.0,1717.09,721.18,42.0,4
ORD-00485,20231012,CUST-0228,PROD-030,GEO-016,First Class,3,574.08,0.05,1636.13,622.35,38.04,2
ORD-02510,20231013,CUST-0216,PROD-011,GEO-008,Standard Class,4,1803.0,0.0,7212.0,2884.8,40.0,7
ORD-04847,20231014,CUST-0135,PROD-006,GEO-018,Standard Class,1,2095.31,0.15,1781.01,572.05,32.12,5
ORD-03875,20231014,CUST-0013,PROD-028,GEO-005,First Class,2,2037.61,0.1,3667.7,1106.77,30.18,3
ORD-01736,20231015,CUST-0255,PROD-039,GEO-011,Standard Class,2,786.63,0.15,1337.27,615.01,45.99,7
ORD-00786,20231015,CUST-0176,PROD-046,GEO-019,Second Class,2,4360.47,0.05,8284.89,3731.93,45.05,4
ORD-04438,20231015,CUST-0125,PROD-032,GEO-003,Second Class,2,4682.07,0.2,7491.31,1543.81,20.61,4
ORD-01257,20231015,CUST-0171,PROD-031,GEO-010,First Class,2,966.07,0.0,1932.14,1004.71,52.0,3
ORD-04882,20231015,CUST-0110,PROD-043,GEO-003,Standard Class,2,6692.58,0.1,12046.64,2726.39,22.63,7
ORD-01803,20231016,CUST-0029,PROD-010,GEO-008,Standard Class,2,3519.34,0.05,6686.75,3042.47,45.5,7
ORD-00643,20231016,CUST-0090,PROD-016,GEO-016,Standard Class,5,43480.7,0.2,173922.8,24488.33,14.08,5
ORD-01656,20231016,CUST-0284,PROD-045,GEO-001,Standard Class,1,9083.47,0.05,8629.3,2022.85,23.44,5
ORD-00403,20231016,CUST-0231,PROD-002,GEO-006,Standard Class,1,1573.92,0.15,1337.83,410.18,30.66,5
ORD-02767,20231017,CUST-0052,PROD-037,GEO-009,Standard Class,1,3265.54,0.05,3102.26,1185.68,38.22,5
ORD-04016,20231018,CUST-0085,PROD-044,GEO-006,Standard Class,3,877.34,0.05,2500.42,1410.74,56.42,6
ORD-02332,20231018,CUST-0087,PROD-021,GEO-006,First Class,4,3332.42,0.1,11996.71,3443.06,28.7,2
ORD-02291,20231018,CUST-0034,PROD-006,GEO-003,Standard Class,2,2177.85,0.0,4355.7,1602.9,36.8,5
ORD-01742,20231018,CUST-0085,PROD-008,GEO-006,Standard Class,2,2217.5,0.1,3991.5,1571.05,39.36,6
ORD-00642,20231019,CUST-0097,PROD-032,GEO-004,Second Class,1,4303.08,0.2,3442.46,709.42,20.61,5
ORD-02497,20231019,CUST-0221,PROD-009,GEO-003,Second Class,1,2510.68,0.0,2510.68,877.74,34.96,3
ORD-04696,20231019,CUST-0048,PROD-038,GEO-007,Standard Class,1,1206.93,0.05,1146.58,605.16,52.78,7
ORD-03488,20231020,CUST-0139,PROD-028,GEO-001,Standard Class,1,2058.76,0.05,1955.82,654.97,33.49,7
ORD-02620,20231020,CUST-0274,PROD-004,GEO-005,Standard Class,1,2376.81,0.0,2376.81,1158.93,48.76,7
ORD-04298,20231020,CUST-0220,PROD-028,GEO-010,Standard Class,2,2082.96,0.15,3541.03,1033.98,29.2,5
ORD-03597,20231021,CUST-0245,PROD-042,GEO-004,Same Day,1,1864.21,0.05,1771.0,593.07,33.49,2
ORD-04469,20231021,CUST-0171,PROD-003,GEO-010,Standard Class,1,1839.48,0.0,1839.48,1011.71,55.0,5
ORD-03135,20231021,CUST-0222,PROD-016,GEO-009,First Class,4,42843.07,0.1,154235.05,25294.55,16.4,3
ORD-01946,20231022,CUST-0213,PROD-006,GEO-014,Standard Class,4,2237.89,0.15,7608.83,2332.87,30.66,6
ORD-02616,20231023,CUST-0164,PROD-011,GEO-007,Standard Class,5,1847.53,0.1,8313.88,2726.95,32.8,6
ORD-00284,20231023,CUST-0269,PROD-019,GEO-003,Same Day,2,4382.63,0.35,5697.42,678.79,11.91,0
ORD-01412,20231024,CUST-0168,PROD-050,GEO-006,Second Class,4,1867.57,0.0,7470.28,3361.63,45.0,5
ORD-00544,20231025,CUST-0123,PROD-021,GEO-013,Standard Class,1,3290.8,0.0,3290.8,1209.37,36.75,6
ORD-04162,20231025,CUST-0131,PROD-044,GEO-019,Standard Class,2,853.0,0.0,1706.0,1163.49,68.2,6
ORD-04691,20231026,CUST-0009,PROD-022,GEO-014,First Class,4,21047.76,0.1,75771.94,12395.53,16.36,3
ORD-03778,20231026,CUST-0105,PROD-040,GEO-001,Second Class,2,122.12,0.0,244.24,134.82,55.2,3
ORD-01929,20231026,CUST-0213,PROD-042,GEO-014,First Class,1,1762.08,0.15,1497.77,459.22,30.66,4
ORD-00833,20231027,CUST-0241,PROD-048,GEO-015,Standard Class,5,1526.32,0.0,7631.6,4166.85,54.6,5
ORD-04101,20231027,CUST-0225,PROD-005,GEO-020,Standard Class,1,3212.25,0.0,3212.25,1342.73,41.8,6
ORD-04974,20231027,CUST-0130,PROD-023,GEO-012,First Class,1,3619.6,0.3,2533.72,440.56,17.39,2
ORD-02579,20231027,CUST-0048,PROD-012,GEO-007,First Class,1,1810.56,0.1,1629.5,668.09,41.0,2
ORD-01461,20231027,CUST-0079,PROD-036,GEO-014,Second Class,2,7856.14,0.25,11784.21,1701.35,14.44,4
ORD-04310,20231028,CUST-0050,PROD-046,GEO-013,First Class,2,4513.26,0.0,9026.52,4265.03,47.25,4
ORD-00804,20231028,CUST-0281,PROD-038,GEO-001,Standard Class,1,1201.95,0.05,1141.85,554.46,48.56,5
ORD-04353,20231028,CUST-0027,PROD-046,GEO-018,Standard Class,1,4598.21,0.15,3908.48,1412.33,36.14,7
ORD-04930,20231028,CUST-0299,PROD-016,GEO-010,Same Day,4,43732.39,0.0,174929.56,34985.91,20.0,0
ORD-04734,20231028,CUST-0207,PROD-036,GEO-007,Standard Class,1,7771.72,0.15,6605.96,1205.59,18.25,5
ORD-04594,20231028,CUST-0259,PROD-036,GEO-007,Standard Class,1,8298.55,0.1,7468.7,1531.08,20.5,6
ORD-01607,20231028,CUST-0076,PROD-023,GEO-010,Second Class,3,3908.61,0.05,11139.54,3649.31,32.76,3
ORD-03146,20231029,CUST-0096,PROD-028,GEO-015,Standard Class,2,2178.9,0.0,4357.8,1830.28,42.0,6
ORD-01763,20231029,CUST-0173,PROD-010,GEO-005,Same Day,2,3439.06,0.05,6534.21,2735.22,41.86,2
ORD-01525,20231029,CUST-0059,PROD-015,GEO-003,Second Class,1,1566.06,0.0,1566.06,648.35,41.4,5
ORD-00223,20231030,CUST-0158,PROD-016,GEO-006,Standard Class,1,42130.91,0.0,42130.91,8426.18,20.0,5
ORD-03930,20231030,CUST-0012,PROD-035,GEO-010,Standard Class,1,17934.3,0.1,16140.87,2382.39,14.76,6
ORD-00360,20231030,CUST-0263,PROD-021,GEO-009,Second Class,2,3166.71,0.2,5066.74,1134.95,22.4,4
ORD-01729,20231030,CUST-0251,PROD-008,GEO-020,Standard Class,3,2156.76,0.25,4852.71,1409.23,29.04,5
ORD-01731,20231031,CUST-0035,PROD-007,GEO-015,Standard Class,1,639.55,0.1,575.6,198.24,34.44,7
ORD-03797,20231031,CUST-0285,PROD-031,GEO-004,Standard Class,2,970.26,0.1,1746.47,685.11,39.23,5
ORD-01873,20231031,CUST-0127,PROD-016,GEO-008,Standard Class,1,41182.87,0.0,41182.87,8236.57,20.0,7
ORD-04394,20231101,CUST-0039,PROD-045,GEO-006,Standard Class,3,9143.29,0.05,26058.38,6639.68,25.48,6
ORD-01135,20231101,CUST-0160,PROD-022,GEO-012,Second Class,3,21536.13,0.2,51686.71,6599.36,12.77,4
ORD-03393,20231102,CUST-0237,PROD-004,GEO-006,Second Class,3,2599.68,0.05,7409.09,3573.4,48.23,3
ORD-04280,20231102,CUST-0154,PROD-037,GEO-019,Same Day,4,3315.47,0.05,12598.79,5296.79,42.04,2
ORD-03918,20231103,CUST-0190,PROD-011,GEO-006,Standard Class,2,1863.15,0.1,3353.67,1100.0,32.8,6
ORD-04235,20231103,CUST-0258,PROD-017,GEO-002,Standard Class,2,55285.25,0.3,77399.35,7206.19,9.31,5
ORD-03338,20231103,CUST-0071,PROD-017,GEO-018,Standard Class,1,57569.17,0.25,43176.88,5746.84,13.31,5
ORD-01541,20231103,CUST-0093,PROD-021,GEO-018,Second Class,1,3221.91,0.25,2416.43,511.68,21.18,5
ORD-01153,20231103,CUST-0081,PROD-049,GEO-008,Standard Class,1,1947.67,0.1,1752.9,675.57,38.54,5
ORD-00545,20231103,CUST-0124,PROD-049,GEO-011,Standard Class,2,1911.32,0.05,3631.51,1630.86,44.91,7
ORD-04836,20231103,CUST-0074,PROD-023,GEO-015,Standard Class,3,3761.66,0.1,10156.48,3148.1,31.0,7
ORD-03734,20231103,CUST-0130,PROD-035,GEO-012,Standard Class,1,17966.81,0.1,16170.13,2506.05,15.5,5
ORD-00237,20231104,CUST-0206,PROD-017,GEO-005,First Class,2,54035.22,0.0,108070.44,21873.46,20.24,2
ORD-00767,20231104,CUST-0100,PROD-036,GEO-012,Standard Class,2,8074.77,0.1,14534.59,3128.57,21.52,5
ORD-02661,20231104,CUST-0204,PROD-047,GEO-013,Standard Class,1,3331.45,0.1,2998.3,774.46,25.83,5
ORD-04367,20231104,CUST-0063,PROD-022,GEO-008,First Class,1,21669.67,0.05,20586.19,3559.35,17.29,4
ORD-02985,20231105,CUST-0243,PROD-002,GEO-011,First Class,5,1425.89,0.3,4990.62,1012.4,20.29,3
ORD-00399,20231105,CUST-0041,PROD-047,GEO-011,Second Class,1,3326.93,0.1,2994.24,773.41,25.83,5
ORD-01298,20231105,CUST-0047,PROD-031,GEO-002,First Class,3,954.8,0.2,2291.52,701.61,30.62,2
ORD-04336,20231105,CUST-0248,PROD-034,GEO-020,First Class,1,9635.24,0.3,6744.67,511.92,7.59,2
ORD-02669,20231106,CUST-0083,PROD-049,GEO-014,Standard Class,2,2028.79,0.1,3651.82,1477.78,40.47,7
ORD-01226,20231106,CUST-0205,PROD-031,GEO-016,Standard Class,3,958.63,0.0,2875.89,1645.01,57.2,6
ORD-03381,20231106,CUST-0142,PROD-001,GEO-012,Standard Class,1,5279.01,0.05,5015.06,1820.92,36.31,7
ORD-00254,20231106,CUST-0211,PROD-038,GEO-007,Standard Class,1,1194.21,0.1,1074.79,511.17,47.56,7
ORD-03410,20231107,CUST-0163,PROD-004,GEO-004,Second Class,2,2403.66,0.1,4326.59,1729.91,39.98,5
ORD-02664,20231107,CUST-0052,PROD-017,GEO-009,Second Class,1,52434.58,0.0,52434.58,11535.61,22.0,3
ORD-01219,20231107,CUST-0168,PROD-046,GEO-006,Standard Class,3,4720.79,0.15,12038.01,3954.49,32.85,7
ORD-02643,20231107,CUST-0293,PROD-006,GEO-011,Standard Class,2,2100.2,0.15,3570.34,1094.67,30.66,6
ORD-03351,20231107,CUST-0231,PROD-022,GEO-006,Standard Class,1,22029.25,0.0,22029.25,4185.56,19.0,6
ORD-01280,20231107,CUST-0069,PROD-038,GEO-014,Second Class,1,1175.36,0.2,940.29,366.49,38.98,5
ORD-00129,20231107,CUST-0203,PROD-023,GEO-018,Standard Class,2,3688.44,0.2,5901.5,1495.68,25.34,6
ORD-02222,20231108,CUST-0104,PROD-022,GEO-012,Second Class,2,21777.01,0.1,39198.62,6412.5,16.36,5
ORD-00922,20231108,CUST-0184,PROD-032,GEO-009,Standard Class,1,4521.0,0.15,3842.85,981.85,25.55,5
ORD-03261,20231108,CUST-0130,PROD-015,GEO-012,Standard Class,2,1457.27,0.3,2040.18,443.44,21.74,5
ORD-02277,20231109,CUST-0120,PROD-017,GEO-002,Standard Class,2,57461.81,0.0,114923.62,23260.54,20.24,7
ORD-01598,20231109,CUST-0137,PROD-037,GEO-005,First Class,1,3203.33,0.0,3203.33,1237.77,38.64,4
ORD-01680,20231109,CUST-0080,PROD-006,GEO-008,Second Class,2,2216.15,0.05,4210.69,1532.69,36.4,3
ORD-04889,20231109,CUST-0266,PROD-042,GEO-011,Standard Class,1,1834.34,0.15,1559.19,478.04,30.66,7
ORD-03492,20231109,CUST-0288,PROD-038,GEO-017,Standard Class,2,1159.6,0.0,2319.2,1479.65,63.8,6
ORD-01906,20231109,CUST-0042,PROD-048,GEO-008,Second Class,2,1524.19,0.2,2438.7,811.6,33.28,3
ORD-02735,20231109,CUST-0228,PROD-020,GEO-016,Standard Class,3,1234.77,0.25,2778.23,924.45,33.27,7
ORD-01949,20231109,CUST-0090,PROD-016,GEO-016,First Class,1,43109.19,0.1,38798.27,6999.21,18.04,2
ORD-02918,20231110,CUST-0161,PROD-010,GEO-012,First Class,1,3647.19,0.3,2553.03,616.56,24.15,4
ORD-00861,20231110,CUST-0165,PROD-033,GEO-009,Standard Class,4,461.31,0.05,1752.98,733.8,41.86,6
ORD-01193,20231111,CUST-0206,PROD-031,GEO-005,Standard Class,1,982.54,0.35,638.65,113.05,17.7,6
ORD-00307,20231112,CUST-0281,PROD-015,GEO-001,Same Day,2,1546.77,0.15,2629.51,794.69,30.22,0
ORD-00224,20231112,CUST-0202,PROD-034,GEO-003,First Class,1,10433.88,0.05,9912.19,1244.77,12.56,3
ORD-02302,20231112,CUST-0217,PROD-003,GEO-002,Standard Class,1,1728.96,0.0,1728.96,874.86,50.6,7
ORD-04577,20231112,CUST-0272,PROD-046,GEO-001,Second Class,1,4309.91,0.0,4309.91,1784.3,41.4,3
ORD-01454,20231113,CUST-0065,PROD-032,GEO-020,First Class,1,4291.96,0.2,3433.57,846.03,24.64,2
ORD-01960,20231113,CUST-0227,PROD-021,GEO-007,Standard Class,2,3093.81,0.0,6187.62,2165.67,35.0,6
ORD-00026,20231113,CUST-0233,PROD-037,GEO-020,Standard Class,4,3077.46,0.05,11694.35,4916.54,42.04,7
ORD-01365,20231113,CUST-0228,PROD-022,GEO-016,First Class,2,21802.05,0.25,32703.07,3759.22,11.5,2
ORD-00375,20231113,CUST-0112,PROD-047,GEO-010,Second Class,1,3404.51,0.2,2723.61,522.93,19.2,4
ORD-03808,20231113,CUST-0150,PROD-046,GEO-002,Same Day,2,4492.92,0.1,8087.26,2745.46,33.95,0
ORD-04261,20231113,CUST-0290,PROD-031,GEO-005,Same Day,2,907.16,0.0,1814.32,867.97,47.84,0
ORD-01345,20231114,CUST-0154,PROD-027,GEO-019,Standard Class,4,383.94,0.2,1228.61,415.17,33.79,7
ORD-04087,20231114,CUST-0015,PROD-048,GEO-014,Same Day,1,1475.23,0.05,1401.47,696.34,49.69,1
ORD-04817,20231114,CUST-0299,PROD-011,GEO-010,Standard Class,1,1845.71,0.1,1661.14,544.85,32.8,6
ORD-04540,20231115,CUST-0021,PROD-026,GEO-014,Standard Class,3,662.49,0.15,1689.35,673.34,39.86,6
ORD-04107,20231115,CUST-0206,PROD-008,GEO-005,First Class,5,2135.91,0.15,9077.62,2926.34,32.24,2
ORD-03489,20231115,CUST-0169,PROD-019,GEO-016,Standard Class,2,4434.58,0.2,7095.33,1748.28,24.64,6
ORD-00146,20231116,CUST-0279,PROD-029,GEO-001,Standard Class,3,2892.1,0.05,8242.48,2070.18,25.12,7
ORD-03006,20231116,CUST-0255,PROD-043,GEO-011,Standard Class,1,6492.3,0.35,4220.0,491.84,11.65,5
ORD-02851,20231116,CUST-0221,PROD-017,GEO-003,Standard Class,3,53663.53,0.2,128792.47,16683.26,12.95,6
ORD-04640,20231116,CUST-0025,PROD-015,GEO-019,Standard Class,2,1496.52,0.2,2394.43,758.56,31.68,6
ORD-00085,20231116,CUST-0181,PROD-041,GEO-011,First Class,1,25186.18,0.15,21408.25,3445.97,16.1,2
ORD-03708,20231116,CUST-0050,PROD-022,GEO-013,First Class,1,21449.23,0.3,15014.46,1377.87,9.18,4
ORD-04756,20231116,CUST-0280,PROD-017,GEO-009,Standard Class,1,53151.79,0.15,45179.02,7255.75,16.06,6
ORD-03747,20231116,CUST-0091,PROD-038,GEO-016,First Class,4,1179.33,0.05,4481.45,2601.84,58.06,2
ORD-04752,20231116,CUST-0129,PROD-008,GEO-015,Same Day,1,2103.6,0.15,1788.06,657.87,36.79,1
ORD-01545,20231116,CUST-0277,PROD-026,GEO-016,Standard Class,3,661.65,0.05,1885.7,981.54,52.05,5
ORD-02164,20231117,CUST-0065,PROD-011,GEO-020,First Class,2,1789.07,0.15,3041.42,976.9,32.12,4
ORD-03119,20231117,CUST-0297,PROD-039,GEO-015,Standard Class,3,782.15,0.1,2111.8,1090.96,51.66,6
ORD-01399,20231117,CUST-0066,PROD-036,GEO-007,Second Class,1,7728.57,0.1,6955.71,1425.92,20.5,3
ORD-01017,20231117,CUST-0110,PROD-010,GEO-003,Standard Class,1,3551.9,0.0,3551.9,1633.87,46.0,6
ORD-00188,20231118,CUST-0186,PROD-009,GEO-018,Standard Class,1,2421.38,0.3,1694.97,325.91,19.23,5
ORD-02049,20231118,CUST-0253,PROD-003,GEO-003,Standard Class,2,1872.97,0.2,2996.75,970.47,32.38,7
ORD-03888,20231118,CUST-0164,PROD-020,GEO-007,Standard Class,2,1185.32,0.15,2015.04,809.04,40.15,5
ORD-04313,20231118,CUST-0184,PROD-045,GEO-009,Second Class,2,9520.03,0.25,14280.05,2199.13,15.4,4
ORD-03456,20231118,CUST-0187,PROD-019,GEO-018,Second Class,1,4603.97,0.0,4603.97,1772.53,38.5,5
ORD-03494,20231119,CUST-0164,PROD-022,GEO-007,Standard Class,3,22695.48,0.05,64682.12,11183.54,17.29,6
ORD-03994,20231120,CUST-0010,PROD-038,GEO-017,Standard Class,1,1179.37,0.05,1120.4,650.49,58.06,6
ORD-02529,20231120,CUST-0032,PROD-001,GEO-005,Standard Class,1,5370.94,0.15,4565.3,1165.1,25.52,6
ORD-00076,20231120,CUST-0272,PROD-047,GEO-001,Same Day,1,3627.93,0.3,2539.55,322.42,12.7,0
ORD-03080,20231121,CUST-0161,PROD-029,GEO-012,Standard Class,2,2798.89,0.1,5038.0,1301.32,25.83,7
ORD-00880,20231121,CUST-0122,PROD-039,GEO-002,First Class,2,838.62,0.0,1677.24,925.83,55.2,4
ORD-00569,20231121,CUST-0234,PROD-050,GEO-005,Standard Class,2,1758.39,0.1,3165.1,1074.49,33.95,6
ORD-00075,20231121,CUST-0040,PROD-009,GEO-008,Standard Class,1,2477.6,0.1,2229.84,694.82,31.16,7
ORD-04856,20231121,CUST-0047,PROD-012,GEO-002,First Class,3,1717.54,0.0,5152.62,2370.21,46.0,4
ORD-02440,20231121,CUST-0276,PROD-021,GEO-006,Same Day,2,3308.82,0.2,5294.11,1185.88,22.4,0
ORD-01204,20231122,CUST-0284,PROD-015,GEO-001,First Class,2,1429.39,0.15,2429.96,734.38,30.22,4
ORD-02945,20231122,CUST-0088,PROD-013,GEO-005,Standard Class,1,172.8,0.2,138.24,44.77,32.39,7
ORD-00556,20231122,CUST-0041,PROD-031,GEO-011,First Class,1,992.25,0.0,992.25,541.77,54.6,2
ORD-01727,20231122,CUST-0249,PROD-035,GEO-013,Standard Class,1,18197.0,0.15,15467.45,2134.04,13.8,6
ORD-04139,20231122,CUST-0241,PROD-036,GEO-015,Second Class,3,7964.24,0.0,23892.72,6271.84,26.25,4
ORD-01984,20231123,CUST-0048,PROD-045,GEO-007,Second Class,1,9111.68,0.1,8200.51,1882.84,22.96,5
ORD-03317,20231123,CUST-0084,PROD-024,GEO-018,Standard Class,2,220.87,0.1,397.57,179.3,45.1,5
ORD-02923,20231123,CUST-0298,PROD-008,GEO-018,Standard Class,2,2176.27,0.1,3917.29,1696.04,43.3,6
ORD-01890,20231124,CUST-0189,PROD-026,GEO-011,Second Class,1,709.43,0.0,709.43,387.34,54.6,3
ORD-03372,20231124,CUST-0196,PROD-030,GEO-015,Standard Class,2,568.08,0.15,965.74,281.3,29.13,7
ORD-04376,20231124,CUST-0054,PROD-046,GEO-013,Second Class,1,4351.41,0.25,3263.56,848.12,25.99,4
ORD-03884,20231124,CUST-0188,PROD-036,GEO-016,Standard Class,3,7766.14,0.25,17473.82,2642.92,15.13,6
ORD-02178,20231124,CUST-0239,PROD-047,GEO-015,Same Day,2,3549.03,0.0,7098.06,2235.89,31.5,2
ORD-02783,20231124,CUST-0224,PROD-006,GEO-016,Standard Class,1,2175.53,0.25,1631.65,394.86,24.2,6
ORD-00171,20231125,CUST-0187,PROD-018,GEO-018,Second Class,2,758.9,0.15,1290.13,435.11,33.73,5
ORD-03874,20231125,CUST-0099,PROD-004,GEO-018,Second Class,1,2588.04,0.0,2588.04,1508.83,58.3,4
ORD-02958,20231125,CUST-0200,PROD-018,GEO-017,Standard Class,1,738.21,0.1,664.39,251.7,37.88,5
ORD-01895,20231125,CUST-0021,PROD-012,GEO-014,Second Class,1,1852.89,0.05,1760.25,840.96,47.78,4
ORD-04708,20231125,CUST-0122,PROD-010,GEO-002,Second Class,2,3472.15,0.2,5555.44,1635.52,29.44,5
ORD-00608,20231126,CUST-0203,PROD-032,GEO-018,Second Class,3,4569.36,0.1,12337.27,3894.88,31.57,3
ORD-02838,20231126,CUST-0271,PROD-041,GEO-002,Standard Class,3,24570.77,0.0,73712.31,14241.22,19.32,6
ORD-01672,20231126,CUST-0040,PROD-008,GEO-008,Standard Class,1,2283.69,0.0,2283.69,1096.17,48.0,5
ORD-00909,20231126,CUST-0165,PROD-009,GEO-009,Same Day,1,2419.77,0.0,2419.77,919.51,38.0,0
ORD-04260,20231126,CUST-0222,PROD-029,GEO-009,First Class,5,2876.25,0.35,9347.81,1037.61,11.1,2
ORD-00959,20231127,CUST-0085,PROD-022,GEO-006,Standard Class,3,20999.33,0.0,62997.99,11969.62,19.0,5
ORD-01379,20231127,CUST-0287,PROD-046,GEO-018,Standard Class,2,4640.73,0.0,9281.46,4594.33,49.5,5
ORD-02498,20231127,CUST-0271,PROD-036,GEO-002,Second Class,5,7887.38,0.05,37465.06,7841.44,20.93,3
ORD-00907,20231127,CUST-0192,PROD-038,GEO-003,Second Class,2,1205.65,0.0,2411.3,1286.67,53.36,5
ORD-01553,20231128,CUST-0249,PROD-016,GEO-013,Second Class,4,43955.74,0.0,175822.96,36922.82,21.0,3
ORD-00222,20231128,CUST-0256,PROD-026,GEO-005,Standard Class,3,705.04,0.1,1903.61,746.76,39.23,6
ORD-00290,20231129,CUST-0219,PROD-016,GEO-020,Standard Class,1,40475.86,0.2,32380.69,4559.2,14.08,6
ORD-04560,20231129,CUST-0128,PROD-037,GEO-010,Standard Class,2,3187.19,0.05,6055.66,2314.47,38.22,5
ORD-01028,20231129,CUST-0262,PROD-034,GEO-003,Second Class,3,10343.81,0.0,31031.43,4282.33,13.8,5
ORD-00724,20231129,CUST-0029,PROD-021,GEO-008,Standard Class,1,3297.74,0.15,2803.08,716.19,25.55,5
ORD-03274,20231130,CUST-0188,PROD-003,GEO-016,Standard Class,4,1772.74,0.15,6027.32,2661.97,44.17,5
ORD-03504,20231130,CUST-0167,PROD-049,GEO-011,Standard Class,2,1945.97,0.2,3113.55,983.39,31.58,6
ORD-01969,20231130,CUST-0235,PROD-010,GEO-020,Standard Class,4,3543.72,0.05,13466.14,6739.8,50.05,7
ORD-04143,20231201,CUST-0273,PROD-048,GEO-007,Second Class,3,1454.46,0.0,4363.38,2268.96,52.0,5
ORD-03566,20231201,CUST-0297,PROD-028,GEO-015,Standard Class,5,2146.97,0.05,10198.11,3897.72,38.22,5
ORD-01124,20231201,CUST-0123,PROD-032,GEO-013,Standard Class,2,4538.61,0.0,9077.22,3335.88,36.75,7
ORD-01201,20231202,CUST-0009,PROD-039,GEO-014,Second Class,1,790.59,0.2,632.47,255.01,40.32,3
ORD-02121,20231202,CUST-0233,PROD-015,GEO-020,Standard Class,3,1516.31,0.15,3866.59,1397.19,36.13,6
ORD-04148,20231202,CUST-0172,PROD-037,GEO-019,Standard Class,1,3117.24,0.2,2493.79,737.36,29.57,7
ORD-00564,20231202,CUST-0268,PROD-045,GEO-015,First Class,1,9228.69,0.0,9228.69,2713.23,29.4,4
ORD-04515,20231203,CUST-0028,PROD-044,GEO-012,Standard Class,2,869.46,0.15,1478.08,702.43,47.52,5
ORD-04523,20231203,CUST-0046,PROD-049,GEO-014,Standard Class,3,2036.92,0.05,5805.22,2607.03,44.91,5
ORD-02926,20231203,CUST-0237,PROD-050,GEO-006,Standard Class,1,1787.89,0.0,1787.89,804.55,45.0,6
ORD-03814,20231203,CUST-0210,PROD-050,GEO-018,Standard Class,1,1765.73,0.2,1412.58,447.5,31.68,7
ORD-00180,20231203,CUST-0256,PROD-029,GEO-005,First Class,5,2696.42,0.15,11459.78,2308.91,20.15,3
ORD-00542,20231203,CUST-0106,PROD-029,GEO-015,First Class,1,2674.51,0.15,2273.33,522.75,22.99,4
ORD-00964,20231203,CUST-0106,PROD-037,GEO-015,Second Class,1,3130.21,0.15,2660.68,856.55,32.19,4
ORD-04579,20231204,CUST-0257,PROD-041,GEO-009,Second Class,1,24747.63,0.0,24747.63,5197.0,21.0,3
ORD-02856,20231204,CUST-0253,PROD-009,GEO-003,Standard Class,2,2429.92,0.0,4859.84,1699.0,34.96,6
ORD-03048,20231204,CUST-0291,PROD-035,GEO-003,First Class,2,18173.39,0.1,32712.1,4442.05,13.58,3
ORD-03617,20231205,CUST-0176,PROD-016,GEO-019,Standard Class,5,41489.09,0.1,186700.9,33680.84,18.04,6
ORD-03122,20231205,CUST-0221,PROD-014,GEO-003,Standard Class,1,438.58,0.0,438.58,234.03,53.36,6
ORD-03223,20231205,CUST-0191,PROD-045,GEO-015,Standard Class,2,9560.73,0.2,15297.17,2878.31,18.82,7
ORD-00239,20231205,CUST-0243,PROD-008,GEO-011,Standard Class,1,2222.76,0.0,2222.76,1120.27,50.4,6
ORD-01337,20231206,CUST-0255,PROD-012,GEO-011,Standard Class,4,1861.66,0.2,5957.31,2001.66,33.6,7
ORD-02937,20231206,CUST-0062,PROD-046,GEO-011,Standard Class,5,4617.36,0.05,21932.46,9430.41,43.0,5
ORD-02364,20231206,CUST-0074,PROD-004,GEO-015,Standard Class,3,2565.0,0.2,6156.0,2192.53,35.62,7
ORD-04846,20231206,CUST-0047,PROD-036,GEO-002,Second Class,1,8372.44,0.0,8372.44,1925.66,23.0,3
ORD-03759,20231206,CUST-0051,PROD-027,GEO-008,Standard Class,1,382.93,0.0,382.93,183.81,48.0,5
ORD-03432,20231206,CUST-0209,PROD-005,GEO-007,Standard Class,1,3164.21,0.0,3164.21,1202.4,38.0,6
ORD-04660,20231206,CUST-0117,PROD-034,GEO-016,Second Class,1,9848.05,0.0,9848.05,1624.93,16.5,5
ORD-04616,20231206,CUST-0067,PROD-036,GEO-016,Standard Class,3,7668.93,0.1,20706.11,4669.23,22.55,7
ORD-01476,20231206,CUST-0100,PROD-028,GEO-012,Standard Class,5,2006.22,0.0,10031.1,4213.06,42.0,6
ORD-01290,20231207,CUST-0020,PROD-038,GEO-020,Same Day,1,1188.95,0.4,713.37,127.44,17.86,0
ORD-03087,20231207,CUST-0269,PROD-027,GEO-003,Second Class,4,380.24,0.05,1444.91,580.65,40.19,4
ORD-02717,20231207,CUST-0135,PROD-020,GEO-018,Standard Class,2,1170.42,0.0,2340.84,1416.21,60.5,7
ORD-01145,20231208,CUST-0282,PROD-032,GEO-002,Standard Class,3,4315.82,0.0,12947.46,4169.08,32.2,5
ORD-01570,20231209,CUST-0211,PROD-046,GEO-007,Standard Class,4,4388.51,0.05,16676.34,6828.96,40.95,6
ORD-01796,20231209,CUST-0062,PROD-042,GEO-011,Standard Class,2,1724.36,0.0,3448.72,1448.46,42.0,7
ORD-01005,20231210,CUST-0296,PROD-019,GEO-008,Standard Class,1,4299.73,0.4,2579.84,252.82,9.8,5
ORD-04537,20231210,CUST-0252,PROD-018,GEO-015,Second Class,4,720.36,0.0,2881.44,1270.71,44.1,3
ORD-03250,20231210,CUST-0160,PROD-029,GEO-012,Standard Class,1,2685.6,0.1,2417.04,624.32,25.83,6
ORD-00849,20231210,CUST-0281,PROD-048,GEO-001,Standard Class,1,1485.05,0.0,1485.05,710.45,47.84,6
ORD-02896,20231211,CUST-0077,PROD-042,GEO-004,Second Class,1,1864.6,0.05,1771.37,593.2,33.49,4
ORD-03669,20231211,CUST-0294,PROD-033,GEO-002,First Class,1,464.91,0.05,441.66,170.09,38.51,2
ORD-03982,20231211,CUST-0053,PROD-025,GEO-014,Standard Class,2,339.22,0.1,610.6,236.58,38.75,5
ORD-02727,20231211,CUST-0219,PROD-009,GEO-020,Standard Class,1,2529.07,0.35,1643.9,254.24,15.47,6
ORD-00095,20231211,CUST-0269,PROD-018,GEO-003,Standard Class,1,772.3,0.05,733.68,257.98,35.16,7
ORD-00828,20231211,CUST-0266,PROD-049,GEO-011,Standard Class,3,1948.13,0.4,3506.63,484.54,13.82,7
ORD-00802,20231211,CUST-0135,PROD-010,GEO-018,Standard Class,2,3599.21,0.2,5758.74,2027.08,35.2,5
ORD-02439,20231211,CUST-0161,PROD-042,GEO-012,First Class,1,1723.35,0.0,1723.35,723.81,42.0,3
ORD-01111,20231212,CUST-0223,PROD-029,GEO-015,Standard Class,3,2773.9,0.25,6241.28,1081.3,17.32,7
ORD-04234,20231212,CUST-0129,PROD-035,GEO-015,First Class,1,17868.88,0.15,15188.55,2095.57,13.8,3
ORD-02551,20231212,CUST-0215,PROD-020,GEO-012,First Class,5,1145.07,0.1,5152.81,2440.12,47.36,4
ORD-04776,20231212,CUST-0094,PROD-038,GEO-008,First Class,3,1202.26,0.25,2705.08,862.92,31.9,3
ORD-03222,20231212,CUST-0149,PROD-034,GEO-020,First Class,1,10400.28,0.1,9360.25,1266.44,13.53,4
ORD-03963,20231212,CUST-0100,PROD-024,GEO-012,First Class,1,221.47,0.15,188.25,72.15,38.33,4
ORD-01367,20231212,CUST-0248,PROD-010,GEO-020,Standard Class,2,3495.25,0.0,6990.5,3844.78,55.0,6
ORD-00726,20231213,CUST-0070,PROD-001,GEO-009,Standard Class,2,5291.21,0.15,8995.06,2495.23,27.74,7
ORD-01171,20231213,CUST-0098,PROD-012,GEO-012,Standard Class,1,1743.72,0.0,1743.72,915.45,52.5,7
ORD-03774,20231213,CUST-0261,PROD-019,GEO-010,Second Class,1,4631.45,0.0,4631.45,1621.01,35.0,3
ORD-00567,20231213,CUST-0140,PROD-024,GEO-005,First Class,4,213.41,0.1,768.28,289.79,37.72,2
ORD-04397,20231214,CUST-0071,PROD-049,GEO-018,Standard Class,4,2064.71,0.1,7432.96,3151.13,42.39,7
ORD-04834,20231214,CUST-0267,PROD-003,GEO-015,Second Class,1,1833.7,0.15,1558.64,657.08,42.16,5
ORD-04631,20231214,CUST-0108,PROD-032,GEO-018,Standard Class,1,4602.98,0.35,2991.94,426.21,14.25,6
ORD-02527,20231214,CUST-0209,PROD-025,GEO-007,Standard Class,2,355.53,0.05,675.51,276.62,40.95,6
ORD-02706,20231214,CUST-0215,PROD-039,GEO-012,Standard Class,1,797.5,0.0,797.5,502.42,63.0,5
ORD-04596,20231214,CUST-0283,PROD-017,GEO-013,Standard Class,2,55223.27,0.1,99401.89,18828.7,18.94,5
ORD-04805,20231214,CUST-0244,PROD-046,GEO-005,Standard Class,1,4630.38,0.05,4398.86,1657.22,37.67,5
ORD-03627,20231215,CUST-0272,PROD-013,GEO-001,Same Day,1,184.32,0.2,147.46,47.76,32.39,0
ORD-02875,20231215,CUST-0117,PROD-031,GEO-016,Standard Class,1,918.72,0.2,734.98,269.06,36.61,7
ORD-01335,20231215,CUST-0133,PROD-015,GEO-010,Standard Class,1,1506.99,0.05,1431.64,586.26,40.95,7
ORD-04519,20231215,CUST-0174,PROD-016,GEO-020,Second Class,2,43093.14,0.0,86186.28,18960.99,22.0,5
ORD-01651,20231215,CUST-0244,PROD-016,GEO-005,First Class,2,41603.6,0.05,79046.84,13235.6,16.74,3
ORD-03259,20231216,CUST-0185,PROD-007,GEO-014,Standard Class,2,659.89,0.05,1253.79,479.2,38.22,5
ORD-04841,20231216,CUST-0036,PROD-031,GEO-005,Standard Class,2,993.37,0.25,1490.06,392.07,26.31,5
ORD-00015,20231216,CUST-0216,PROD-016,GEO-008,Standard Class,1,40198.99,0.15,34169.14,4988.69,14.6,5
ORD-02225,20231216,CUST-0127,PROD-042,GEO-008,Second Class,4,1859.64,0.1,6694.7,2195.86,32.8,4
ORD-00193,20231216,CUST-0246,PROD-033,GEO-019,Standard Class,1,428.02,0.05,406.62,187.23,46.05,6
ORD-04588,20231216,CUST-0233,PROD-048,GEO-020,Standard Class,2,1543.98,0.05,2933.56,1526.98,52.05,6
ORD-01178,20231216,CUST-0251,PROD-040,GEO-020,First Class,1,115.75,0.0,115.75,76.4,66.0,4
ORD-01442,20231217,CUST-0073,PROD-012,GEO-006,Same Day,1,1877.48,0.1,1689.73,692.79,41.0,1
ORD-01638,20231217,CUST-0299,PROD-041,GEO-010,Second Class,2,24203.05,0.0,48406.1,10165.28,21.0,3
ORD-00649,20231217,CUST-0057,PROD-030,GEO-020,Standard Class,1,601.15,0.05,571.09,217.23,38.04,6
ORD-00645,20231217,CUST-0011,PROD-020,GEO-003,Standard Class,1,1160.1,0.0,1160.1,587.01,50.6,6
ORD-02586,20231217,CUST-0052,PROD-020,GEO-009,Standard Class,2,1172.46,0.0,2344.92,1289.71,55.0,5
ORD-00058,20231218,CUST-0250,PROD-041,GEO-017,Standard Class,1,24129.76,0.0,24129.76,5573.98,23.1,7
ORD-01897,20231218,CUST-0254,PROD-004,GEO-017,Standard Class,2,2510.59,0.3,3514.83,942.61,26.82,7
ORD-04881,20231218,CUST-0240,PROD-009,GEO-002,Second Class,3,2540.54,0.15,6478.38,1653.33,25.52,4
ORD-02622,20231218,CUST-0216,PROD-023,GEO-008,Standard Class,4,3929.34,0.0,15717.36,5658.25,36.0,7
ORD-02889,20231218,CUST-0231,PROD-045,GEO-006,First Class,3,9132.73,0.05,26028.28,6632.01,25.48,2
ORD-00121,20231218,CUST-0258,PROD-035,GEO-002,Standard Class,1,17858.56,0.1,16072.7,2182.54,13.58,6
ORD-04684,20231219,CUST-0193,PROD-040,GEO-014,Same Day,1,115.17,0.05,109.41,62.73,57.33,0
ORD-02400,20231219,CUST-0037,PROD-039,GEO-009,First Class,2,790.63,0.0,1581.26,948.76,60.0,4
ORD-03768,20231219,CUST-0029,PROD-034,GEO-008,Second Class,1,10383.21,0.25,7787.41,642.46,8.25,3
ORD-04420,20231219,CUST-0099,PROD-002,GEO-018,Standard Class,1,1518.66,0.35,987.13,168.74,17.09,6
ORD-02829,20231219,CUST-0268,PROD-049,GEO-015,Standard Class,1,1969.74,0.2,1575.79,497.7,31.58,5
ORD-01977,20231219,CUST-0144,PROD-008,GEO-017,Second Class,1,2230.81,0.05,2119.27,1018.27,48.05,5
ORD-04557,20231220,CUST-0130,PROD-013,GEO-012,Second Class,4,181.39,0.05,689.28,362.23,52.55,3
ORD-04673,20231220,CUST-0098,PROD-042,GEO-012,Standard Class,3,1821.65,0.35,3552.22,552.02,15.54,6
ORD-04561,20231220,CUST-0097,PROD-016,GEO-004,Second Class,3,41562.15,0.0,124686.45,22942.31,18.4,5
ORD-02979,20231220,CUST-0223,PROD-016,GEO-015,Same Day,1,40943.91,0.0,40943.91,8598.22,21.0,0
ORD-00546,20231220,CUST-0037,PROD-002,GEO-009,Standard Class,2,1519.84,0.15,2583.73,792.17,30.66,5
ORD-04567,20231220,CUST-0189,PROD-034,GEO-011,First Class,1,10470.99,0.0,10470.99,1649.18,15.75,3
ORD-01184,20231221,CUST-0137,PROD-016,GEO-005,First Class,1,40535.92,0.05,38509.12,6447.97,16.74,2
ORD-01702,20231221,CUST-0008,PROD-046,GEO-016,First Class,3,4330.31,0.0,12990.93,6430.51,49.5,2
ORD-01967,20231222,CUST-0078,PROD-034,GEO-001,Same Day,2,9539.45,0.05,18124.96,2276.14,12.56,1
ORD-00634,20231222,CUST-0242,PROD-049,GEO-019,Second Class,2,1933.95,0.2,3094.32,1023.85,33.09,4
ORD-03941,20231222,CUST-0067,PROD-047,GEO-016,Second Class,1,3493.73,0.15,2969.67,715.4,24.09,4
ORD-03726,20231222,CUST-0033,PROD-028,GEO-006,Standard Class,1,2124.54,0.0,2124.54,849.82,40.0,6
ORD-00049,20231223,CUST-0047,PROD-003,GEO-002,Same Day,1,1821.26,0.15,1548.07,571.83,36.94,0
ORD-04545,20231223,CUST-0141,PROD-036,GEO-012,Second Class,1,7903.88,0.0,7903.88,2074.77,26.25,3
ORD-02606,20231223,CUST-0220,PROD-049,GEO-010,Standard Class,1,2092.18,0.05,1987.57,850.08,42.77,6
ORD-04458,20231223,CUST-0295,PROD-012,GEO-008,Second Class,1,1886.27,0.0,1886.27,943.14,50.0,3
ORD-04968,20231224,CUST-0185,PROD-012,GEO-014,Standard Class,4,1867.95,0.05,7098.21,3391.17,47.78,6
ORD-01587,20231224,CUST-0171,PROD-039,GEO-010,Standard Class,3,767.75,0.1,2072.93,1019.88,49.2,5
ORD-04943,20231224,CUST-0145,PROD-048,GEO-018,First Class,2,1433.12,0.0,2866.24,1639.48,57.2,4
ORD-04338,20231224,CUST-0141,PROD-029,GEO-012,First Class,1,2856.7,0.05,2713.86,777.92,28.66,3
ORD-04117,20231224,CUST-0300,PROD-045,GEO-003,Standard Class,3,9863.01,0.1,26630.13,5625.14,21.12,5
ORD-02355,20231224,CUST-0063,PROD-046,GEO-008,Standard Class,1,4456.94,0.3,3119.86,645.81,20.7,6
ORD-01415,20231225,CUST-0232,PROD-003,GEO-007,Second Class,1,1731.77,0.1,1558.59,702.92,45.1,4
ORD-04972,20231225,CUST-0179,PROD-043,GEO-004,First Class,1,6608.84,0.25,4956.63,752.41,15.18,4
ORD-03364,20231225,CUST-0019,PROD-036,GEO-013,Standard Class,1,7820.51,0.1,7038.46,1515.02,21.52,7
ORD-00995,20231225,CUST-0020,PROD-016,GEO-020,Standard Class,1,41880.83,0.2,33504.66,4717.46,14.08,7
ORD-01165,20231225,CUST-0036,PROD-022,GEO-005,Standard Class,1,22665.0,0.4,13599.0,665.59,4.89,5
ORD-03542,20231226,CUST-0058,PROD-004,GEO-008,Standard Class,4,2419.74,0.1,8711.06,3785.83,43.46,5
ORD-00243,20231226,CUST-0261,PROD-015,GEO-010,First Class,4,1454.37,0.0,5817.48,2617.87,45.0,3
ORD-01376,20231226,CUST-0142,PROD-011,GEO-012,Standard Class,3,1800.26,0.0,5400.78,2268.33,42.0,6
ORD-00326,20231226,CUST-0218,PROD-023,GEO-002,Standard Class,1,3634.64,0.15,3089.44,746.95,24.18,6
ORD-00378,20231226,CUST-0004,PROD-005,GEO-012,First Class,3,3252.8,0.2,7806.72,1993.52,25.54,4
ORD-03552,20231227,CUST-0168,PROD-006,GEO-006,Second Class,1,2187.43,0.05,2078.06,756.41,36.4,4
ORD-02159,20231227,CUST-0099,PROD-027,GEO-018,Same Day,1,378.88,0.05,359.94,172.94,48.05,1
ORD-01401,20231227,CUST-0155,PROD-037,GEO-016,Standard Class,1,3052.99,0.25,2289.74,581.82,25.41,6
ORD-02327,20231228,CUST-0257,PROD-003,GEO-009,Second Class,1,1779.85,0.0,1779.85,978.92,55.0,5
ORD-00258,20231228,CUST-0236,PROD-044,GEO-012,Standard Class,1,868.5,0.05,825.08,488.79,59.24,6
ORD-04220,20231229,CUST-0079,PROD-023,GEO-014,Standard Class,1,3884.73,0.2,3107.78,751.83,24.19,5
ORD-04218,20231229,CUST-0092,PROD-026,GEO-001,Standard Class,1,660.77,0.1,594.69,233.29,39.23,5
ORD-00778,20231229,CUST-0020,PROD-047,GEO-020,Second Class,2,3570.21,0.15,6069.36,1462.11,24.09,3
ORD-00118,20231229,CUST-0120,PROD-045,GEO-002,Standard Class,1,9256.01,0.0,9256.01,2384.35,25.76,5
ORD-01515,20231229,CUST-0256,PROD-017,GEO-005,First Class,4,55195.37,0.25,165586.11,18433.05,11.13,3
ORD-01506,20231230,CUST-0188,PROD-009,GEO-016,First Class,1,2398.76,0.1,2158.88,739.98,34.28,3
ORD-01676,20231230,CUST-0050,PROD-047,GEO-013,Standard Class,2,3375.34,0.1,6075.61,1569.33,25.83,7
ORD-03771,20231230,CUST-0025,PROD-001,GEO-019,Standard Class,1,5752.19,0.0,5752.19,2404.41,41.8,5
ORD-00512,20231230,CUST-0033,PROD-034,GEO-006,Standard Class,1,9675.22,0.0,9675.22,1451.28,15.0,6
ORD-00920,20231231,CUST-0061,PROD-042,GEO-019,Standard Class,1,1873.95,0.0,1873.95,824.54,44.0,5
ORD-04473,20231231,CUST-0212,PROD-048,GEO-002,Same Day,2,1552.49,0.15,2639.23,921.7,34.92,2
ORD-03352,20231231,CUST-0172,PROD-048,GEO-019,Standard Class,4,1436.61,0.15,4884.47,2039.55,41.76,6
ORD-01504,20231231,CUST-0291,PROD-047,GEO-003,Standard Class,4,3523.38,0.25,10570.14,1604.54,15.18,6
ORD-04648,20231231,CUST-0075,PROD-042,GEO-013,Standard Class,5,1825.13,0.0,9125.65,3832.77,42.0,6
ORD-00697,20240101,CUST-0215,PROD-012,GEO-012,Standard Class,1,1854.18,0.2,1483.34,498.4,33.6,7
ORD-01047,20240101,CUST-0265,PROD-041,GEO-018,Standard Class,2,24158.39,0.2,38653.42,5714.52,14.78,5
ORD-04510,20240101,CUST-0193,PROD-030,GEO-014,Standard Class,1,583.38,0.05,554.21,201.23,36.31,6
ORD-00603,20240102,CUST-0062,PROD-023,GEO-011,Second Class,2,3692.71,0.0,7385.42,2791.69,37.8,4
ORD-02776,20240102,CUST-0016,PROD-004,GEO-010,First Class,2,2439.47,0.0,4878.94,2585.84,53.0,2
ORD-01354,20240102,CUST-0285,PROD-034,GEO-004,Second Class,1,9682.92,0.0,9682.92,1336.24,13.8,3
ORD-02218,20240103,CUST-0067,PROD-022,GEO-016,Standard Class,3,21795.13,0.35,42500.5,3286.57,7.73,6
ORD-02502,20240103,CUST-0094,PROD-016,GEO-008,First Class,1,42405.98,0.1,38165.38,6259.12,16.4,3
ORD-04918,20240103,CUST-0107,PROD-035,GEO-009,Standard Class,1,18165.86,0.3,12716.1,1052.89,8.28,5
ORD-00930,20240105,CUST-0202,PROD-021,GEO-003,Same Day,2,3310.41,0.2,5296.66,1091.53,20.61,2
ORD-03480,20240105,CUST-0051,PROD-047,GEO-008,Second Class,3,3631.15,0.15,9259.43,2027.82,21.9,3
ORD-02822,20240106,CUST-0189,PROD-017,GEO-011,Standard Class,2,54657.9,0.2,87452.64,12929.0,14.78,5
ORD-00323,20240106,CUST-0092,PROD-029,GEO-001,Standard Class,5,2785.61,0.05,13231.65,3323.26,25.12,6
ORD-02058,20240106,CUST-0126,PROD-019,GEO-001,Standard Class,4,4337.79,0.2,13880.93,2860.58,20.61,6
ORD-00303,20240106,CUST-0242,PROD-025,GEO-019,Second Class,1,335.38,0.0,335.38,166.01,49.5,5
ORD-03130,20240107,CUST-0277,PROD-017,GEO-016,Standard Class,2,56495.94,0.1,101692.69,20179.9,19.84,5
ORD-00344,20240107,CUST-0095,PROD-046,GEO-013,Standard Class,4,4573.71,0.0,18294.84,8644.31,47.25,6
ORD-03229,20240107,CUST-0049,PROD-047,GEO-003,Standard Class,1,3357.62,0.15,2853.98,575.02,20.15,6
ORD-02075,20240108,CUST-0202,PROD-016,GEO-003,First Class,1,39958.72,0.0,39958.72,7352.4,18.4,2
ORD-00910,20240108,CUST-0086,PROD-050,GEO-007,Standard Class,1,1729.56,0.2,1383.65,398.49,28.8,7
ORD-03707,20240108,CUST-0127,PROD-008,GEO-008,First Class,1,2209.12,0.25,1656.84,437.41,26.4,4
ORD-03721,20240109,CUST-0159,PROD-039,GEO-011,Standard Class,4,761.12,0.1,2740.03,1415.49,51.66,7
ORD-04518,20240110,CUST-0124,PROD-021,GEO-011,Second Class,1,3266.74,0.15,2776.73,744.92,26.83,5
ORD-02488,20240111,CUST-0128,PROD-041,GEO-010,Standard Class,2,25620.22,0.25,38430.33,4438.7,11.55,5
ORD-02288,20240111,CUST-0106,PROD-023,GEO-015,Second Class,2,3721.19,0.15,6326.02,1745.6,27.59,3
ORD-03628,20240112,CUST-0186,PROD-004,GEO-018,Standard Class,2,2569.5,0.05,4882.05,2590.07,53.05,5
ORD-00111,20240112,CUST-0260,PROD-044,GEO-010,Standard Class,1,824.94,0.25,618.71,210.98,34.1,7
ORD-00954,20240112,CUST-0279,PROD-008,GEO-001,Standard Class,1,2092.64,0.25,1569.48,381.19,24.29,6
ORD-01502,20240113,CUST-0036,PROD-001,GEO-005,Standard Class,3,5236.5,0.0,15709.5,5492.04,34.96,5
ORD-04536,20240113,CUST-0296,PROD-024,GEO-008,Same Day,1,225.79,0.15,191.92,70.05,36.5,1
ORD-01218,20240113,CUST-0164,PROD-028,GEO-007,Second Class,2,2113.64,0.0,4227.28,1690.91,40.0,5
ORD-04052,20240114,CUST-0175,PROD-008,GEO-001,Second Class,2,2119.25,0.0,4238.5,1871.72,44.16,5
ORD-01983,20240115,CUST-0267,PROD-046,GEO-015,Same Day,1,4682.86,0.1,4214.57,1632.94,38.75,1
ORD-02026,20240116,CUST-0174,PROD-012,GEO-020,First Class,3,1860.79,0.0,5582.37,3070.3,55.0,2
ORD-00877,20240116,CUST-0105,PROD-047,GEO-001,Standard Class,4,3596.43,0.0,14385.72,3970.46,27.6,5
ORD-03390,20240117,CUST-0169,PROD-022,GEO-016,Second Class,3,23024.12,0.2,55257.89,7391.3,13.38,4
ORD-01056,20240117,CUST-0004,PROD-038,GEO-012,Standard Class,5,1192.7,0.25,4472.62,1498.11,33.5,5
ORD-04189,20240117,CUST-0012,PROD-046,GEO-010,First Class,1,4499.52,0.05,4274.54,1750.42,40.95,3
ORD-02654,20240117,CUST-0084,PROD-016,GEO-018,Standard Class,1,43471.9,0.3,30430.33,3079.55,10.12,5
ORD-04764,20240118,CUST-0197,PROD-042,GEO-002,Standard Class,2,1819.56,0.3,2547.38,431.22,16.93,5
ORD-04410,20240118,CUST-0208,PROD-041,GEO-007,Standard Class,1,25661.29,0.0,25661.29,5388.87,21.0,5
ORD-01267,20240119,CUST-0230,PROD-034,GEO-004,Standard Class,2,10139.37,0.1,18250.87,2065.27,11.32,5
ORD-04363,20240119,CUST-0159,PROD-029,GEO-011,Standard Class,1,2919.61,0.2,2335.69,470.87,20.16,7
ORD-00491,20240119,CUST-0188,PROD-038,GEO-016,Standard Class,1,1250.1,0.05,1187.59,689.49,58.06,5
ORD-03483,20240120,CUST-0052,PROD-023,GEO-009,Standard Class,3,3719.84,0.1,10043.57,2964.86,29.52,7
ORD-00869,20240120,CUST-0258,PROD-010,GEO-002,Same Day,3,3571.76,0.0,10715.28,4929.03,46.0,2
ORD-00393,20240121,CUST-0144,PROD-001,GEO-017,Second Class,4,5558.9,0.05,21123.82,8035.08,38.04,5
ORD-01161,20240121,CUST-0151,PROD-038,GEO-013,Standard Class,1,1155.2,0.25,866.4,290.2,33.49,7
ORD-03155,20240122,CUST-0183,PROD-045,GEO-020,Standard Class,5,9857.14,0.25,36964.27,6261.75,16.94,6
ORD-01314,20240123,CUST-0256,PROD-049,GEO-005,Standard Class,1,2091.6,0.1,1882.44,667.45,35.46,5
ORD-02595,20240123,CUST-0029,PROD-039,GEO-008,Standard Class,1,816.98,0.1,735.28,361.76,49.2,7
ORD-04728,20240123,CUST-0091,PROD-043,GEO-016,Standard Class,1,6353.87,0.0,6353.87,2096.78,33.0,7
ORD-04758,20240124,CUST-0121,PROD-022,GEO-004,Standard Class,3,22478.02,0.05,64062.36,10190.27,15.91,6
ORD-02435,20240125,CUST-0187,PROD-003,GEO-018,Second Class,1,1832.67,0.05,1741.04,958.53,55.06,3
ORD-04960,20240125,CUST-0022,PROD-004,GEO-009,Standard Class,4,2588.86,0.1,9319.9,4050.43,43.46,5
ORD-04042,20240126,CUST-0242,PROD-043,GEO-019,Second Class,1,6338.15,0.0,6338.15,2091.58,33.0,3
ORD-02597,20240126,CUST-0053,PROD-016,GEO-014,Second Class,2,42241.58,0.0,84483.16,17741.46,21.0,4
ORD-04704,20240126,CUST-0240,PROD-012,GEO-002,Same Day,1,1854.99,0.15,1576.74,529.47,33.58,0
ORD-03209,20240128,CUST-0251,PROD-043,GEO-020,Standard Class,3,6399.26,0.15,16318.11,3931.04,24.09,6
ORD-00164,20240128,CUST-0093,PROD-047,GEO-018,Second Class,3,3370.33,0.0,10110.99,3336.63,33.0,4
ORD-03613,20240129,CUST-0135,PROD-021,GEO-018,Standard Class,1,3143.31,0.0,3143.31,1210.18,38.5,6
ORD-04535,20240129,CUST-0044,PROD-040,GEO-014,Standard Class,1,122.6,0.1,110.34,57.0,51.66,5
ORD-02996,20240129,CUST-0030,PROD-048,GEO-015,Standard Class,2,1569.57,0.05,2982.18,1481.73,49.69,7
ORD-03919,20240129,CUST-0161,PROD-034,GEO-012,Standard Class,2,9615.43,0.0,19230.86,3028.86,15.75,7
ORD-01630,20240130,CUST-0003,PROD-043,GEO-017,Second Class,3,6685.68,0.0,20057.04,6618.82,33.0,5
ORD-00669,20240130,CUST-0180,PROD-009,GEO-005,Standard Class,1,2565.14,0.05,2436.88,775.26,31.81,6
ORD-02184,20240131,CUST-0263,PROD-048,GEO-009,Standard Class,2,1491.19,0.05,2833.26,1340.7,47.32,7
ORD-02545,20240131,CUST-0039,PROD-002,GEO-006,Second Class,4,1507.34,0.15,5124.96,1571.31,30.66,5
ORD-04351,20240131,CUST-0275,PROD-017,GEO-003,First Class,1,55472.65,0.25,41604.49,4631.41,11.13,3
ORD-03309,20240201,CUST-0240,PROD-050,GEO-002,First Class,3,1824.02,0.15,4651.25,1405.7,30.22,2
ORD-03000,20240201,CUST-0105,PROD-002,GEO-001,Second Class,1,1483.82,0.1,1335.44,423.14,31.69,5
ORD-04559,20240202,CUST-0091,PROD-022,GEO-016,Second Class,1,21393.49,0.25,16045.12,1844.39,11.5,4
ORD-01318,20240202,CUST-0126,PROD-042,GEO-001,First Class,1,1801.8,0.0,1801.8,663.06,36.8,3
ORD-04418,20240203,CUST-0253,PROD-001,GEO-003,Standard Class,1,5231.0,0.3,3661.7,588.86,16.08,5
ORD-01477,20240203,CUST-0161,PROD-020,GEO-012,First Class,2,1151.24,0.1,2072.23,981.31,47.36,2
ORD-03987,20240204,CUST-0080,PROD-046,GEO-008,Second Class,3,4401.74,0.2,10564.18,3042.48,28.8,3
ORD-04215,20240204,CUST-0148,PROD-033,GEO-015,Standard Class,1,452.53,0.0,452.53,218.57,48.3,6
ORD-04886,20240204,CUST-0028,PROD-028,GEO-012,Standard Class,3,2032.3,0.3,4267.83,824.54,19.32,5
ORD-00024,20240205,CUST-0300,PROD-047,GEO-003,Standard Class,1,3588.33,0.15,3050.08,614.53,20.15,7
ORD-03616,20240206,CUST-0250,PROD-030,GEO-017,Same Day,2,588.63,0.15,1000.67,305.35,30.51,1
ORD-01244,20240206,CUST-0133,PROD-040,GEO-010,Standard Class,2,115.87,0.35,150.63,33.44,22.2,6
ORD-03012,20240208,CUST-0219,PROD-021,GEO-020,Second Class,4,3142.11,0.05,11940.02,4183.19,35.04,3
ORD-03931,20240208,CUST-0156,PROD-006,GEO-004,Standard Class,2,2118.17,0.1,3812.71,1150.52,30.18,6
ORD-01034,20240208,CUST-0047,PROD-013,GEO-002,Standard Class,3,177.47,0.2,425.93,137.94,32.39,6
ORD-02619,20240208,CUST-0215,PROD-004,GEO-012,Standard Class,1,2388.74,0.25,1791.55,548.35,30.61,6
ORD-00489,20240209,CUST-0254,PROD-016,GEO-017,Standard Class,1,42514.14,0.0,42514.14,9353.11,22.0,7
ORD-00186,20240209,CUST-0034,PROD-039,GEO-003,Second Class,1,792.75,0.35,515.29,105.24,20.42,5
ORD-01195,20240210,CUST-0162,PROD-002,GEO-006,Standard Class,1,1513.63,0.1,1362.27,469.17,34.44,6
ORD-04231,20240210,CUST-0203,PROD-003,GEO-018,First Class,1,1832.79,0.2,1466.23,567.72,38.72,4
ORD-04402,20240210,CUST-0160,PROD-030,GEO-012,Standard Class,1,588.59,0.35,382.58,56.48,14.76,7
ORD-03407,20240210,CUST-0206,PROD-043,GEO-005,Second Class,1,6305.42,0.25,4729.07,717.88,15.18,4
ORD-01198,20240210,CUST-0193,PROD-032,GEO-014,Standard Class,1,4478.5,0.3,3134.95,529.97,16.91,7
ORD-04628,20240210,CUST-0261,PROD-036,GEO-010,Second Class,1,8121.07,0.0,8121.07,2030.27,25.0,3
ORD-00625,20240211,CUST-0211,PROD-001,GEO-007,Second Class,3,5685.42,0.0,17056.26,6481.38,38.0,4
ORD-00367,20240211,CUST-0256,PROD-047,GEO-005,Standard Class,2,3576.77,0.1,6438.19,1457.09,22.63,7
ORD-02175,20240211,CUST-0131,PROD-028,GEO-019,First Class,4,2192.48,0.15,7454.43,2394.36,32.12,2
ORD-04868,20240211,CUST-0284,PROD-034,GEO-001,Standard Class,1,10372.62,0.2,8298.1,732.89,8.83,5
ORD-02548,20240211,CUST-0215,PROD-039,GEO-012,Second Class,1,826.21,0.1,743.59,384.14,51.66,5
ORD-04043,20240212,CUST-0191,PROD-028,GEO-015,Standard Class,5,2122.4,0.15,9020.2,2765.6,30.66,7
ORD-01902,20240212,CUST-0025,PROD-001,GEO-019,Second Class,2,5518.47,0.35,7174.01,1109.54,15.47,3
ORD-03004,20240213,CUST-0042,PROD-035,GEO-008,First Class,1,18155.0,0.15,15431.75,2027.73,13.14,3
ORD-03026,20240213,CUST-0188,PROD-023,GEO-016,Standard Class,1,3718.47,0.25,2788.85,607.41,21.78,6
ORD-04451,20240214,CUST-0113,PROD-008,GEO-003,Standard Class,2,2269.09,0.1,4084.36,1478.99,36.21,7
ORD-03842,20240214,CUST-0173,PROD-033,GEO-005,Standard Class,4,459.87,0.3,1287.64,250.66,19.47,5
ORD-02656,20240214,CUST-0097,PROD-020,GEO-004,Second Class,1,1220.66,0.3,854.46,198.89,23.28,3
ORD-02737,20240214,CUST-0233,PROD-030,GEO-020,Standard Class,1,606.68,0.0,606.68,253.59,41.8,6
ORD-04250,20240214,CUST-0263,PROD-001,GEO-009,First Class,3,5596.34,0.1,15110.12,4708.31,31.16,3
ORD-03422,20240215,CUST-0200,PROD-034,GEO-017,Second Class,1,9971.59,0.0,9971.59,1645.31,16.5,5
ORD-00882,20240215,CUST-0161,PROD-007,GEO-012,Standard Class,1,659.67,0.2,527.74,141.85,26.88,5
ORD-02562,20240215,CUST-0138,PROD-008,GEO-014,Second Class,4,2128.2,0.3,5958.96,1381.53,23.18,3
ORD-03860,20240216,CUST-0288,PROD-011,GEO-017,Standard Class,1,1834.81,0.15,1559.59,500.94,32.12,7
ORD-03974,20240216,CUST-0168,PROD-010,GEO-006,Standard Class,3,3621.35,0.05,10320.85,4695.99,45.5,6
ORD-04404,20240216,CUST-0153,PROD-045,GEO-008,Standard Class,1,9219.64,0.15,7836.69,1601.82,20.44,7
ORD-04646,20240217,CUST-0152,PROD-015,GEO-018,Standard Class,1,1521.15,0.05,1445.09,650.94,45.04,7
ORD-04152,20240217,CUST-0278,PROD-006,GEO-001,Standard Class,2,2160.36,0.2,3456.58,814.09,23.55,6
ORD-02729,20240217,CUST-0091,PROD-035,GEO-016,Standard Class,1,17529.71,0.0,17529.71,3470.88,19.8,7
ORD-01809,20240217,CUST-0130,PROD-039,GEO-012,Second Class,3,764.66,0.2,1835.18,739.95,40.32,4
ORD-03173,20240217,CUST-0181,PROD-001,GEO-011,Standard Class,2,5456.68,0.05,10367.69,3764.41,36.31,5
ORD-02753,20240217,CUST-0134,PROD-002,GEO-002,Second Class,2,1538.32,0.05,2922.81,1027.73,35.16,3
ORD-01569,20240217,CUST-0296,PROD-021,GEO-008,Standard Class,2,3344.3,0.05,6354.17,2023.8,31.85,5
ORD-01934,20240218,CUST-0162,PROD-045,GEO-006,Standard Class,1,9154.09,0.15,7780.98,1590.43,20.44,5
ORD-03046,20240218,CUST-0056,PROD-024,GEO-008,Standard Class,2,220.32,0.1,396.58,162.6,41.0,6
ORD-02051,20240218,CUST-0238,PROD-048,GEO-011,Standard Class,2,1537.5,0.1,2767.5,1239.06,44.77,6
ORD-03470,20240218,CUST-0139,PROD-019,GEO-001,First Class,2,4722.68,0.05,8973.09,2629.3,29.3,4
ORD-00928,20240219,CUST-0006,PROD-031,GEO-019,Standard Class,2,979.62,0.2,1567.39,573.79,36.61,7
ORD-01532,20240219,CUST-0190,PROD-038,GEO-006,Standard Class,3,1144.63,0.0,3433.89,1991.66,58.0,5
ORD-04387,20240219,CUST-0254,PROD-010,GEO-017,Standard Class,1,3376.83,0.25,2532.62,766.12,30.25,7
ORD-04754,20240219,CUST-0263,PROD-016,GEO-009,Second Class,1,42012.08,0.3,29408.46,2705.58,9.2,5
ORD-00540,20240219,CUST-0128,PROD-042,GEO-010,First Class,1,1866.85,0.0,1866.85,746.74,40.0,4
ORD-04957,20240220,CUST-0212,PROD-009,GEO-002,Same Day,2,2515.85,0.15,4276.94,1091.51,25.52,0
ORD-02642,20240221,CUST-0233,PROD-045,GEO-020,First Class,3,9588.03,0.05,27325.89,7658.9,28.03,4
ORD-00414,20240221,CUST-0182,PROD-042,GEO-020,Standard Class,2,1841.25,0.05,3498.38,1400.75,40.04,5
ORD-03211,20240222,CUST-0264,PROD-030,GEO-019,Standard Class,1,580.88,0.3,406.62,78.19,19.23,7
ORD-02151,20240222,CUST-0174,PROD-035,GEO-020,Standard Class,2,18878.77,0.2,30206.03,3827.7,12.67,5
ORD-01508,20240222,CUST-0091,PROD-003,GEO-016,Standard Class,2,1866.44,0.05,3546.24,1952.38,55.05,5
ORD-01013,20240223,CUST-0287,PROD-041,GEO-018,Second Class,2,25037.92,0.15,42564.46,7177.64,16.86,4
ORD-01409,20240223,CUST-0167,PROD-012,GEO-011,Same Day,2,1802.26,0.1,3244.07,1396.57,43.05,0
ORD-00479,20240223,CUST-0089,PROD-038,GEO-001,Standard Class,1,1255.62,0.05,1192.84,579.21,48.56,5
ORD-01074,20240224,CUST-0121,PROD-003,GEO-004,Second Class,3,1844.55,0.0,5533.65,2800.03,50.6,4
ORD-02074,20240225,CUST-0212,PROD-022,GEO-002,Standard Class,1,21118.23,0.15,17950.5,2290.55,12.76,7
ORD-04832,20240225,CUST-0218,PROD-028,GEO-002,Standard Class,1,2136.52,0.0,2136.52,786.24,36.8,7
ORD-00340,20240225,CUST-0219,PROD-050,GEO-020,Second Class,1,1760.79,0.0,1760.79,871.6,49.5,4
ORD-04871,20240226,CUST-0164,PROD-041,GEO-007,Standard Class,1,25159.01,0.1,22643.11,3899.14,17.22,6
ORD-02426,20240226,CUST-0202,PROD-004,GEO-003,First Class,2,2536.48,0.0,5072.96,2473.58,48.76,4
ORD-00610,20240226,CUST-0232,PROD-019,GEO-007,Second Class,1,4383.68,0.05,4164.5,1326.39,31.85,5
ORD-03700,20240227,CUST-0213,PROD-015,GEO-014,Second Class,4,1571.7,0.25,4715.1,1225.34,25.99,5
ORD-00889,20240227,CUST-0143,PROD-035,GEO-016,Second Class,1,17518.91,0.4,10511.35,582.75,5.54,4
ORD-04488,20240227,CUST-0232,PROD-028,GEO-007,Standard Class,1,2177.53,0.0,2177.53,871.01,40.0,7
ORD-01947,20240228,CUST-0108,PROD-050,GEO-018,Standard Class,3,1828.66,0.25,4114.49,1120.17,27.23,5
ORD-00412,20240228,CUST-0230,PROD-029,GEO-004,Standard Class,1,2699.8,0.1,2429.82,549.92,22.63,7
ORD-01741,20240228,CUST-0091,PROD-039,GEO-016,First Class,2,810.4,0.05,1539.76,924.78,60.06,4
ORD-00339,20240228,CUST-0032,PROD-035,GEO-005,Second Class,2,18452.48,0.0,36904.96,6111.46,16.56,5
ORD-01711,20240229,CUST-0148,PROD-020,GEO-015,First Class,1,1197.82,0.15,1018.15,429.23,42.16,4
ORD-00347,20240229,CUST-0214,PROD-028,GEO-015,Standard Class,1,2122.79,0.35,1379.81,214.42,15.54,7
ORD-01953,20240229,CUST-0024,PROD-035,GEO-001,Standard Class,2,17366.64,0.0,34733.28,5751.83,16.56,6
ORD-00841,20240229,CUST-0019,PROD-020,GEO-013,Second Class,1,1199.55,0.0,1199.55,692.74,57.75,5
ORD-03149,20240301,CUST-0252,PROD-006,GEO-015,Standard Class,1,2169.19,0.25,1626.89,375.82,23.1,7
ORD-04814,20240301,CUST-0270,PROD-036,GEO-011,Standard Class,2,8063.81,0.0,16127.62,4233.5,26.25,6
ORD-04656,20240302,CUST-0012,PROD-035,GEO-010,First Class,1,18032.48,0.15,15327.61,2014.05,13.14,3
ORD-00447,20240302,CUST-0266,PROD-040,GEO-011,Second Class,1,122.85,0.0,122.85,77.4,63.0,5
ORD-00831,20240302,CUST-0077,PROD-001,GEO-004,Standard Class,3,5701.53,0.2,13683.67,3061.64,22.37,7
ORD-03254,20240302,CUST-0062,PROD-010,GEO-011,First Class,2,3429.59,0.4,4115.51,604.98,14.7,3
ORD-01182,20240302,CUST-0185,PROD-036,GEO-014,Same Day,1,7640.98,0.05,7258.93,1733.98,23.89,2
ORD-02833,20240303,CUST-0181,PROD-025,GEO-011,Same Day,1,366.99,0.0,366.99,173.41,47.25,0
ORD-04922,20240303,CUST-0012,PROD-005,GEO-010,Second Class,1,3115.67,0.1,2804.1,873.76,31.16,5
ORD-00313,20240303,CUST-0030,PROD-045,GEO-015,Second Class,1,9960.44,0.1,8964.4,2161.14,24.11,4
ORD-01189,20240303,CUST-0092,PROD-019,GEO-001,First Class,2,4615.62,0.15,7846.55,1844.41,23.51,4
ORD-01830,20240303,CUST-0012,PROD-014,GEO-010,Standard Class,2,441.84,0.05,839.5,443.09,52.78,7
ORD-01157,20240303,CUST-0163,PROD-002,GEO-004,Standard Class,1,1461.52,0.0,1461.52,564.73,38.64,7
ORD-04039,20240304,CUST-0223,PROD-022,GEO-015,Same Day,1,22490.03,0.1,20241.03,3311.23,16.36,2
ORD-00104,20240304,CUST-0159,PROD-043,GEO-011,Standard Class,1,6392.88,0.0,6392.88,2013.75,31.5,6
ORD-01852,20240305,CUST-0068,PROD-042,GEO-018,First Class,2,1815.63,0.15,3086.57,991.41,32.12,2
ORD-03687,20240306,CUST-0152,PROD-031,GEO-018,First Class,2,950.01,0.25,1425.02,448.32,31.46,4
ORD-03248,20240306,CUST-0124,PROD-003,GEO-011,Second Class,1,1856.47,0.1,1670.82,791.22,47.36,4
ORD-04655,20240306,CUST-0289,PROD-003,GEO-010,Standard Class,5,1878.77,0.05,8924.16,4466.54,50.05,5
ORD-04513,20240306,CUST-0058,PROD-036,GEO-008,Standard Class,1,7686.51,0.05,7302.18,1661.25,22.75,6
ORD-01594,20240307,CUST-0035,PROD-023,GEO-015,Standard Class,1,3874.49,0.1,3487.04,1080.84,31.0,7
ORD-04975,20240308,CUST-0062,PROD-047,GEO-011,Standard Class,1,3543.09,0.05,3365.94,964.84,28.66,5
ORD-03766,20240308,CUST-0165,PROD-014,GEO-009,Second Class,1,440.83,0.35,286.54,61.49,21.46,4
ORD-03201,20240308,CUST-0049,PROD-023,GEO-003,Standard Class,1,3851.1,0.05,3658.54,1102.66,30.14,5
ORD-00043,20240308,CUST-0220,PROD-049,GEO-010,Second Class,4,1909.04,0.25,5727.12,1480.46,25.85,5
ORD-02712,20240308,CUST-0006,PROD-034,GEO-019,First Class,3,9908.27,0.1,26752.33,3619.59,13.53,4
ORD-00256,20240308,CUST-0107,PROD-022,GEO-009,Standard Class,2,22102.73,0.1,39784.91,6198.49,15.58,6
ORD-01229,20240308,CUST-0101,PROD-019,GEO-014,Standard Class,2,4542.87,0.0,9085.74,3339.01,36.75,7
ORD-02800,20240309,CUST-0120,PROD-033,GEO-002,Second Class,1,459.22,0.1,413.3,143.43,34.7,3
ORD-00483,20240309,CUST-0197,PROD-012,GEO-002,Second Class,1,1710.24,0.05,1624.73,680.11,41.86,5
ORD-00216,20240309,CUST-0264,PROD-010,GEO-019,First Class,2,3532.53,0.05,6711.81,3359.26,50.05,2
ORD-04630,20240309,CUST-0218,PROD-008,GEO-002,Standard Class,1,2130.05,0.2,1704.04,481.6,28.26,7
ORD-03959,20240310,CUST-0248,PROD-045,GEO-020,Second Class,2,9625.11,0.05,18287.71,5125.68,28.03,3
ORD-01325,20240310,CUST-0294,PROD-022,GEO-002,First Class,1,22254.22,0.1,20028.8,2870.85,14.33,2
ORD-00269,20240310,CUST-0139,PROD-024,GEO-001,Standard Class,2,210.96,0.1,379.73,143.23,37.72,7
ORD-01079,20240310,CUST-0129,PROD-017,GEO-015,Standard Class,2,56401.55,0.1,101522.79,19230.45,18.94,7
ORD-00843,20240311,CUST-0261,PROD-012,GEO-010,Standard Class,1,1809.1,0.1,1628.19,667.56,41.0,5
ORD-02433,20240311,CUST-0045,PROD-007,GEO-019,Standard Class,5,636.74,0.2,2546.96,717.22,28.16,6
ORD-03760,20240312,CUST-0270,PROD-044,GEO-011,Standard Class,2,863.26,0.0,1726.52,1123.96,65.1,7
ORD-04546,20240312,CUST-0194,PROD-023,GEO-006,Second Class,2,3664.01,0.0,7328.02,2638.09,36.0,3
ORD-01197,20240312,CUST-0124,PROD-023,GEO-011,First Class,3,3688.85,0.15,9406.57,2595.65,27.59,4
ORD-01042,20240312,CUST-0194,PROD-046,GEO-006,Standard Class,1,4483.79,0.0,4483.79,2017.71,45.0,6
ORD-03238,20240313,CUST-0135,PROD-031,GEO-018,Second Class,2,931.21,0.35,1210.57,256.2,21.16,3
ORD-00641,20240313,CUST-0291,PROD-040,GEO-003,Standard Class,5,124.77,0.0,623.85,344.37,55.2,5
ORD-00205,20240313,CUST-0173,PROD-017,GEO-005,Standard Class,3,57617.26,0.0,172851.78,34985.2,20.24,5
ORD-01450,20240313,CUST-0156,PROD-007,GEO-004,Standard Class,1,663.26,0.2,530.61,124.97,23.55,6
ORD-04465,20240314,CUST-0290,PROD-009,GEO-005,Standard Class,1,2392.32,0.0,2392.32,836.35,34.96,6
ORD-00306,20240314,CUST-0040,PROD-017,GEO-008,Standard Class,5,53860.52,0.2,215442.08,30334.24,14.08,5
ORD-03118,20240314,CUST-0025,PROD-044,GEO-019,Standard Class,1,886.88,0.1,798.19,446.38,55.92,7
ORD-03577,20240315,CUST-0091,PROD-035,GEO-016,First Class,1,17614.96,0.0,17614.96,3487.76,19.8,2
ORD-00007,20240315,CUST-0065,PROD-030,GEO-020,Standard Class,1,553.67,0.0,553.67,231.43,41.8,5
ORD-04948,20240315,CUST-0255,PROD-022,GEO-011,Standard Class,1,22743.52,0.15,19331.99,2815.42,14.56,7
ORD-00693,20240315,CUST-0138,PROD-028,GEO-014,Standard Class,2,2098.49,0.0,4196.98,1762.73,42.0,5
ORD-04971,20240316,CUST-0009,PROD-008,GEO-014,Standard Class,3,2208.48,0.3,4637.81,1075.23,23.18,6
ORD-00385,20240316,CUST-0236,PROD-046,GEO-012,Second Class,1,4280.58,0.0,4280.58,2022.57,47.25,3
ORD-00827,20240316,CUST-0296,PROD-010,GEO-008,Second Class,1,3350.46,0.25,2512.85,691.03,27.5,3
ORD-04471,20240316,CUST-0053,PROD-046,GEO-014,Standard Class,2,4604.56,0.2,7367.3,2227.87,30.24,5
ORD-03401,20240316,CUST-0181,PROD-037,GEO-011,Standard Class,1,3305.42,0.0,3305.42,1457.69,44.1,6
ORD-02924,20240317,CUST-0279,PROD-007,GEO-001,Standard Class,1,650.84,0.15,553.21,148.62,26.87,6
ORD-01308,20240317,CUST-0172,PROD-008,GEO-019,Standard Class,2,2302.96,0.0,4605.92,2431.92,52.8,7
ORD-02314,20240317,CUST-0198,PROD-034,GEO-001,Standard Class,1,10129.67,0.1,9116.7,1031.64,11.32,5
ORD-03541,20240317,CUST-0039,PROD-004,GEO-006,Second Class,1,2594.08,0.15,2204.97,853.1,38.69,3
ORD-01632,20240317,CUST-0076,PROD-038,GEO-010,Standard Class,1,1179.6,0.3,825.72,220.3,26.68,7
ORD-03084,20240317,CUST-0115,PROD-042,GEO-005,First Class,3,1842.88,0.05,5252.21,1758.86,33.49,4
ORD-02138,20240318,CUST-0297,PROD-042,GEO-015,Standard Class,1,1832.11,0.25,1374.08,317.42,23.1,6
ORD-01779,20240318,CUST-0223,PROD-017,GEO-015,First Class,4,56854.71,0.2,181935.07,26897.28,14.78,4
ORD-03538,20240318,CUST-0009,PROD-020,GEO-014,Standard Class,3,1143.95,0.15,2917.07,1229.76,42.16,6
ORD-00390,20240318,CUST-0170,PROD-019,GEO-003,Standard Class,3,4326.72,0.1,11682.14,3084.55,26.4,5
ORD-03282,20240319,CUST-0045,PROD-009,GEO-019,Standard Class,5,2495.31,0.1,11228.9,3848.82,34.28,6
ORD-03204,20240319,CUST-0268,PROD-020,GEO-015,Standard Class,2,1211.34,0.0,2422.68,1399.09,57.75,5
ORD-00047,20240319,CUST-0074,PROD-005,GEO-015,First Class,5,3286.08,0.1,14787.36,4838.13,32.72,4
ORD-04286,20240319,CUST-0215,PROD-045,GEO-012,Standard Class,4,9068.19,0.15,30831.85,6617.13,21.46,6
ORD-00570,20240320,CUST-0256,PROD-002,GEO-005,Standard Class,2,1493.15,0.2,2389.04,590.8,24.73,5
ORD-01162,20240320,CUST-0098,PROD-004,GEO-012,Standard Class,1,2610.94,0.0,2610.94,1452.99,55.65,5
ORD-02915,20240320,CUST-0153,PROD-012,GEO-008,Standard Class,1,1849.36,0.15,1571.96,573.77,36.5,7
ORD-02467,20240321,CUST-0194,PROD-041,GEO-006,Standard Class,1,25546.97,0.1,22992.27,3959.27,17.22,7
ORD-01835,20240321,CUST-0088,PROD-001,GEO-005,Standard Class,4,5730.01,0.0,22920.04,8012.85,34.96,5
ORD-02204,20240321,CUST-0012,PROD-028,GEO-010,Second Class,1,2193.89,0.05,2084.2,758.65,36.4,3
ORD-00282,20240322,CUST-0153,PROD-021,GEO-008,Standard Class,1,3248.06,0.1,2923.25,838.97,28.7,7
ORD-03450,20240322,CUST-0082,PROD-024,GEO-001,Second Class,1,221.02,0.2,176.82,52.05,29.44,5
ORD-01758,20240322,CUST-0217,PROD-037,GEO-002,Standard Class,5,3235.89,0.0,16179.45,6251.74,38.64,7
ORD-00288,20240322,CUST-0152,PROD-046,GEO-018,First Class,1,4461.36,0.05,4238.29,1909.14,45.05,4
ORD-02055,20240323,CUST-0156,PROD-026,GEO-004,Second Class,1,707.6,0.05,672.22,292.64,43.53,4
ORD-03979,20240323,CUST-0290,PROD-044,GEO-005,Standard Class,2,839.11,0.15,1426.49,593.98,41.64,5
ORD-02682,20240324,CUST-0064,PROD-001,GEO-007,Standard Class,1,5663.12,0.35,3681.03,517.55,14.06,6
ORD-03369,20240324,CUST-0269,PROD-050,GEO-003,Second Class,2,1862.87,0.1,3353.17,1138.33,33.95,4
ORD-03297,20240324,CUST-0276,PROD-037,GEO-006,Standard Class,1,3198.18,0.1,2878.36,991.31,34.44,5
ORD-00821,20240324,CUST-0248,PROD-012,GEO-020,Standard Class,1,1888.11,0.05,1793.7,897.74,50.05,7
ORD-00770,20240325,CUST-0210,PROD-035,GEO-018,Second Class,1,18503.68,0.15,15728.13,2273.35,14.45,4
ORD-02635,20240325,CUST-0007,PROD-028,GEO-003,Standard Class,1,2093.96,0.05,1989.26,666.16,33.49,6
ORD-04267,20240325,CUST-0215,PROD-003,GEO-012,First Class,2,1758.75,0.0,3517.5,2031.36,57.75,2
ORD-01927,20240325,CUST-0151,PROD-017,GEO-013,First Class,1,53919.31,0.0,53919.31,12455.36,23.1,3
ORD-03916,20240325,CUST-0034,PROD-047,GEO-003,Standard Class,1,3347.04,0.1,3012.34,681.76,22.63,6
ORD-03795,20240327,CUST-0146,PROD-009,GEO-020,Standard Class,1,2474.14,0.0,2474.14,1034.19,41.8,6
ORD-01829,20240327,CUST-0194,PROD-017,GEO-006,Standard Class,1,54867.48,0.05,52124.11,10435.25,20.02,5
ORD-01583,20240327,CUST-0236,PROD-040,GEO-012,Standard Class,1,118.55,0.1,106.7,55.12,51.66,7
ORD-05000,20240328,CUST-0246,PROD-025,GEO-019,Standard Class,1,355.75,0.05,337.96,152.23,45.04,6
ORD-01358,20240328,CUST-0085,PROD-003,GEO-006,Standard Class,2,1725.44,0.05,3278.34,1640.81,50.05,7
ORD-00871,20240328,CUST-0299,PROD-003,GEO-010,Standard Class,1,1779.01,0.2,1423.21,500.97,35.2,7
ORD-03501,20240328,CUST-0108,PROD-031,GEO-018,Same Day,1,993.46,0.0,993.46,568.26,57.2,2
ORD-02174,20240329,CUST-0194,PROD-047,GEO-006,Standard Class,1,3355.09,0.1,3019.58,742.82,24.6,5
ORD-03132,20240329,CUST-0145,PROD-026,GEO-018,First Class,1,650.05,0.1,585.04,274.41,46.9,3
ORD-00700,20240329,CUST-0258,PROD-049,GEO-002,Second Class,1,2013.59,0.0,2013.59,870.68,43.24,5
ORD-02423,20240329,CUST-0153,PROD-009,GEO-008,Second Class,1,2410.7,0.35,1566.96,220.31,14.06,3
ORD-03052,20240329,CUST-0173,PROD-050,GEO-005,First Class,4,1873.39,0.25,5620.17,1279.71,22.77,3
ORD-01072,20240329,CUST-0093,PROD-015,GEO-018,Standard Class,3,1519.25,0.3,3190.42,726.46,22.77,5
ORD-02028,20240330,CUST-0013,PROD-041,GEO-005,Standard Class,2,24611.07,0.05,46761.03,8221.15,17.58,7
ORD-04200,20240330,CUST-0200,PROD-010,GEO-017,Standard Class,1,3468.97,0.05,3295.52,1649.41,50.05,6
ORD-00417,20240330,CUST-0125,PROD-031,GEO-003,First Class,4,932.79,0.05,3544.6,1543.12,43.53,4
ORD-02757,20240330,CUST-0041,PROD-007,GEO-011,Standard Class,5,629.65,0.0,3148.25,1322.26,42.0,6
ORD-00682,20240330,CUST-0202,PROD-038,GEO-003,First Class,1,1255.6,0.0,1255.6,669.99,53.36,4
ORD-01745,20240331,CUST-0277,PROD-011,GEO-016,Standard Class,1,1803.18,0.05,1713.02,685.89,40.04,6
ORD-00251,20240401,CUST-0017,PROD-021,GEO-001,Same Day,3,3112.99,0.25,7004.23,1240.45,17.71,2
ORD-00295,20240401,CUST-0299,PROD-024,GEO-010,Standard Class,4,226.31,0.3,633.67,145.74,23.0,5
ORD-04781,20240401,CUST-0280,PROD-047,GEO-009,Second Class,5,3490.31,0.15,14833.82,3248.61,21.9,3
ORD-04214,20240401,CUST-0027,PROD-008,GEO-018,Standard Class,3,2154.78,0.15,5494.69,2117.87,38.54,7
ORD-00894,20240401,CUST-0252,PROD-002,GEO-015,Same Day,1,1476.84,0.15,1255.31,404.12,32.19,2
ORD-00501,20240401,CUST-0149,PROD-029,GEO-020,Second Class,4,2806.01,0.3,7856.83,1192.66,15.18,4
ORD-00068,20240402,CUST-0220,PROD-037,GEO-010,Standard Class,1,3160.73,0.0,3160.73,1327.51,42.0,6
ORD-03379,20240402,CUST-0192,PROD-023,GEO-003,Standard Class,1,3666.48,0.05,3483.16,1049.79,30.14,6
ORD-02803,20240403,CUST-0039,PROD-037,GEO-006,Standard Class,2,3288.31,0.05,6247.79,2387.91,38.22,7
ORD-03543,20240403,CUST-0045,PROD-014,GEO-019,Second Class,3,436.86,0.15,1113.99,518.83,46.57,4
ORD-01574,20240403,CUST-0077,PROD-036,GEO-004,Standard Class,2,7755.84,0.05,14736.1,3084.26,20.93,5
ORD-03746,20240404,CUST-0192,PROD-022,GEO-003,Second Class,2,20904.58,0.0,41809.16,7308.24,17.48,3
ORD-03730,20240404,CUST-0207,PROD-036,GEO-007,Same Day,2,8000.43,0.1,14400.77,2952.16,20.5,2
ORD-04989,20240404,CUST-0139,PROD-002,GEO-001,Second Class,1,1439.26,0.05,1367.3,480.77,35.16,3
ORD-04642,20240404,CUST-0147,PROD-050,GEO-002,Standard Class,2,1776.06,0.1,3196.91,1085.29,33.95,5
ORD-03347,20240405,CUST-0066,PROD-037,GEO-007,Standard Class,1,3194.72,0.2,2555.78,686.99,26.88,7
ORD-01500,20240405,CUST-0201,PROD-029,GEO-007,Standard Class,1,2733.77,0.0,2733.77,820.13,30.0,5
ORD-00477,20240405,CUST-0071,PROD-033,GEO-018,Standard Class,1,442.68,0.05,420.55,193.64,46.04,6
ORD-01623,20240405,CUST-0163,PROD-011,GEO-004,Standard Class,1,1734.03,0.05,1647.33,551.66,33.49,5
ORD-01037,20240405,CUST-0207,PROD-041,GEO-007,First Class,1,25482.3,0.15,21659.96,3320.47,15.33,2
ORD-03540,20240405,CUST-0145,PROD-030,GEO-018,Second Class,2,598.65,0.15,1017.7,310.54,30.51,4
ORD-01041,20240405,CUST-0276,PROD-022,GEO-006,Standard Class,1,21582.52,0.1,19424.27,3026.3,15.58,6
ORD-01589,20240406,CUST-0278,PROD-021,GEO-001,Second Class,1,3146.54,0.05,2989.21,875.9,29.3,3
ORD-02994,20240406,CUST-0274,PROD-019,GEO-005,Standard Class,2,4310.96,0.0,8621.92,2776.26,32.2,5
ORD-01823,20240407,CUST-0161,PROD-021,GEO-012,Standard Class,3,3189.7,0.0,9569.1,3516.64,36.75,5
ORD-03665,20240407,CUST-0051,PROD-021,GEO-008,Second Class,1,3347.06,0.1,3012.35,864.54,28.7,3
ORD-00637,20240407,CUST-0113,PROD-043,GEO-003,Standard Class,1,6554.07,0.25,4915.55,746.18,15.18,6
ORD-03240,20240407,CUST-0170,PROD-049,GEO-003,Standard Class,1,2077.29,0.0,2077.29,898.22,43.24,7
ORD-04486,20240407,CUST-0118,PROD-020,GEO-005,First Class,1,1156.48,0.0,1156.48,585.18,50.6,3
ORD-04785,20240407,CUST-0086,PROD-005,GEO-007,Second Class,1,3196.45,0.25,2397.34,501.04,20.9,3
ORD-01213,20240408,CUST-0020,PROD-048,GEO-020,Standard Class,1,1493.32,0.05,1418.65,738.44,52.05,6
ORD-04400,20240408,CUST-0094,PROD-040,GEO-008,Standard Class,2,124.16,0.0,248.32,148.99,60.0,5
ORD-02375,20240408,CUST-0115,PROD-009,GEO-005,Standard Class,1,2541.09,0.35,1651.71,213.65,12.94,7
ORD-01086,20240409,CUST-0102,PROD-019,GEO-014,Second Class,1,4690.68,0.0,4690.68,1723.83,36.75,5
ORD-04417,20240409,CUST-0140,PROD-046,GEO-005,Standard Class,1,4370.91,0.3,3059.64,582.68,19.04,7
ORD-01777,20240409,CUST-0096,PROD-046,GEO-015,Standard Class,1,4590.94,0.15,3902.3,1346.01,34.49,6
ORD-04864,20240409,CUST-0080,PROD-042,GEO-008,Second Class,1,1786.95,0.05,1697.6,617.93,36.4,5
ORD-03604,20240410,CUST-0265,PROD-035,GEO-018,Second Class,5,17388.48,0.15,73901.04,10681.66,14.45,4
ORD-04403,20240410,CUST-0282,PROD-044,GEO-002,Standard Class,1,891.23,0.1,802.11,375.17,46.77,7
ORD-04060,20240410,CUST-0113,PROD-037,GEO-003,Standard Class,1,3350.61,0.3,2345.43,416.89,17.77,6
ORD-04870,20240411,CUST-0126,PROD-023,GEO-001,First Class,1,3652.94,0.1,3287.65,892.87,27.16,4
ORD-02748,20240411,CUST-0027,PROD-035,GEO-018,Second Class,1,17342.77,0.1,15608.49,2534.19,16.24,4
ORD-00336,20240411,CUST-0164,PROD-047,GEO-007,Same Day,1,3619.68,0.25,2714.76,447.94,16.5,2
ORD-01463,20240411,CUST-0108,PROD-047,GEO-018,Standard Class,4,3410.85,0.05,12961.23,3892.26,30.03,7
ORD-01374,20240411,CUST-0012,PROD-006,GEO-010,Standard Class,1,2143.19,0.0,2143.19,857.28,40.0,6
ORD-01014,20240411,CUST-0158,PROD-003,GEO-006,Same Day,1,1740.68,0.2,1392.54,490.17,35.2,1
ORD-02885,20240411,CUST-0126,PROD-036,GEO-001,Second Class,1,8332.41,0.0,8332.41,1916.45,23.0,5
ORD-00506,20240411,CUST-0073,PROD-045,GEO-006,First Class,1,9052.71,0.05,8600.07,2191.3,25.48,4
ORD-00670,20240412,CUST-0246,PROD-046,GEO-019,Standard Class,1,4724.8,0.1,4252.32,1726.02,40.59,7
ORD-00315,20240412,CUST-0112,PROD-017,GEO-010,First Class,2,56280.41,0.2,90048.66,12678.85,14.08,2
ORD-01451,20240412,CUST-0243,PROD-049,GEO-011,Same Day,2,2026.12,0.05,3849.63,1728.81,44.91,0
ORD-00039,20240412,CUST-0054,PROD-023,GEO-013,Standard Class,1,3786.21,0.0,3786.21,1431.19,37.8,7
ORD-01613,20240413,CUST-0211,PROD-047,GEO-007,First Class,1,3505.99,0.05,3330.69,909.28,27.3,3
ORD-04320,20240414,CUST-0164,PROD-022,GEO-007,Second Class,1,21092.19,0.0,21092.19,4007.52,19.0,3
ORD-00952,20240414,CUST-0298,PROD-049,GEO-018,Second Class,1,1969.4,0.1,1772.46,751.42,42.39,4
ORD-01519,20240415,CUST-0077,PROD-048,GEO-004,Standard Class,3,1498.59,0.05,4270.98,1859.35,43.53,5
ORD-02892,20240415,CUST-0022,PROD-010,GEO-009,Second Class,2,3333.76,0.15,5667.39,2068.6,36.5,5
ORD-01445,20240415,CUST-0277,PROD-049,GEO-016,Standard Class,2,1970.97,0.15,3350.65,1264.57,37.74,6
ORD-01573,20240415,CUST-0223,PROD-042,GEO-015,Same Day,1,1777.74,0.1,1599.97,551.03,34.44,0
ORD-04883,20240415,CUST-0071,PROD-019,GEO-018,Standard Class,2,4447.99,0.0,8895.98,3424.95,38.5,7
ORD-00081,20240415,CUST-0289,PROD-042,GEO-010,Standard Class,1,1721.41,0.0,1721.41,688.56,40.0,6
ORD-04045,20240416,CUST-0090,PROD-027,GEO-016,Standard Class,1,392.12,0.2,313.7,106.01,33.79,6
ORD-03479,20240418,CUST-0300,PROD-022,GEO-003,Standard Class,4,21038.63,0.05,79946.79,12716.98,15.91,6
ORD-01268,20240418,CUST-0071,PROD-006,GEO-018,Standard Class,2,2188.96,0.0,4377.92,1926.29,44.0,7
ORD-04153,20240419,CUST-0237,PROD-008,GEO-006,Standard Class,1,2221.67,0.05,2110.59,921.91,43.68,7
ORD-00439,20240420,CUST-0246,PROD-019,GEO-019,Standard Class,3,4505.07,0.05,12839.45,4498.3,35.03,6
ORD-01533,20240420,CUST-0125,PROD-008,GEO-003,First Class,1,2221.63,0.05,2110.55,848.14,40.19,2
ORD-04112,20240420,CUST-0095,PROD-048,GEO-013,Standard Class,1,1528.29,0.25,1146.22,344.21,30.03,6
ORD-00150,20240420,CUST-0054,PROD-047,GEO-013,Second Class,1,3332.44,0.25,2499.33,433.01,17.33,5
ORD-03082,20240421,CUST-0194,PROD-008,GEO-006,Standard Class,1,2210.93,0.1,1989.84,783.2,39.36,5
ORD-00988,20240421,CUST-0074,PROD-015,GEO-015,Standard Class,2,1480.24,0.0,2960.48,1398.83,47.25,5
ORD-01997,20240421,CUST-0265,PROD-010,GEO-018,Standard Class,4,3363.15,0.2,10762.08,3788.26,35.2,5
ORD-04688,20240421,CUST-0101,PROD-005,GEO-014,Second Class,3,3302.88,0.05,9413.21,3417.84,36.31,4
ORD-01246,20240422,CUST-0193,PROD-019,GEO-014,Same Day,3,4653.73,0.05,13263.13,4435.53,33.44,2
ORD-02826,20240423,CUST-0071,PROD-021,GEO-018,Second Class,1,3068.25,0.1,2761.42,871.78,31.57,4
ORD-02129,20240423,CUST-0160,PROD-028,GEO-012,Second Class,1,2066.29,0.05,1962.98,750.25,38.22,5
ORD-03855,20240423,CUST-0162,PROD-011,GEO-006,Standard Class,3,1849.53,0.05,5271.16,1918.7,36.4,6
ORD-01871,20240423,CUST-0109,PROD-019,GEO-009,Standard Class,1,4508.75,0.0,4508.75,1578.06,35.0,5
ORD-00225,20240423,CUST-0111,PROD-020,GEO-016,Standard Class,1,1258.4,0.0,1258.4,761.33,60.5,6
ORD-00890,20240424,CUST-0083,PROD-017,GEO-014,Standard Class,1,56663.21,0.05,53830.05,11315.62,21.02,6
ORD-00364,20240424,CUST-0284,PROD-037,GEO-001,Standard Class,2,3322.37,0.0,6644.74,2567.53,38.64,7
ORD-01799,20240425,CUST-0169,PROD-037,GEO-016,Standard Class,2,3343.59,0.1,6018.46,2280.04,37.88,7
ORD-03455,20240425,CUST-0076,PROD-032,GEO-010,First Class,2,4481.61,0.0,8963.22,3137.13,35.0,2
ORD-02541,20240425,CUST-0108,PROD-016,GEO-018,Same Day,4,39942.38,0.05,151781.04,30386.56,20.02,1
ORD-02063,20240426,CUST-0109,PROD-024,GEO-009,Standard Class,1,217.57,0.05,206.69,94.04,45.5,7
ORD-01559,20240426,CUST-0242,PROD-020,GEO-019,First Class,2,1203.88,0.35,1565.04,350.34,22.39,3
ORD-04090,20240427,CUST-0130,PROD-004,GEO-012,Same Day,1,2492.7,0.05,2368.06,1199.23,50.64,0
ORD-03296,20240427,CUST-0019,PROD-028,GEO-013,Standard Class,4,2061.03,0.05,7831.91,2993.36,38.22,6
ORD-04987,20240427,CUST-0135,PROD-019,GEO-018,Second Class,1,4699.63,0.05,4464.65,1564.19,35.03,3
ORD-00921,20240427,CUST-0033,PROD-048,GEO-006,Standard Class,1,1563.91,0.05,1485.71,703.04,47.32,5
ORD-01926,20240427,CUST-0231,PROD-046,GEO-006,Standard Class,5,4677.06,0.2,18708.24,5387.97,28.8,5
ORD-03643,20240428,CUST-0064,PROD-008,GEO-007,Standard Class,4,2270.82,0.25,6812.46,1798.49,26.4,7
ORD-00615,20240428,CUST-0299,PROD-021,GEO-010,Standard Class,1,3300.78,0.15,2805.66,716.85,25.55,6
ORD-02132,20240429,CUST-0266,PROD-008,GEO-011,First Class,2,2277.65,0.1,4099.77,1694.35,41.33,4
ORD-04835,20240429,CUST-0198,PROD-011,GEO-001,Standard Class,3,1872.77,0.0,5618.31,2067.53,36.8,7
ORD-04445,20240429,CUST-0034,PROD-047,GEO-003,Standard Class,1,3587.25,0.05,3407.89,855.92,25.12,6
ORD-00035,20240429,CUST-0031,PROD-029,GEO-020,Standard Class,1,2807.76,0.25,2105.82,382.21,18.15,7
ORD-02792,20240430,CUST-0130,PROD-041,GEO-012,First Class,4,23954.92,0.0,95819.68,21128.24,22.05,3
ORD-02195,20240430,CUST-0265,PROD-022,GEO-018,Standard Class,2,21205.31,0.0,42410.62,8863.82,20.9,7
ORD-04585,20240430,CUST-0132,PROD-048,GEO-017,Standard Class,1,1458.57,0.0,1458.57,834.31,57.2,6
ORD-01909,20240501,CUST-0161,PROD-011,GEO-012,First Class,1,1730.77,0.15,1471.15,451.06,30.66,4
ORD-03920,20240501,CUST-0117,PROD-017,GEO-016,Second Class,2,53990.61,0.25,80985.92,10779.23,13.31,3
ORD-03239,20240501,CUST-0268,PROD-036,GEO-015,Standard Class,1,7677.64,0.05,7293.76,1742.3,23.89,7
ORD-04676,20240501,CUST-0124,PROD-019,GEO-011,Standard Class,1,4294.1,0.25,3220.58,650.96,20.21,6
ORD-03725,20240501,CUST-0184,PROD-016,GEO-009,Standard Class,2,40952.11,0.0,81904.22,16380.84,20.0,5
ORD-03116,20240502,CUST-0261,PROD-016,GEO-010,First Class,1,40838.16,0.0,40838.16,8167.63,20.0,3
ORD-03389,20240502,CUST-0236,PROD-049,GEO-012,Standard Class,1,2001.16,0.0,2001.16,987.58,49.35,6
ORD-00969,20240502,CUST-0188,PROD-016,GEO-016,Standard Class,2,41606.95,0.2,66571.12,9373.21,14.08,7
ORD-04408,20240503,CUST-0049,PROD-009,GEO-003,Same Day,1,2594.61,0.25,1945.96,374.17,19.23,0
ORD-03915,20240503,CUST-0164,PROD-042,GEO-007,Second Class,1,1756.91,0.05,1669.06,607.54,36.4,4
ORD-02002,20240503,CUST-0207,PROD-029,GEO-007,Second Class,1,2746.65,0.25,2059.99,339.9,16.5,5
ORD-04985,20240503,CUST-0229,PROD-011,GEO-010,Same Day,1,1816.91,0.2,1453.53,372.1,25.6,1
ORD-00013,20240504,CUST-0122,PROD-001,GEO-002,Standard Class,1,5742.81,0.1,5168.53,1481.67,28.67,6
ORD-02539,20240504,CUST-0186,PROD-049,GEO-018,First Class,1,1976.7,0.0,1976.7,1021.96,51.7,4
ORD-04722,20240504,CUST-0252,PROD-008,GEO-015,Standard Class,2,2253.95,0.1,4057.11,1676.72,41.33,7
ORD-03486,20240504,CUST-0100,PROD-042,GEO-012,First Class,1,1820.6,0.1,1638.54,564.31,34.44,4
ORD-00537,20240505,CUST-0064,PROD-036,GEO-007,Standard Class,2,8037.14,0.2,12859.42,2057.51,16.0,7
ORD-03112,20240505,CUST-0094,PROD-009,GEO-008,Standard Class,1,2498.65,0.0,2498.65,949.49,38.0,7
ORD-04241,20240507,CUST-0231,PROD-035,GEO-006,Standard Class,3,18597.76,0.0,55793.28,10042.79,18.0,7
ORD-04411,20240508,CUST-0082,PROD-006,GEO-001,Standard Class,4,2252.71,0.25,6758.13,1367.85,20.24,7
ORD-00979,20240508,CUST-0108,PROD-003,GEO-018,Standard Class,3,1746.86,0.25,3930.44,1307.86,33.28,5
ORD-03713,20240508,CUST-0255,PROD-021,GEO-011,Standard Class,1,3278.66,0.0,3278.66,1204.91,36.75,6
ORD-04746,20240508,CUST-0286,PROD-032,GEO-007,Standard Class,1,4708.14,0.0,4708.14,1647.85,35.0,7
ORD-04340,20240508,CUST-0233,PROD-045,GEO-020,Standard Class,2,9381.0,0.2,15009.6,2958.69,19.71,7
ORD-01524,20240508,CUST-0088,PROD-021,GEO-005,Standard Class,1,3171.51,0.0,3171.51,1021.23,32.2,5
ORD-03661,20240509,CUST-0114,PROD-039,GEO-014,Standard Class,1,786.01,0.15,668.11,307.26,45.99,6
ORD-02808,20240509,CUST-0168,PROD-023,GEO-006,Same Day,5,3783.9,0.05,17973.52,5888.13,32.76,1
ORD-01457,20240510,CUST-0090,PROD-008,GEO-016,Second Class,1,2207.6,0.0,2207.6,1165.62,52.8,5
ORD-04281,20240510,CUST-0027,PROD-032,GEO-018,Standard Class,4,4623.62,0.05,17569.76,6155.57,35.04,6
ORD-04504,20240510,CUST-0272,PROD-010,GEO-001,Second Class,1,3642.38,0.1,3278.14,1236.52,37.72,5
ORD-00981,20240511,CUST-0294,PROD-031,GEO-002,Standard Class,2,995.28,0.15,1691.98,590.9,34.92,5
ORD-02559,20240511,CUST-0112,PROD-020,GEO-010,Standard Class,1,1248.81,0.0,1248.81,686.85,55.0,7
ORD-01408,20240511,CUST-0059,PROD-022,GEO-003,Standard Class,1,22073.96,0.15,18762.87,2394.22,12.76,7
ORD-03518,20240512,CUST-0246,PROD-020,GEO-019,Standard Class,2,1232.27,0.2,1971.63,763.41,38.72,6
ORD-01513,20240512,CUST-0013,PROD-022,GEO-005,Standard Class,1,21596.03,0.1,19436.43,2785.94,14.33,5
ORD-04386,20240512,CUST-0060,PROD-011,GEO-013,Second Class,1,1731.13,0.1,1558.02,536.58,34.44,3
ORD-02105,20240512,CUST-0013,PROD-047,GEO-005,Standard Class,4,3569.11,0.0,14276.44,3940.3,27.6,7
ORD-03927,20240512,CUST-0078,PROD-025,GEO-001,Standard Class,1,360.41,0.15,306.35,92.59,30.22,5
ORD-02123,20240512,CUST-0035,PROD-015,GEO-015,Standard Class,1,1553.86,0.25,1165.4,302.86,25.99,5
ORD-02412,20240513,CUST-0174,PROD-018,GEO-020,Standard Class,3,747.29,0.0,2241.87,1035.75,46.2,6
ORD-04306,20240513,CUST-0137,PROD-049,GEO-005,Standard Class,2,1949.18,0.15,3313.61,1045.95,31.57,6
ORD-01614,20240513,CUST-0249,PROD-004,GEO-013,Second Class,3,2403.27,0.1,6488.83,2961.05,45.63,5
ORD-04010,20240513,CUST-0110,PROD-010,GEO-003,Standard Class,1,3510.58,0.3,2457.41,519.98,21.16,6
ORD-03202,20240513,CUST-0251,PROD-016,GEO-020,Second Class,1,41643.83,0.05,39561.64,7920.24,20.02,3
ORD-02900,20240513,CUST-0145,PROD-017,GEO-018,First Class,1,56268.08,0.05,53454.68,11771.79,22.02,2
ORD-04590,20240513,CUST-0124,PROD-034,GEO-011,First Class,1,9822.61,0.25,7366.96,638.16,8.66,2
ORD-01693,20240513,CUST-0263,PROD-038,GEO-009,Standard Class,2,1159.73,0.25,1739.6,554.93,31.9,5
ORD-00242,20240514,CUST-0154,PROD-044,GEO-019,Standard Class,2,872.52,0.1,1570.54,878.31,55.92,6
ORD-00331,20240514,CUST-0052,PROD-022,GEO-009,Standard Class,2,23096.36,0.15,39263.81,5445.89,13.87,5
ORD-03969,20240514,CUST-0081,PROD-047,GEO-008,First Class,1,3553.2,0.15,3020.22,661.43,21.9,3
ORD-01289,20240514,CUST-0293,PROD-019,GEO-011,Standard Class,2,4489.7,0.25,6734.55,1361.22,20.21,7
ORD-04145,20240515,CUST-0148,PROD-023,GEO-015,Standard Class,2,3931.57,0.0,7863.14,2972.27,37.8,7
ORD-02855,20240515,CUST-0091,PROD-029,GEO-016,Standard Class,2,2755.79,0.2,4409.26,931.24,21.12,6
ORD-02928,20240515,CUST-0171,PROD-024,GEO-010,Same Day,3,225.74,0.05,643.36,292.73,45.5,0
ORD-02464,20240516,CUST-0283,PROD-022,GEO-013,Second Class,1,22286.93,0.0,22286.93,4446.25,19.95,4
ORD-04385,20240516,CUST-0050,PROD-044,GEO-013,Standard Class,1,837.32,0.1,753.59,402.29,53.38,7
ORD-00103,20240517,CUST-0067,PROD-030,GEO-016,Same Day,1,601.45,0.25,451.09,103.71,22.99,2
ORD-01212,20240517,CUST-0049,PROD-039,GEO-003,Same Day,1,813.89,0.3,569.72,144.66,25.39,2
ORD-01221,20240517,CUST-0229,PROD-029,GEO-010,Second Class,1,2676.73,0.25,2007.55,331.25,16.5,5
ORD-01359,20240517,CUST-0096,PROD-032,GEO-015,Standard Class,2,4435.53,0.0,8871.06,3260.11,36.75,5
ORD-03363,20240518,CUST-0019,PROD-043,GEO-013,Second Class,1,6598.13,0.25,4948.6,857.35,17.33,3
ORD-04925,20240519,CUST-0077,PROD-037,GEO-004,Same Day,1,3047.3,0.4,1828.38,197.82,10.82,1
ORD-01278,20240519,CUST-0119,PROD-046,GEO-020,Standard Class,1,4307.73,0.1,3876.96,1573.66,40.59,5
ORD-04929,20240519,CUST-0292,PROD-035,GEO-006,Standard Class,2,17743.02,0.35,23065.93,1536.19,6.66,6
ORD-00052,20240519,CUST-0291,PROD-017,GEO-003,Standard Class,1,55661.7,0.15,47312.44,6990.51,14.78,5
ORD-00990,20240520,CUST-0233,PROD-030,GEO-020,Second Class,3,578.56,0.05,1648.9,627.21,38.04,5
ORD-01119,20240521,CUST-0150,PROD-001,GEO-002,Second Class,1,5480.16,0.0,5480.16,1915.86,34.96,3
ORD-02655,20240521,CUST-0109,PROD-041,GEO-009,Standard Class,4,25094.59,0.1,90340.52,15556.64,17.22,5
ORD-03332,20240521,CUST-0218,PROD-019,GEO-002,Standard Class,1,4685.26,0.25,3513.94,622.32,17.71,6
ORD-00025,20240521,CUST-0196,PROD-024,GEO-015,Second Class,1,210.27,0.1,189.24,81.47,43.05,5
ORD-00113,20240521,CUST-0068,PROD-008,GEO-018,Second Class,2,2178.17,0.05,4138.52,1988.48,48.05,4
ORD-02910,20240521,CUST-0155,PROD-008,GEO-016,Second Class,5,2177.87,0.1,9800.41,4243.18,43.3,4
ORD-02048,20240521,CUST-0123,PROD-046,GEO-013,Standard Class,1,4490.57,0.1,4041.51,1565.89,38.75,7
ORD-01686,20240522,CUST-0227,PROD-010,GEO-007,Second Class,1,3424.44,0.05,3253.22,1480.22,45.5,5
ORD-04644,20240522,CUST-0207,PROD-015,GEO-007,Standard Class,1,1560.05,0.1,1404.04,518.09,36.9,7
ORD-04249,20240523,CUST-0040,PROD-010,GEO-008,Second Class,3,3643.48,0.0,10930.44,5465.22,50.0,4
ORD-04155,20240523,CUST-0106,PROD-047,GEO-015,Standard Class,1,3410.18,0.0,3410.18,1074.2,31.5,7
ORD-02255,20240523,CUST-0027,PROD-020,GEO-018,Standard Class,1,1233.78,0.0,1233.78,746.44,60.5,5
ORD-04481,20240523,CUST-0129,PROD-023,GEO-015,Standard Class,2,3902.17,0.4,4682.6,495.61,10.58,7
ORD-04041,20240523,CUST-0046,PROD-012,GEO-014,Standard Class,1,1786.74,0.1,1608.07,692.28,43.05,6
ORD-03207,20240524,CUST-0290,PROD-001,GEO-005,Standard Class,2,5580.77,0.25,8371.16,1609.6,19.23,6
ORD-01673,20240524,CUST-0049,PROD-004,GEO-003,Standard Class,1,2513.54,0.1,2262.19,904.5,39.98,5
ORD-03783,20240524,CUST-0073,PROD-015,GEO-006,Standard Class,2,1501.1,0.0,3002.2,1350.99,45.0,5
ORD-01164,20240524,CUST-0141,PROD-028,GEO-012,Second Class,5,2136.13,0.0,10680.65,4485.87,42.0,5
ORD-01663,20240525,CUST-0035,PROD-002,GEO-015,Standard Class,5,1459.96,0.0,7299.8,3219.22,44.1,7
ORD-04132,20240525,CUST-0124,PROD-045,GEO-011,Same Day,4,9342.09,0.05,35499.94,9497.65,26.75,2
ORD-02390,20240525,CUST-0018,PROD-041,GEO-014,Standard Class,1,26175.19,0.0,26175.19,5771.63,22.05,6
ORD-02552,20240525,CUST-0086,PROD-035,GEO-007,Second Class,1,17596.31,0.2,14077.05,1621.68,11.52,4
ORD-01798,20240526,CUST-0122,PROD-043,GEO-002,Second Class,3,6318.98,0.05,18009.09,4523.16,25.12,3
ORD-02160,20240526,CUST-0163,PROD-023,GEO-004,Standard Class,3,3985.95,0.15,10164.17,2457.45,24.18,6
ORD-04185,20240526,CUST-0297,PROD-026,GEO-015,Standard Class,3,663.04,0.15,1690.75,673.9,39.86,6
ORD-02117,20240526,CUST-0120,PROD-042,GEO-002,Standard Class,1,1802.46,0.1,1622.21,489.51,30.18,7
ORD-02137,20240526,CUST-0240,PROD-043,GEO-002,Second Class,3,6369.93,0.05,18154.3,4559.63,25.12,5
ORD-01892,20240527,CUST-0289,PROD-016,GEO-010,Standard Class,5,42317.18,0.0,211585.9,42317.18,20.0,6
ORD-01194,20240527,CUST-0274,PROD-002,GEO-005,Standard Class,1,1520.73,0.05,1444.69,507.99,35.16,6
ORD-00752,20240527,CUST-0030,PROD-027,GEO-015,Standard Class,1,398.69,0.25,299.02,82.89,27.72,6
ORD-00038,20240528,CUST-0148,PROD-047,GEO-015,First Class,1,3636.59,0.3,2545.61,368.85,14.49,3
ORD-01317,20240529,CUST-0041,PROD-017,GEO-011,Second Class,1,57437.58,0.05,54565.7,11470.25,21.02,5
ORD-02721,20240529,CUST-0086,PROD-025,GEO-007,Standard Class,2,350.55,0.2,560.88,161.53,28.8,6
ORD-03161,20240529,CUST-0251,PROD-034,GEO-020,Second Class,2,10278.54,0.0,20557.08,3391.92,16.5,4
ORD-03626,20240529,CUST-0270,PROD-015,GEO-011,Standard Class,1,1444.96,0.05,1372.71,590.23,43.0,5
ORD-02801,20240530,CUST-0146,PROD-044,GEO-020,Standard Class,1,847.94,0.0,847.94,578.29,68.2,5
ORD-03811,20240530,CUST-0126,PROD-041,GEO-001,Standard Class,1,25803.97,0.05,24513.77,4309.81,17.58,7
ORD-02617,20240530,CUST-0212,PROD-047,GEO-002,Standard Class,2,3481.09,0.05,6614.07,1661.19,25.12,7
ORD-01696,20240530,CUST-0064,PROD-014,GEO-007,Standard Class,1,442.75,0.2,354.2,131.48,37.12,5
ORD-02389,20240530,CUST-0076,PROD-035,GEO-010,Standard Class,3,17263.05,0.25,38841.86,3845.34,9.9,6
ORD-03908,20240530,CUST-0152,PROD-004,GEO-018,Standard Class,1,2597.14,0.0,2597.14,1514.13,58.3,6
ORD-00976,20240531,CUST-0186,PROD-009,GEO-018,First Class,1,2603.31,0.1,2342.98,803.08,34.28,4
ORD-01883,20240531,CUST-0281,PROD-009,GEO-001,Standard Class,1,2495.18,0.0,2495.18,872.32,34.96,6
ORD-03556,20240531,CUST-0274,PROD-028,GEO-005,First Class,1,2137.31,0.0,2137.31,786.53,36.8,2
ORD-00079,20240601,CUST-0089,PROD-048,GEO-001,Standard Class,2,1442.23,0.0,2884.46,1379.93,47.84,5
ORD-00659,20240601,CUST-0094,PROD-042,GEO-008,Same Day,2,1798.13,0.1,3236.63,1061.61,32.8,1
ORD-00864,20240601,CUST-0212,PROD-013,GEO-002,Standard Class,3,186.46,0.05,531.41,244.69,46.05,7
ORD-03954,20240601,CUST-0237,PROD-041,GEO-006,Standard Class,2,25236.5,0.05,47949.35,9163.12,19.11,7
ORD-03593,20240602,CUST-0069,PROD-020,GEO-014,Standard Class,1,1205.82,0.3,844.07,224.23,26.57,7
ORD-04706,20240602,CUST-0041,PROD-007,GEO-011,First Class,2,681.16,0.2,1089.86,292.95,26.88,2
ORD-01642,20240602,CUST-0163,PROD-019,GEO-004,Second Class,2,4404.57,0.25,6606.86,1170.07,17.71,5
ORD-00885,20240603,CUST-0280,PROD-034,GEO-009,Standard Class,1,9719.63,0.05,9233.65,1260.39,13.65,5
ORD-03654,20240603,CUST-0046,PROD-043,GEO-014,First Class,3,6504.58,0.15,16586.68,3814.1,22.99,4
ORD-02221,20240603,CUST-0082,PROD-039,GEO-001,Standard Class,4,827.17,0.05,3143.25,1578.91,50.23,7
ORD-04083,20240603,CUST-0124,PROD-017,GEO-011,Standard Class,1,52781.96,0.1,47503.76,8998.16,18.94,6
ORD-03752,20240603,CUST-0099,PROD-015,GEO-018,Same Day,1,1562.42,0.0,1562.42,773.4,49.5,0
ORD-00842,20240604,CUST-0047,PROD-045,GEO-002,Standard Class,1,9919.4,0.1,8927.46,1885.76,21.12,7
ORD-02640,20240604,CUST-0017,PROD-029,GEO-001,Standard Class,1,2858.51,0.05,2715.58,682.04,25.12,5
ORD-04332,20240604,CUST-0263,PROD-032,GEO-009,Standard Class,2,4718.47,0.15,8021.4,2049.47,25.55,6
ORD-01954,20240605,CUST-0264,PROD-021,GEO-019,Second Class,3,3326.1,0.1,8980.47,2835.13,31.57,5
ORD-00122,20240605,CUST-0103,PROD-024,GEO-010,First Class,1,217.35,0.0,217.35,108.68,50.0,2
ORD-01436,20240605,CUST-0218,PROD-015,GEO-002,Standard Class,1,1492.01,0.25,1119.01,254.79,22.77,5
ORD-02605,20240605,CUST-0023,PROD-008,GEO-007,Second Class,2,2235.01,0.05,4246.52,1854.88,43.68,3
ORD-02349,20240605,CUST-0173,PROD-010,GEO-005,Second Class,3,3579.25,0.05,10200.86,4270.08,41.86,4
ORD-04100,20240606,CUST-0068,PROD-050,GEO-018,Second Class,1,1818.47,0.15,1545.7,558.54,36.14,5
ORD-04750,20240606,CUST-0018,PROD-034,GEO-014,Standard Class,2,9770.8,0.05,18564.52,2660.76,14.33,7
ORD-00175,20240606,CUST-0017,PROD-011,GEO-001,Second Class,2,1824.12,0.0,3648.24,1342.56,36.8,3
ORD-03171,20240606,CUST-0067,PROD-001,GEO-016,Same Day,2,5546.48,0.0,11092.96,4636.85,41.8,2
ORD-04138,20240607,CUST-0275,PROD-024,GEO-003,Standard Class,2,219.84,0.15,373.73,125.5,33.58,6
ORD-04753,20240607,CUST-0153,PROD-015,GEO-008,Second Class,2,1438.19,0.15,2444.92,803.16,32.85,4
ORD-01277,20240607,CUST-0137,PROD-042,GEO-005,Second Class,3,1834.94,0.05,5229.58,1751.28,33.49,5
ORD-03251,20240607,CUST-0041,PROD-008,GEO-011,Standard Class,1,2298.29,0.3,1608.8,372.98,23.18,5
ORD-04233,20240607,CUST-0182,PROD-003,GEO-020,Second Class,3,1756.94,0.1,4743.74,2353.37,49.61,5
ORD-01945,20240608,CUST-0081,PROD-016,GEO-008,Standard Class,4,42991.55,0.0,171966.2,34393.24,20.0,6
ORD-02963,20240608,CUST-0242,PROD-028,GEO-019,Second Class,4,2040.5,0.0,8162.0,3591.28,44.0,5
ORD-04888,20240609,CUST-0251,PROD-012,GEO-020,Standard Class,2,1827.9,0.35,2376.27,483.57,20.35,7
ORD-00923,20240609,CUST-0155,PROD-045,GEO-016,First Class,2,9182.92,0.0,18365.84,5656.68,30.8,2
ORD-01036,20240609,CUST-0116,PROD-012,GEO-009,Standard Class,2,1764.74,0.2,2823.58,903.55,32.0,5
ORD-00055,20240610,CUST-0249,PROD-033,GEO-013,Standard Class,1,466.31,0.1,419.68,166.22,39.61,6
ORD-03434,20240610,CUST-0062,PROD-004,GEO-011,Second Class,1,2466.78,0.35,1603.41,330.15,20.59,5
ORD-03404,20240610,CUST-0194,PROD-048,GEO-006,Second Class,2,1485.22,0.25,2227.83,637.16,28.6,3
ORD-03075,20240610,CUST-0168,PROD-043,GEO-006,Second Class,1,6767.21,0.2,5413.77,1039.44,19.2,4
ORD-04517,20240610,CUST-0261,PROD-021,GEO-010,Second Class,2,3358.99,0.25,5038.48,969.91,19.25,5
ORD-02483,20240611,CUST-0022,PROD-035,GEO-009,Standard Class,2,17319.75,0.1,31175.55,4601.51,14.76,6
ORD-00677,20240611,CUST-0085,PROD-035,GEO-006,Second Class,3,18319.31,0.0,54957.93,9892.43,18.0,4
ORD-02557,20240611,CUST-0206,PROD-034,GEO-005,Standard Class,1,9727.19,0.15,8268.11,832.93,10.07,6
ORD-02289,20240612,CUST-0114,PROD-004,GEO-014,Standard Class,1,2578.51,0.35,1676.03,345.1,20.59,6
ORD-04787,20240612,CUST-0272,PROD-010,GEO-001,Standard Class,1,3461.99,0.0,3461.99,1592.52,46.0,7
ORD-03009,20240612,CUST-0274,PROD-020,GEO-005,Second Class,1,1226.38,0.0,1226.38,620.55,50.6,4
ORD-00136,20240614,CUST-0281,PROD-003,GEO-001,Standard Class,1,1817.43,0.1,1635.69,678.68,41.49,7
ORD-04225,20240614,CUST-0124,PROD-042,GEO-011,Second Class,1,1738.84,0.1,1564.96,538.98,34.44,4
ORD-00714,20240614,CUST-0293,PROD-020,GEO-011,Standard Class,2,1148.41,0.15,1952.3,823.04,42.16,6
ORD-03371,20240615,CUST-0076,PROD-048,GEO-010,Standard Class,5,1542.97,0.1,6943.37,2960.65,42.64,7
ORD-04182,20240615,CUST-0236,PROD-028,GEO-012,Standard Class,2,2000.92,0.0,4001.84,1680.78,42.0,5
ORD-03002,20240616,CUST-0289,PROD-001,GEO-010,Standard Class,4,5262.22,0.2,16839.1,4095.27,24.32,7
ORD-03037,20240616,CUST-0143,PROD-022,GEO-016,Second Class,2,22489.07,0.15,38231.42,5832.97,15.26,4
ORD-01956,20240617,CUST-0055,PROD-016,GEO-015,Standard Class,1,44009.68,0.0,44009.68,9242.04,21.0,7
ORD-00533,20240617,CUST-0005,PROD-008,GEO-006,Standard Class,1,2278.44,0.35,1480.99,263.02,17.76,7
ORD-01472,20240617,CUST-0222,PROD-045,GEO-009,Second Class,2,9635.16,0.05,18306.8,4664.57,25.48,5
ORD-01540,20240617,CUST-0090,PROD-017,GEO-016,Standard Class,1,52824.64,0.25,39618.48,5273.22,13.31,7
ORD-04763,20240617,CUST-0254,PROD-022,GEO-017,Second Class,1,21555.85,0.3,15089.09,1450.67,9.61,5
ORD-00117,20240617,CUST-0228,PROD-038,GEO-016,Standard Class,1,1235.99,0.0,1235.99,788.56,63.8,6
ORD-00289,20240618,CUST-0090,PROD-003,GEO-016,First Class,3,1784.91,0.0,5354.73,3239.61,60.5,4
ORD-02113,20240618,CUST-0155,PROD-037,GEO-016,Same Day,1,3067.46,0.1,2760.71,1045.87,37.88,2
ORD-02352,20240618,CUST-0194,PROD-027,GEO-006,Standard Class,1,382.45,0.0,382.45,183.58,48.0,5
ORD-04507,20240618,CUST-0089,PROD-039,GEO-001,Second Class,1,767.47,0.15,652.35,262.87,40.3,4
ORD-03388,20240619,CUST-0033,PROD-042,GEO-006,Second Class,1,1881.62,0.2,1505.3,385.36,25.6,4
ORD-02522,20240619,CUST-0258,PROD-023,GEO-002,Second Class,3,3948.24,0.2,9475.78,2008.56,21.2,3
ORD-00470,20240619,CUST-0199,PROD-014,GEO-017,Standard Class,2,448.1,0.05,851.39,494.3,58.06,6
ORD-04876,20240619,CUST-0256,PROD-048,GEO-005,Standard Class,2,1535.67,0.2,2457.07,752.29,30.62,7
ORD-01324,20240619,CUST-0146,PROD-049,GEO-020,Standard Class,4,1982.39,0.1,7136.6,3025.5,42.39,7
ORD-00822,20240619,CUST-0093,PROD-002,GEO-018,Second Class,1,1508.21,0.05,1432.8,602.38,42.04,4
ORD-01419,20240619,CUST-0005,PROD-036,GEO-006,Second Class,3,7822.57,0.1,21120.94,4329.79,20.5,5
ORD-03940,20240620,CUST-0220,PROD-042,GEO-010,First Class,1,1741.01,0.05,1653.96,602.04,36.4,2
ORD-04480,20240620,CUST-0122,PROD-016,GEO-002,First Class,4,43770.78,0.05,166328.96,27850.12,16.74,2
ORD-00182,20240620,CUST-0110,PROD-038,GEO-003,Second Class,1,1259.65,0.0,1259.65,672.15,53.36,4
ORD-01306,20240621,CUST-0262,PROD-036,GEO-003,First Class,1,7924.0,0.15,6735.4,1130.87,16.79,2
ORD-02816,20240621,CUST-0253,PROD-033,GEO-003,First Class,2,429.1,0.05,815.29,313.98,38.51,2
ORD-03699,20240621,CUST-0011,PROD-026,GEO-003,Second Class,2,653.81,0.3,915.33,201.43,22.01,4
ORD-02229,20240622,CUST-0201,PROD-037,GEO-007,Standard Class,1,3194.95,0.05,3035.2,1160.05,38.22,5
ORD-01859,20240622,CUST-0135,PROD-019,GEO-018,Standard Class,2,4393.32,0.05,8347.31,2924.48,35.03,6
ORD-03823,20240622,CUST-0252,PROD-047,GEO-015,Standard Class,2,3512.13,0.05,6673.05,1912.83,28.67,6
ORD-01700,20240622,CUST-0257,PROD-019,GEO-009,Standard Class,2,4489.48,0.0,8978.96,3142.64,35.0,5
ORD-02361,20240622,CUST-0205,PROD-047,GEO-016,Standard Class,5,3430.62,0.2,13722.48,2898.19,21.12,5
ORD-01681,20240623,CUST-0287,PROD-013,GEO-018,First Class,1,175.73,0.0,175.73,106.32,60.5,4
ORD-04150,20240623,CUST-0097,PROD-039,GEO-004,Second Class,3,761.87,0.3,1599.93,406.25,25.39,3
ORD-01383,20240623,CUST-0160,PROD-019,GEO-012,Standard Class,1,4341.35,0.1,3907.22,1177.44,30.13,6
ORD-03170,20240623,CUST-0057,PROD-027,GEO-020,Standard Class,2,394.72,0.05,749.97,360.35,48.05,7
ORD-03637,20240623,CUST-0107,PROD-009,GEO-009,Standard Class,4,2509.34,0.15,8531.76,2366.71,27.74,7
ORD-04085,20240624,CUST-0111,PROD-048,GEO-016,First Class,4,1430.74,0.0,5722.96,3273.53,57.2,3
ORD-01494,20240624,CUST-0112,PROD-016,GEO-010,Second Class,1,42919.9,0.0,42919.9,8583.98,20.0,5
ORD-03596,20240624,CUST-0188,PROD-016,GEO-016,Second Class,1,42921.8,0.0,42921.8,9442.8,22.0,5
ORD-01018,20240625,CUST-0282,PROD-020,GEO-002,Standard Class,5,1243.61,0.1,5596.24,2321.99,41.49,7
ORD-00623,20240625,CUST-0018,PROD-042,GEO-014,Standard Class,1,1851.07,0.05,1758.52,672.1,38.22,7
ORD-04824,20240625,CUST-0156,PROD-048,GEO-004,Standard Class,2,1464.99,0.3,2050.99,451.35,22.01,5
ORD-04304,20240625,CUST-0021,PROD-034,GEO-014,Standard Class,2,10444.47,0.4,12533.36,552.72,4.41,5
ORD-00646,20240625,CUST-0170,PROD-031,GEO-003,Standard Class,3,944.28,0.3,1982.99,436.38,22.01,5
ORD-01764,20240626,CUST-0086,PROD-043,GEO-007,Standard Class,5,6735.4,0.3,23573.9,3253.2,13.8,6
ORD-00134,20240627,CUST-0230,PROD-021,GEO-004,Standard Class,1,3192.34,0.1,2873.11,758.61,26.4,5
ORD-01341,20240627,CUST-0107,PROD-036,GEO-009,Standard Class,3,7880.51,0.2,18913.22,3026.12,16.0,6
ORD-02922,20240627,CUST-0072,PROD-046,GEO-006,First Class,2,4306.19,0.0,8612.38,3875.57,45.0,3
ORD-03241,20240628,CUST-0142,PROD-038,GEO-012,Standard Class,2,1168.68,0.05,2220.49,1230.57,55.42,7
ORD-02161,20240629,CUST-0024,PROD-006,GEO-001,Standard Class,3,2251.51,0.05,6416.8,2148.86,33.49,7
ORD-02747,20240629,CUST-0099,PROD-033,GEO-018,Standard Class,4,453.35,0.0,1813.4,917.58,50.6,7
ORD-01388,20240629,CUST-0229,PROD-045,GEO-010,Standard Class,3,9437.35,0.15,24065.24,4918.94,20.44,6
ORD-02480,20240629,CUST-0008,PROD-017,GEO-016,Second Class,3,53003.31,0.3,111306.95,12390.69,11.13,3
ORD-04947,20240629,CUST-0009,PROD-003,GEO-014,Standard Class,2,1853.21,0.3,2594.49,689.23,26.57,6
ORD-02733,20240629,CUST-0009,PROD-021,GEO-014,Standard Class,4,3286.15,0.0,13144.6,4830.64,36.75,6
ORD-00497,20240629,CUST-0085,PROD-025,GEO-006,Standard Class,5,362.38,0.2,1449.52,417.46,28.8,5
ORD-04273,20240630,CUST-0176,PROD-010,GEO-019,Standard Class,1,3345.61,0.2,2676.49,942.13,35.2,7
ORD-01748,20240630,CUST-0194,PROD-047,GEO-006,Second Class,3,3399.1,0.15,8667.7,1898.23,21.9,5
ORD-03310,20240630,CUST-0225,PROD-040,GEO-020,Second Class,2,118.51,0.05,225.17,135.23,60.06,4
ORD-04264,20240630,CUST-0048,PROD-039,GEO-007,Standard Class,1,798.16,0.0,798.16,478.9,60.0,6
ORD-02518,20240702,CUST-0127,PROD-004,GEO-008,Standard Class,1,2570.91,0.3,1799.64,438.75,24.38,5
ORD-01128,20240702,CUST-0234,PROD-045,GEO-005,Second Class,1,9292.22,0.0,9292.22,2393.67,25.76,4
ORD-04913,20240702,CUST-0062,PROD-020,GEO-011,Standard Class,2,1168.18,0.15,1985.91,837.21,42.16,7
ORD-00376,20240702,CUST-0031,PROD-042,GEO-020,First Class,2,1802.28,0.15,3063.88,984.12,32.12,4
ORD-03859,20240703,CUST-0273,PROD-035,GEO-007,Second Class,1,17675.84,0.0,17675.84,3181.65,18.0,4
ORD-01521,20240703,CUST-0242,PROD-034,GEO-019,Standard Class,1,9544.15,0.2,7635.32,806.29,10.56,5
ORD-03063,20240703,CUST-0076,PROD-001,GEO-010,Standard Class,1,5704.4,0.05,5419.18,1873.95,34.58,7
ORD-01833,20240703,CUST-0206,PROD-042,GEO-005,Second Class,2,1856.37,0.1,3341.47,1008.32,30.18,4
ORD-00208,20240703,CUST-0214,PROD-017,GEO-015,Second Class,2,52418.59,0.0,104837.18,24217.39,23.1,5
ORD-03688,20240704,CUST-0204,PROD-048,GEO-013,First Class,1,1483.19,0.25,1112.39,334.05,30.03,4
ORD-01054,20240704,CUST-0128,PROD-028,GEO-010,Standard Class,2,2199.63,0.2,3519.41,900.97,25.6,6
ORD-04652,20240704,CUST-0292,PROD-008,GEO-006,Second Class,1,2172.1,0.05,2063.5,901.34,43.68,3
ORD-01592,20240705,CUST-0239,PROD-047,GEO-015,First Class,5,3602.74,0.1,16212.33,4187.64,25.83,2
ORD-04804,20240705,CUST-0188,PROD-003,GEO-016,Standard Class,1,1828.8,0.0,1828.8,1106.42,60.5,5
ORD-02646,20240705,CUST-0206,PROD-025,GEO-005,First Class,1,335.41,0.1,301.87,102.48,33.95,2
ORD-03913,20240706,CUST-0031,PROD-009,GEO-020,Second Class,1,2568.37,0.4,1541.02,180.36,11.7,4
ORD-00481,20240706,CUST-0231,PROD-002,GEO-006,Standard Class,1,1540.52,0.0,1540.52,647.02,42.0,5
ORD-04772,20240706,CUST-0196,PROD-038,GEO-015,Standard Class,1,1180.43,0.3,826.3,231.48,28.01,6
ORD-02280,20240706,CUST-0125,PROD-020,GEO-003,Standard Class,4,1150.79,0.25,3452.37,960.79,27.83,5
ORD-01169,20240707,CUST-0187,PROD-010,GEO-018,Standard Class,1,3599.11,0.25,2699.33,816.55,30.25,5
ORD-02119,20240707,CUST-0220,PROD-016,GEO-010,First Class,3,42471.28,0.05,121043.15,22029.85,18.2,4
ORD-01057,20240708,CUST-0191,PROD-012,GEO-015,Standard Class,3,1792.68,0.15,4571.33,1751.97,38.33,6
ORD-04807,20240708,CUST-0009,PROD-035,GEO-014,Standard Class,3,18201.3,0.15,46413.31,6403.65,13.8,6
ORD-00766,20240708,CUST-0298,PROD-038,GEO-018,Second Class,4,1140.13,0.0,4560.52,2909.61,63.8,3
ORD-01239,20240709,CUST-0125,PROD-041,GEO-003,Second Class,1,26165.05,0.0,26165.05,5055.09,19.32,3
ORD-03681,20240710,CUST-0161,PROD-018,GEO-012,Standard Class,1,715.88,0.15,608.5,195.9,32.19,6
ORD-03077,20240711,CUST-0151,PROD-035,GEO-013,First Class,1,18470.61,0.15,15700.02,2166.13,13.8,2
ORD-03748,20240711,CUST-0016,PROD-044,GEO-010,Standard Class,2,809.66,0.25,1214.49,414.14,34.1,5
ORD-01236,20240713,CUST-0227,PROD-012,GEO-007,First Class,1,1732.84,0.1,1559.56,639.42,41.0,2
ORD-01433,20240713,CUST-0218,PROD-012,GEO-002,Standard Class,4,1777.22,0.05,6753.44,2826.99,41.86,5
ORD-02157,20240713,CUST-0270,PROD-048,GEO-011,Same Day,1,1532.77,0.1,1379.49,617.62,44.77,1
ORD-00791,20240713,CUST-0274,PROD-042,GEO-005,Standard Class,1,1739.15,0.1,1565.24,472.33,30.18,5
ORD-02935,20240714,CUST-0249,PROD-046,GEO-013,Same Day,1,4294.06,0.0,4294.06,2028.95,47.25,2
ORD-03549,20240714,CUST-0004,PROD-050,GEO-012,Standard Class,1,1862.02,0.0,1862.02,879.81,47.25,6
ORD-00745,20240714,CUST-0267,PROD-042,GEO-015,Standard Class,2,1831.16,0.2,2929.86,787.54,26.88,6
ORD-00867,20240715,CUST-0108,PROD-039,GEO-018,Standard Class,3,770.98,0.25,1734.7,629.7,36.3,7
ORD-02734,20240715,CUST-0255,PROD-009,GEO-011,Second Class,4,2505.1,0.2,8016.32,2047.05,25.54,5
ORD-03880,20240715,CUST-0067,PROD-015,GEO-016,Standard Class,2,1515.08,0.0,3030.16,1499.93,49.5,5
ORD-01910,20240715,CUST-0231,PROD-027,GEO-006,Standard Class,1,380.14,0.1,342.13,134.66,39.36,6
ORD-04554,20240716,CUST-0009,PROD-004,GEO-014,Standard Class,1,2410.54,0.25,1807.9,553.35,30.61,7
ORD-01979,20240716,CUST-0279,PROD-012,GEO-001,Second Class,1,1750.84,0.25,1313.13,332.22,25.3,5
ORD-01768,20240716,CUST-0116,PROD-021,GEO-009,Standard Class,1,3237.55,0.1,2913.8,836.26,28.7,7
ORD-04645,20240716,CUST-0216,PROD-005,GEO-008,Standard Class,4,3070.66,0.0,12282.64,4667.4,38.0,7
ORD-02263,20240716,CUST-0098,PROD-019,GEO-012,First Class,1,4286.25,0.3,3000.38,507.21,16.9,2
ORD-01154,20240717,CUST-0174,PROD-020,GEO-020,Second Class,1,1168.66,0.0,1168.66,707.04,60.5,3
ORD-01259,20240717,CUST-0182,PROD-046,GEO-020,Standard Class,1,4612.05,0.2,3689.64,1168.88,31.68,6
ORD-04388,20240717,CUST-0062,PROD-002,GEO-011,Second Class,4,1451.42,0.2,4644.54,1310.87,28.22,3
ORD-03400,20240717,CUST-0080,PROD-031,GEO-008,Second Class,3,974.05,0.1,2629.94,1121.41,42.64,5
ORD-02608,20240717,CUST-0155,PROD-002,GEO-016,Second Class,1,1478.48,0.05,1404.56,590.5,42.04,4
ORD-01775,20240717,CUST-0129,PROD-011,GEO-015,Standard Class,1,1759.3,0.0,1759.3,738.91,42.0,7
ORD-01424,20240717,CUST-0202,PROD-037,GEO-003,Standard Class,1,3268.52,0.0,3268.52,1262.96,38.64,6
ORD-00893,20240718,CUST-0027,PROD-032,GEO-018,Standard Class,3,4517.28,0.0,13551.84,5217.45,38.5,7
ORD-03264,20240718,CUST-0141,PROD-042,GEO-012,Standard Class,1,1881.08,0.0,1881.08,790.05,42.0,5
ORD-02987,20240718,CUST-0219,PROD-021,GEO-020,Standard Class,4,3073.13,0.05,11677.89,4091.35,35.04,6
ORD-00517,20240719,CUST-0051,PROD-050,GEO-008,Standard Class,1,1722.42,0.0,1722.42,775.09,45.0,6
ORD-04677,20240719,CUST-0140,PROD-050,GEO-005,Same Day,2,1750.15,0.05,3325.28,1252.76,37.67,0
ORD-02667,20240719,CUST-0041,PROD-034,GEO-011,Standard Class,1,10161.44,0.15,8637.22,993.07,11.5,5
ORD-03968,20240719,CUST-0229,PROD-019,GEO-010,Standard Class,1,4419.76,0.2,3535.81,792.02,22.4,6
ORD-02574,20240720,CUST-0132,PROD-049,GEO-017,Standard Class,1,2038.56,0.1,1834.7,777.8,42.39,7
ORD-01105,20240720,CUST-0227,PROD-008,GEO-007,First Class,2,2128.27,0.15,3618.06,1267.77,35.04,2
ORD-01311,20240720,CUST-0148,PROD-009,GEO-015,Standard Class,4,2379.85,0.2,7615.52,1944.69,25.54,5
ORD-02888,20240721,CUST-0141,PROD-019,GEO-012,Standard Class,4,4435.77,0.25,13307.31,2689.74,20.21,7
ORD-02340,20240721,CUST-0226,PROD-009,GEO-002,Standard Class,1,2454.24,0.3,1717.97,276.28,16.08,7
ORD-00209,20240721,CUST-0255,PROD-039,GEO-011,Standard Class,3,819.42,0.15,2089.52,960.97,45.99,7
ORD-04125,20240721,CUST-0127,PROD-043,GEO-008,Same Day,1,6774.25,0.05,6435.54,1756.9,27.3,1
ORD-03651,20240721,CUST-0058,PROD-005,GEO-008,First Class,2,3155.78,0.1,5680.4,1770.01,31.16,3
ORD-04496,20240721,CUST-0188,PROD-037,GEO-016,First Class,1,3266.55,0.2,2613.24,772.68,29.57,3
ORD-03809,20240722,CUST-0095,PROD-043,GEO-013,First Class,3,6299.18,0.2,15118.03,3047.79,20.16,2
ORD-02590,20240722,CUST-0074,PROD-020,GEO-015,Second Class,1,1198.04,0.1,1078.24,510.6,47.35,5
ORD-00082,20240722,CUST-0166,PROD-008,GEO-020,Same Day,3,2239.93,0.0,6719.79,3548.05,52.8,1
ORD-01586,20240722,CUST-0001,PROD-037,GEO-001,Standard Class,1,3208.05,0.1,2887.25,914.82,31.68,5
ORD-01608,20240722,CUST-0267,PROD-032,GEO-015,Standard Class,1,4628.28,0.05,4396.87,1470.42,33.44,5
ORD-00568,20240722,CUST-0296,PROD-038,GEO-008,Second Class,2,1148.22,0.1,2066.8,982.97,47.56,3
ORD-04001,20240722,CUST-0004,PROD-042,GEO-012,First Class,2,1819.72,0.0,3639.44,1528.57,42.0,4
ORD-00704,20240722,CUST-0104,PROD-049,GEO-012,Standard Class,3,1995.47,0.2,4789.13,1512.6,31.58,5
ORD-01351,20240722,CUST-0080,PROD-004,GEO-008,First Class,4,2497.61,0.1,8991.4,3907.66,43.46,3
ORD-03850,20240723,CUST-0272,PROD-021,GEO-001,Standard Class,1,3281.65,0.25,2461.24,435.89,17.71,5
ORD-01665,20240723,CUST-0133,PROD-022,GEO-010,Same Day,2,20944.88,0.2,33511.81,4075.04,12.16,2
ORD-04165,20240723,CUST-0219,PROD-042,GEO-020,Standard Class,2,1859.85,0.2,2975.76,837.97,28.16,6
ORD-04853,20240723,CUST-0288,PROD-011,GEO-017,Second Class,1,1865.1,0.15,1585.33,509.21,32.12,4
ORD-00080,20240723,CUST-0091,PROD-022,GEO-016,Second Class,2,21958.51,0.0,43917.02,9178.65,20.9,4
ORD-01993,20240723,CUST-0290,PROD-044,GEO-005,Second Class,2,877.46,0.3,1228.44,322.32,26.24,5
ORD-04762,20240723,CUST-0033,PROD-026,GEO-006,Second Class,2,689.27,0.0,1378.54,716.84,52.0,5
ORD-02934,20240724,CUST-0155,PROD-020,GEO-016,Second Class,1,1212.34,0.05,1151.72,634.08,55.06,4
ORD-00552,20240724,CUST-0147,PROD-044,GEO-002,Same Day,1,888.37,0.0,888.37,506.73,57.04,2
ORD-01878,20240724,CUST-0233,PROD-042,GEO-020,Standard Class,1,1860.4,0.05,1767.38,707.66,40.04,6
ORD-04723,20240724,CUST-0053,PROD-032,GEO-014,Same Day,1,4390.12,0.05,4170.61,1394.76,33.44,0
ORD-03819,20240724,CUST-0115,PROD-040,GEO-005,First Class,1,125.95,0.1,113.36,51.31,45.26,2
ORD-04464,20240725,CUST-0103,PROD-014,GEO-010,Standard Class,1,439.47,0.15,373.55,158.16,42.34,6
ORD-03611,20240725,CUST-0097,PROD-005,GEO-004,Standard Class,3,3060.2,0.25,6885.45,1323.94,19.23,7
ORD-04144,20240725,CUST-0129,PROD-045,GEO-015,Standard Class,2,9921.61,0.0,19843.22,5833.91,29.4,6
ORD-01144,20240726,CUST-0082,PROD-017,GEO-001,Second Class,2,52742.1,0.1,94935.78,15756.3,16.6,5
ORD-04738,20240726,CUST-0115,PROD-047,GEO-005,Standard Class,2,3433.17,0.05,6523.02,1638.32,25.12,6
ORD-01966,20240726,CUST-0185,PROD-046,GEO-014,First Class,3,4581.82,0.1,12370.91,4793.11,38.75,4
ORD-03154,20240727,CUST-0251,PROD-042,GEO-020,Second Class,1,1721.37,0.0,1721.37,757.4,44.0,4
ORD-01958,20240727,CUST-0086,PROD-023,GEO-007,Second Class,1,3696.26,0.15,3141.82,825.67,26.28,3
ORD-03939,20240728,CUST-0174,PROD-040,GEO-020,Standard Class,1,124.81,0.1,112.33,60.8,54.13,6
ORD-02273,20240729,CUST-0167,PROD-005,GEO-011,First Class,2,3290.16,0.2,5264.26,1344.28,25.54,4
ORD-00098,20240729,CUST-0027,PROD-043,GEO-018,First Class,1,6790.73,0.05,6451.19,1937.29,30.03,4
ORD-00628,20240729,CUST-0128,PROD-017,GEO-010,Standard Class,2,57360.27,0.25,86040.4,10410.89,12.1,7
ORD-03295,20240729,CUST-0231,PROD-031,GEO-006,First Class,2,954.68,0.15,1622.96,616.08,37.96,4
ORD-02319,20240729,CUST-0186,PROD-017,GEO-018,Second Class,1,54103.31,0.1,48692.98,9662.63,19.84,5
ORD-01510,20240729,CUST-0055,PROD-027,GEO-015,Second Class,1,361.52,0.0,361.52,182.21,50.4,5
ORD-00772,20240729,CUST-0171,PROD-010,GEO-010,Standard Class,3,3523.01,0.3,7398.32,1701.61,23.0,5
ORD-03151,20240729,CUST-0195,PROD-046,GEO-008,Second Class,2,4653.46,0.15,7910.88,2598.72,32.85,5
ORD-01894,20240729,CUST-0223,PROD-021,GEO-015,Standard Class,3,3097.74,0.35,6040.59,821.37,13.6,6
ORD-01110,20240729,CUST-0234,PROD-042,GEO-005,Standard Class,2,1801.09,0.05,3422.07,1145.98,33.49,7
ORD-04255,20240729,CUST-0112,PROD-047,GEO-010,Standard Class,2,3667.98,0.0,7335.96,2200.79,30.0,7
ORD-02772,20240730,CUST-0291,PROD-050,GEO-003,First Class,2,1712.77,0.25,2569.15,584.99,22.77,4
ORD-03396,20240730,CUST-0041,PROD-004,GEO-011,Standard Class,2,2430.4,0.0,4860.8,2705.03,55.65,6
ORD-02752,20240730,CUST-0061,PROD-037,GEO-019,First Class,3,3355.1,0.05,9562.03,4020.07,42.04,4
ORD-04334,20240730,CUST-0005,PROD-010,GEO-006,Same Day,3,3564.16,0.25,8019.36,2205.32,27.5,1
ORD-01814,20240730,CUST-0225,PROD-037,GEO-020,Standard Class,3,3226.04,0.2,7742.5,2289.3,29.57,6
ORD-00153,20240731,CUST-0246,PROD-031,GEO-019,First Class,3,942.53,0.05,2686.21,1398.22,52.05,2
ORD-01090,20240731,CUST-0238,PROD-028,GEO-011,Second Class,5,2139.2,0.35,6952.4,1080.41,15.54,3
ORD-02417,20240801,CUST-0141,PROD-038,GEO-012,Standard Class,2,1194.73,0.1,2150.51,1073.92,49.94,7
ORD-04821,20240801,CUST-0278,PROD-042,GEO-001,First Class,1,1854.55,0.2,1483.64,349.43,23.55,3
ORD-03925,20240801,CUST-0196,PROD-037,GEO-015,Standard Class,2,3060.21,0.15,5202.36,1674.79,32.19,5
ORD-01534,20240801,CUST-0052,PROD-036,GEO-009,Standard Class,1,8316.08,0.05,7900.28,1797.31,22.75,7
ORD-00866,20240802,CUST-0284,PROD-046,GEO-001,Second Class,2,4504.76,0.15,7658.09,2314.43,30.22,3
ORD-01196,20240803,CUST-0212,PROD-047,GEO-002,Second Class,1,3393.23,0.2,2714.58,479.5,17.66,4
ORD-00776,20240803,CUST-0223,PROD-003,GEO-015,Same Day,3,1765.03,0.05,5030.34,2643.57,52.55,1
ORD-02770,20240804,CUST-0161,PROD-028,GEO-012,Second Class,1,2027.89,0.0,2027.89,851.72,42.0,4
ORD-01216,20240804,CUST-0006,PROD-003,GEO-019,Standard Class,3,1870.17,0.3,3927.36,1092.98,27.83,7
ORD-00884,20240804,CUST-0116,PROD-043,GEO-009,Standard Class,5,6773.45,0.05,32173.89,8783.47,27.3,7
ORD-03946,20240804,CUST-0161,PROD-041,GEO-012,Standard Class,1,24018.68,0.0,24018.68,5296.12,22.05,6
ORD-02731,20240805,CUST-0224,PROD-040,GEO-016,Same Day,5,125.56,0.2,502.24,212.15,42.24,1
ORD-03350,20240805,CUST-0133,PROD-015,GEO-010,Standard Class,4,1445.56,0.1,5204.02,1920.28,36.9,5
ORD-02292,20240805,CUST-0027,PROD-025,GEO-018,Standard Class,3,350.32,0.25,788.22,214.59,27.22,5
ORD-03630,20240806,CUST-0085,PROD-049,GEO-006,Standard Class,1,1989.99,0.0,1989.99,935.3,47.0,7
ORD-00511,20240806,CUST-0235,PROD-047,GEO-020,Second Class,1,3360.63,0.25,2520.47,457.47,18.15,5
ORD-03147,20240806,CUST-0102,PROD-019,GEO-014,Standard Class,3,4612.64,0.05,13146.02,4396.36,33.44,5
ORD-03608,20240806,CUST-0074,PROD-025,GEO-015,Same Day,1,351.54,0.05,333.96,143.6,43.0,0
ORD-04073,20240807,CUST-0245,PROD-049,GEO-004,Second Class,1,2093.33,0.05,1988.66,782.51,39.35,5
ORD-02299,20240808,CUST-0230,PROD-041,GEO-004,First Class,5,24925.62,0.0,124628.1,24078.15,19.32,2
ORD-02703,20240808,CUST-0130,PROD-016,GEO-012,First Class,1,42373.96,0.0,42373.96,8898.53,21.0,2
ORD-02056,20240808,CUST-0043,PROD-006,GEO-012,First Class,4,2271.22,0.0,9084.88,3815.65,42.0,4
ORD-02329,20240809,CUST-0056,PROD-047,GEO-008,Standard Class,1,3648.61,0.2,2918.89,560.43,19.2,7
ORD-02828,20240810,CUST-0212,PROD-021,GEO-002,Standard Class,1,3148.9,0.15,2676.56,629.15,23.51,6
ORD-04649,20240810,CUST-0197,PROD-023,GEO-002,First Class,1,3949.54,0.3,2764.68,421.2,15.24,4
ORD-03373,20240810,CUST-0173,PROD-045,GEO-005,Standard Class,2,9878.36,0.25,14817.54,2099.35,14.17,7
ORD-03826,20240811,CUST-0147,PROD-035,GEO-002,Standard Class,1,18305.64,0.05,17390.36,2620.66,15.07,7
ORD-02124,20240811,CUST-0065,PROD-041,GEO-020,Standard Class,1,24437.27,0.1,21993.54,4166.02,18.94,7
ORD-04690,20240812,CUST-0113,PROD-041,GEO-003,Standard Class,4,25216.93,0.3,70607.4,6275.02,8.89,6
ORD-03791,20240812,CUST-0037,PROD-048,GEO-009,First Class,1,1447.03,0.05,1374.68,650.5,47.32,2
ORD-02358,20240813,CUST-0002,PROD-001,GEO-006,Standard Class,2,5527.09,0.1,9948.76,3100.03,31.16,6
ORD-01568,20240813,CUST-0081,PROD-008,GEO-008,Standard Class,5,2153.33,0.1,9689.98,3813.98,39.36,7
ORD-00757,20240813,CUST-0274,PROD-047,GEO-005,Second Class,2,3401.55,0.15,5782.64,1165.09,20.15,4
ORD-00272,20240813,CUST-0116,PROD-001,GEO-009,First Class,1,5470.96,0.05,5197.41,1797.26,34.58,2
ORD-00299,20240814,CUST-0061,PROD-043,GEO-019,Standard Class,2,6202.09,0.15,10543.55,2539.94,24.09,6
ORD-04994,20240814,CUST-0253,PROD-021,GEO-003,Standard Class,1,3239.4,0.0,3239.4,1043.09,32.2,5
ORD-01146,20240814,CUST-0247,PROD-006,GEO-016,Standard Class,1,2112.26,0.15,1795.42,576.69,32.12,6
ORD-00469,20240815,CUST-0271,PROD-042,GEO-002,Standard Class,3,1718.67,0.15,4382.61,1177.34,26.86,6
ORD-04044,20240815,CUST-0165,PROD-037,GEO-009,Standard Class,4,3198.97,0.3,8957.12,1730.52,19.32,6
ORD-02468,20240815,CUST-0028,PROD-023,GEO-012,Standard Class,3,3893.64,0.05,11096.87,3817.1,34.4,6
ORD-00660,20240816,CUST-0114,PROD-016,GEO-014,Second Class,2,42679.0,0.05,81090.1,15496.32,19.11,5
ORD-04352,20240817,CUST-0257,PROD-042,GEO-009,Standard Class,4,1815.66,0.05,6899.51,2511.42,36.4,6
ORD-04657,20240817,CUST-0204,PROD-011,GEO-013,Standard Class,3,1821.27,0.05,5190.62,1983.86,38.22,5
ORD-04867,20240817,CUST-0039,PROD-006,GEO-006,Standard Class,1,2156.64,0.0,2156.64,862.66,40.0,6
ORD-04228,20240817,CUST-0083,PROD-020,GEO-014,Standard Class,3,1162.81,0.05,3314.01,1741.59,52.55,7
ORD-02135,20240818,CUST-0103,PROD-009,GEO-010,Standard Class,1,2560.04,0.15,2176.03,603.63,27.74,5
ORD-00554,20240818,CUST-0043,PROD-019,GEO-012,Standard Class,5,4579.21,0.0,22896.05,8414.3,36.75,7
ORD-00123,20240819,CUST-0027,PROD-047,GEO-018,Second Class,2,3518.22,0.05,6684.62,2007.39,30.03,4
ORD-01821,20240819,CUST-0228,PROD-017,GEO-016,Second Class,2,53169.24,0.05,101021.56,22246.97,22.02,3
ORD-02253,20240819,CUST-0268,PROD-016,GEO-015,Standard Class,3,43295.13,0.05,123391.12,23580.04,19.11,7
ORD-03429,20240820,CUST-0257,PROD-015,GEO-009,Standard Class,4,1459.46,0.0,5837.84,2627.03,45.0,5
ORD-00319,20240820,CUST-0070,PROD-037,GEO-009,Standard Class,3,3217.63,0.0,9652.89,4054.21,42.0,7
ORD-01820,20240820,CUST-0027,PROD-035,GEO-018,Standard Class,1,17140.63,0.1,15426.57,2504.66,16.24,7
ORD-00903,20240821,CUST-0124,PROD-014,GEO-011,Standard Class,1,462.12,0.1,415.91,207.7,49.94,7
ORD-01464,20240821,CUST-0028,PROD-048,GEO-012,Standard Class,2,1490.71,0.35,1937.92,391.5,20.2,6
ORD-00689,20240821,CUST-0047,PROD-033,GEO-002,First Class,3,427.81,0.0,1283.43,543.15,42.32,4
ORD-00152,20240822,CUST-0174,PROD-026,GEO-020,Standard Class,1,688.67,0.05,654.24,340.55,52.05,5
ORD-04838,20240823,CUST-0150,PROD-035,GEO-002,First Class,3,18847.15,0.0,56541.45,9363.26,16.56,3
ORD-00019,20240824,CUST-0235,PROD-020,GEO-020,Same Day,1,1180.9,0.2,944.72,365.79,38.72,0
ORD-00341,20240824,CUST-0177,PROD-036,GEO-016,Standard Class,4,7817.56,0.0,31270.24,8599.32,27.5,7
ORD-00832,20240824,CUST-0006,PROD-044,GEO-019,Standard Class,1,854.13,0.05,811.42,503.58,62.06,5
ORD-03978,20240824,CUST-0018,PROD-047,GEO-014,Standard Class,1,3339.16,0.15,2838.29,652.67,23.0,6
ORD-02285,20240824,CUST-0163,PROD-029,GEO-004,Standard Class,1,2819.44,0.1,2537.5,574.28,22.63,5
ORD-00836,20240824,CUST-0282,PROD-037,GEO-002,Standard Class,1,3224.19,0.1,2901.77,919.42,31.68,6
ORD-03838,20240825,CUST-0192,PROD-006,GEO-003,Standard Class,1,2142.72,0.1,1928.45,581.93,30.18,6
ORD-03458,20240825,CUST-0177,PROD-015,GEO-016,Standard Class,2,1521.22,0.05,2890.32,1301.95,45.05,5
ORD-01725,20240825,CUST-0140,PROD-047,GEO-005,Standard Class,2,3380.13,0.2,5408.21,955.31,17.66,6
ORD-04446,20240825,CUST-0156,PROD-038,GEO-004,Standard Class,2,1231.28,0.15,2093.18,815.35,38.95,5
ORD-01155,20240826,CUST-0183,PROD-004,GEO-020,Same Day,1,2451.77,0.05,2329.18,1235.7,53.05,0
ORD-01791,20240826,CUST-0091,PROD-038,GEO-016,Standard Class,1,1232.5,0.05,1170.88,679.79,58.06,5
ORD-04844,20240827,CUST-0074,PROD-039,GEO-015,Standard Class,4,835.33,0.2,2673.06,1077.78,40.32,5
ORD-00444,20240827,CUST-0289,PROD-036,GEO-010,First Class,1,8178.17,0.15,6951.44,1268.64,18.25,4
ORD-03821,20240827,CUST-0293,PROD-039,GEO-011,Second Class,2,822.21,0.15,1397.76,642.83,45.99,4
ORD-02962,20240827,CUST-0035,PROD-036,GEO-015,First Class,1,7717.66,0.1,6945.89,1495.11,21.53,3
ORD-04637,20240827,CUST-0120,PROD-015,GEO-002,Standard Class,2,1467.97,0.25,2201.96,501.39,22.77,6
ORD-02029,20240827,CUST-0288,PROD-013,GEO-017,Second Class,3,175.8,0.35,342.81,76.74,22.39,3
ORD-00003,20240827,CUST-0279,PROD-017,GEO-001,Standard Class,1,56847.89,0.3,39793.52,3704.93,9.31,6
ORD-04450,20240827,CUST-0121,PROD-005,GEO-004,First Class,1,3164.95,0.15,2690.21,686.56,25.52,3
ORD-01549,20240827,CUST-0028,PROD-041,GEO-012,Same Day,1,24877.47,0.15,21145.85,3403.74,16.1,1
ORD-01350,20240828,CUST-0019,PROD-038,GEO-013,Standard Class,1,1198.45,0.0,1198.45,729.86,60.9,5
ORD-00077,20240828,CUST-0180,PROD-034,GEO-005,First Class,1,10429.38,0.15,8864.97,893.05,10.07,2
ORD-04895,20240828,CUST-0199,PROD-042,GEO-017,Standard Class,2,1718.01,0.0,3436.02,1511.85,44.0,5
ORD-03490,20240828,CUST-0146,PROD-032,GEO-020,Standard Class,1,4441.39,0.0,4441.39,1709.94,38.5,6
ORD-02027,20240829,CUST-0143,PROD-035,GEO-016,Standard Class,2,18734.2,0.05,35594.98,6413.51,18.02,5
ORD-00093,20240829,CUST-0259,PROD-020,GEO-007,Standard Class,1,1144.02,0.15,972.42,390.43,40.15,5
ORD-03640,20240829,CUST-0082,PROD-005,GEO-001,First Class,1,3081.7,0.0,3081.7,1077.37,34.96,3
ORD-04022,20240829,CUST-0111,PROD-005,GEO-016,Standard Class,2,3173.45,0.15,5394.86,1646.18,30.51,5
ORD-04131,20240829,CUST-0209,PROD-031,GEO-007,Same Day,3,951.91,0.1,2570.16,1095.92,42.64,2
ORD-01122,20240829,CUST-0084,PROD-037,GEO-018,Second Class,3,3092.66,0.0,9277.98,4286.42,46.2,4
ORD-03298,20240829,CUST-0178,PROD-039,GEO-001,Second Class,2,836.44,0.25,1254.66,380.92,30.36,5
ORD-00106,20240829,CUST-0048,PROD-037,GEO-007,First Class,1,3184.71,0.15,2707.0,829.97,30.66,4
ORD-00349,20240830,CUST-0170,PROD-038,GEO-003,First Class,2,1243.22,0.0,2486.44,1326.77,53.36,2
ORD-00913,20240830,CUST-0223,PROD-018,GEO-015,Second Class,1,736.03,0.05,699.23,280.61,40.13,3
ORD-02857,20240830,CUST-0026,PROD-016,GEO-013,Standard Class,1,43173.21,0.05,41014.55,7837.88,19.11,5
ORD-04358,20240831,CUST-0169,PROD-012,GEO-016,Second Class,4,1802.12,0.1,6487.63,2925.92,45.1,3
ORD-01961,20240831,CUST-0079,PROD-043,GEO-014,Same Day,5,6631.97,0.05,31501.86,9030.01,28.67,1
ORD-00879,20240831,CUST-0115,PROD-037,GEO-005,Standard Class,1,3181.01,0.1,2862.91,907.11,31.68,7
ORD-03668,20240831,CUST-0178,PROD-038,GEO-001,Standard Class,1,1239.94,0.2,991.95,338.75,34.15,6
ORD-00443,20240831,CUST-0086,PROD-050,GEO-007,Standard Class,1,1822.79,0.1,1640.51,605.35,36.9,7
ORD-00624,20240901,CUST-0126,PROD-012,GEO-001,Standard Class,2,1712.59,0.0,3425.18,1575.58,46.0,6
ORD-04156,20240901,CUST-0094,PROD-047,GEO-008,Standard Class,2,3477.86,0.0,6955.72,2086.72,30.0,6
ORD-03736,20240901,CUST-0180,PROD-021,GEO-005,First Class,2,3040.2,0.0,6080.4,1957.89,32.2,4
ORD-01896,20240901,CUST-0115,PROD-008,GEO-005,Standard Class,5,2225.39,0.05,10570.6,4247.86,40.19,7
ORD-00747,20240901,CUST-0288,PROD-042,GEO-017,Second Class,1,1738.12,0.4,1042.87,128.48,12.32,5
ORD-00737,20240901,CUST-0114,PROD-025,GEO-014,First Class,1,361.11,0.0,361.11,170.62,47.25,2
ORD-00740,20240901,CUST-0068,PROD-049,GEO-018,Standard Class,1,1932.27,0.1,1739.04,737.25,42.39,5
ORD-01581,20240901,CUST-0123,PROD-020,GEO-013,Standard Class,4,1219.69,0.05,4634.82,2435.72,52.55,5
ORD-02286,20240902,CUST-0213,PROD-017,GEO-014,Standard Class,2,52821.31,0.0,105642.62,24403.45,23.1,6
ORD-01125,20240903,CUST-0146,PROD-029,GEO-020,Standard Class,1,2728.73,0.15,2319.42,558.74,24.09,7
ORD-02567,20240903,CUST-0001,PROD-042,GEO-001,Second Class,2,1827.68,0.05,3472.59,1162.9,33.49,4
ORD-02853,20240903,CUST-0026,PROD-036,GEO-013,Second Class,1,7960.97,0.2,6368.78,1069.95,16.8,4
ORD-02844,20240903,CUST-0296,PROD-008,GEO-008,Standard Class,1,2185.42,0.3,1529.79,337.78,22.08,5
ORD-01980,20240904,CUST-0177,PROD-023,GEO-016,First Class,3,3698.99,0.0,11096.97,4394.4,39.6,3
ORD-01596,20240904,CUST-0059,PROD-049,GEO-003,Second Class,1,1905.29,0.05,1810.03,712.22,39.35,4
ORD-02725,20240904,CUST-0256,PROD-036,GEO-005,Standard Class,1,8046.36,0.0,8046.36,1850.66,23.0,6
ORD-00818,20240904,CUST-0216,PROD-009,GEO-008,Standard Class,1,2386.02,0.0,2386.02,906.69,38.0,5
ORD-00653,20240905,CUST-0250,PROD-018,GEO-017,Standard Class,1,746.88,0.05,709.54,298.31,42.04,6
ORD-03083,20240905,CUST-0196,PROD-009,GEO-015,Standard Class,1,2375.08,0.2,1900.06,485.19,25.54,5
ORD-03876,20240905,CUST-0027,PROD-045,GEO-018,Standard Class,2,9930.88,0.0,19861.76,6117.42,30.8,5
ORD-03465,20240906,CUST-0062,PROD-043,GEO-011,Standard Class,4,6489.71,0.35,16873.25,1966.58,11.66,5
ORD-01921,20240906,CUST-0075,PROD-037,GEO-013,Standard Class,1,3333.55,0.1,3000.2,1084.93,36.16,5
ORD-02171,20240906,CUST-0299,PROD-023,GEO-010,Standard Class,1,3926.18,0.05,3729.87,1221.91,32.76,5
ORD-04662,20240907,CUST-0186,PROD-029,GEO-018,Standard Class,2,2780.75,0.15,4727.27,1138.8,24.09,5
ORD-04038,20240907,CUST-0001,PROD-049,GEO-001,Standard Class,3,1945.93,0.2,4670.23,1292.43,27.67,5
ORD-00276,20240907,CUST-0245,PROD-041,GEO-004,Standard Class,1,25487.38,0.0,25487.38,4924.16,19.32,5
ORD-04137,20240907,CUST-0238,PROD-024,GEO-011,First Class,1,229.09,0.2,183.27,61.58,33.6,3
ORD-04919,20240907,CUST-0234,PROD-045,GEO-005,Second Class,1,9149.84,0.1,8234.86,1739.46,21.12,5
ORD-03221,20240907,CUST-0289,PROD-018,GEO-010,Second Class,1,778.45,0.05,739.53,282.65,38.22,3
ORD-03715,20240907,CUST-0287,PROD-010,GEO-018,Standard Class,2,3635.92,0.0,7271.84,3999.51,55.0,5
ORD-02317,20240908,CUST-0030,PROD-036,GEO-015,Standard Class,1,8174.59,0.0,8174.59,2145.83,26.25,6
ORD-00426,20240908,CUST-0221,PROD-035,GEO-003,First Class,4,18699.13,0.05,71056.69,10707.96,15.07,4
ORD-02120,20240908,CUST-0174,PROD-017,GEO-020,Standard Class,1,53968.23,0.0,53968.23,13060.31,24.2,7
ORD-04743,20240909,CUST-0268,PROD-030,GEO-015,Standard Class,1,602.08,0.1,541.87,177.29,32.72,5
ORD-01772,20240909,CUST-0040,PROD-029,GEO-008,Standard Class,2,2772.5,0.15,4713.25,1032.2,21.9,6
ORD-00738,20240909,CUST-0138,PROD-019,GEO-014,First Class,1,4666.81,0.05,4433.47,1482.66,33.44,3
ORD-00207,20240909,CUST-0136,PROD-015,GEO-020,Standard Class,1,1571.22,0.4,942.73,130.66,13.86,5
ORD-02407,20240909,CUST-0101,PROD-002,GEO-014,Second Class,4,1476.39,0.3,4133.89,838.6,20.29,3
ORD-04431,20240910,CUST-0002,PROD-048,GEO-006,Standard Class,1,1540.71,0.2,1232.57,410.2,33.28,5
ORD-03076,20240910,CUST-0209,PROD-012,GEO-007,First Class,2,1767.72,0.25,2651.58,729.18,27.5,3
ORD-00278,20240911,CUST-0046,PROD-006,GEO-014,First Class,1,2258.26,0.1,2032.43,699.97,34.44,4
ORD-03840,20240911,CUST-0278,PROD-032,GEO-001,Standard Class,4,4570.44,0.05,17367.67,5089.07,29.3,6
ORD-02415,20240912,CUST-0089,PROD-037,GEO-001,Standard Class,1,3331.76,0.0,3331.76,1287.39,38.64,7
ORD-02060,20240912,CUST-0149,PROD-020,GEO-020,Second Class,2,1196.87,0.0,2393.74,1448.22,60.5,3
ORD-03375,20240912,CUST-0132,PROD-016,GEO-017,Standard Class,1,39917.05,0.0,39917.05,8781.75,22.0,7
ORD-01094,20240912,CUST-0163,PROD-041,GEO-004,Second Class,1,26030.52,0.0,26030.52,5029.1,19.32,4
ORD-02649,20240912,CUST-0161,PROD-005,GEO-012,Standard Class,1,3110.14,0.25,2332.6,511.89,21.95,7
ORD-00322,20240913,CUST-0069,PROD-009,GEO-014,Standard Class,1,2412.22,0.05,2291.61,832.06,36.31,6
ORD-02618,20240914,CUST-0071,PROD-003,GEO-018,Standard Class,1,1741.28,0.1,1567.15,777.46,49.61,5
ORD-01660,20240914,CUST-0064,PROD-039,GEO-007,Standard Class,1,812.43,0.1,731.19,359.75,49.2,7
ORD-01474,20240915,CUST-0131,PROD-003,GEO-019,Standard Class,2,1771.62,0.25,2657.43,884.26,33.28,7
ORD-02334,20240915,CUST-0214,PROD-005,GEO-015,Standard Class,1,3280.58,0.0,3280.58,1308.95,39.9,6
ORD-02154,20240916,CUST-0195,PROD-047,GEO-008,Standard Class,1,3511.32,0.1,3160.19,777.41,24.6,5
ORD-01030,20240916,CUST-0123,PROD-008,GEO-013,Standard Class,2,2117.64,0.1,3811.75,1575.32,41.33,5
ORD-02404,20240916,CUST-0235,PROD-049,GEO-020,Standard Class,1,2094.01,0.0,2094.01,1082.6,51.7,5
ORD-03272,20240917,CUST-0100,PROD-001,GEO-012,Standard Class,1,5238.63,0.0,5238.63,2090.21,39.9,7
ORD-04862,20240917,CUST-0290,PROD-008,GEO-005,Standard Class,2,2299.09,0.1,4138.36,1498.55,36.21,7
ORD-02839,20240917,CUST-0233,PROD-044,GEO-020,First Class,1,868.33,0.0,868.33,592.2,68.2,2
ORD-03183,20240917,CUST-0194,PROD-035,GEO-006,Same Day,1,17686.84,0.05,16802.5,2752.25,16.38,1
ORD-04928,20240917,CUST-0034,PROD-023,GEO-003,First Class,3,3637.96,0.0,10913.88,3614.68,33.12,2
ORD-03614,20240917,CUST-0144,PROD-002,GEO-017,Standard Class,1,1550.98,0.05,1473.43,619.45,42.04,7
ORD-02192,20240917,CUST-0297,PROD-022,GEO-015,Same Day,1,21504.2,0.25,16128.15,1769.66,10.97,0
ORD-00503,20240918,CUST-0142,PROD-028,GEO-012,Standard Class,2,2113.67,0.0,4227.34,1775.49,42.0,5
ORD-02611,20240918,CUST-0077,PROD-047,GEO-004,First Class,3,3332.12,0.15,8496.91,1711.95,20.15,2
ORD-02503,20240919,CUST-0225,PROD-028,GEO-020,Standard Class,1,1995.53,0.0,1995.53,878.03,44.0,6
ORD-01452,20240919,CUST-0027,PROD-042,GEO-018,Standard Class,2,1855.91,0.1,3340.64,1205.3,36.08,6
ORD-01188,20240920,CUST-0270,PROD-015,GEO-011,First Class,2,1559.1,0.25,2338.65,607.76,25.99,2
ORD-02796,20240920,CUST-0111,PROD-047,GEO-016,Standard Class,1,3524.14,0.2,2819.31,595.44,21.12,6
ORD-00040,20240920,CUST-0080,PROD-023,GEO-008,Standard Class,1,3984.76,0.35,2590.09,345.0,13.32,6
ORD-04360,20240921,CUST-0087,PROD-045,GEO-006,Second Class,2,9322.41,0.15,15848.1,3239.35,20.44,4
ORD-04663,20240921,CUST-0071,PROD-001,GEO-018,Standard Class,2,5479.19,0.0,10958.38,4580.6,41.8,7
ORD-02245,20240921,CUST-0281,PROD-022,GEO-001,Second Class,1,22154.85,0.0,22154.85,3872.67,17.48,3
ORD-00846,20240921,CUST-0243,PROD-038,GEO-011,Standard Class,4,1161.69,0.1,4182.08,2088.45,49.94,6
ORD-03022,20240922,CUST-0246,PROD-021,GEO-019,Standard Class,1,3139.2,0.05,2982.24,1044.82,35.03,5
ORD-04857,20240922,CUST-0196,PROD-034,GEO-015,Standard Class,1,9741.48,0.25,7306.11,632.89,8.66,7
ORD-02466,20240922,CUST-0080,PROD-008,GEO-008,Standard Class,4,2252.4,0.1,8108.64,3191.56,39.36,5
ORD-01170,20240923,CUST-0033,PROD-037,GEO-006,Standard Class,1,3342.78,0.1,3008.5,1036.13,34.44,7
ORD-04454,20240923,CUST-0140,PROD-041,GEO-005,Second Class,1,24843.91,0.0,24843.91,4799.84,19.32,5
ORD-02961,20240923,CUST-0143,PROD-036,GEO-016,Standard Class,1,8292.95,0.1,7463.66,1683.06,22.55,6
ORD-02942,20240923,CUST-0225,PROD-016,GEO-020,Standard Class,2,40753.27,0.1,73355.89,13233.41,18.04,7
ORD-02033,20240923,CUST-0062,PROD-008,GEO-011,Standard Class,5,2125.58,0.25,7970.92,2209.54,27.72,7
ORD-04328,20240923,CUST-0217,PROD-049,GEO-002,Standard Class,1,2069.49,0.15,1759.07,555.26,31.57,6
ORD-02429,20240924,CUST-0107,PROD-028,GEO-009,First Class,4,2020.44,0.0,8081.76,3232.7,40.0,2
ORD-02201,20240924,CUST-0256,PROD-047,GEO-005,Standard Class,2,3333.09,0.0,6666.18,1839.86,27.6,6
ORD-03322,20240924,CUST-0001,PROD-046,GEO-001,Same Day,1,4292.08,0.25,3219.06,732.98,22.77,0
ORD-00018,20240924,CUST-0023,PROD-041,GEO-007,First Class,1,25767.09,0.15,21902.03,3357.58,15.33,4
ORD-04737,20240924,CUST-0044,PROD-008,GEO-014,Standard Class,2,2132.73,0.15,3625.64,1333.94,36.79,5
ORD-03602,20240925,CUST-0095,PROD-010,GEO-013,Second Class,2,3425.58,0.05,6508.6,3109.48,47.77,4
ORD-01373,20240925,CUST-0267,PROD-039,GEO-015,Second Class,2,816.89,0.15,1388.71,638.66,45.99,5
ORD-00377,20240925,CUST-0248,PROD-017,GEO-020,Standard Class,1,55842.4,0.05,53050.28,11682.74,22.02,6
ORD-02397,20240925,CUST-0154,PROD-050,GEO-019,Standard Class,1,1762.53,0.05,1674.4,754.24,45.05,5
ORD-01015,20240925,CUST-0071,PROD-046,GEO-018,Standard Class,1,4492.88,0.2,3594.3,1138.68,31.68,5
ORD-04435,20240926,CUST-0194,PROD-024,GEO-006,Standard Class,3,226.95,0.1,612.76,251.23,41.0,7
ORD-04110,20240926,CUST-0229,PROD-027,GEO-010,Same Day,1,369.52,0.1,332.57,130.9,39.36,2
ORD-03758,20240926,CUST-0246,PROD-042,GEO-019,Second Class,4,1845.16,0.2,5904.51,1662.71,28.16,5
ORD-02369,20240926,CUST-0088,PROD-009,GEO-005,Second Class,2,2493.45,0.0,4986.9,1743.42,34.96,5
ORD-03040,20240927,CUST-0095,PROD-004,GEO-013,First Class,1,2589.06,0.0,2589.06,1440.81,55.65,3
ORD-00329,20240927,CUST-0017,PROD-049,GEO-001,Standard Class,3,2057.72,0.15,5247.19,1656.29,31.57,6
ORD-02902,20240927,CUST-0181,PROD-017,GEO-011,Standard Class,3,57589.0,0.15,146851.95,24763.64,16.86,5
ORD-01462,20240928,CUST-0122,PROD-035,GEO-002,Second Class,2,17480.17,0.05,33212.32,5004.97,15.07,4
ORD-00405,20240928,CUST-0300,PROD-021,GEO-003,First Class,2,3303.61,0.05,6276.86,1839.25,29.3,3
ORD-03041,20240928,CUST-0027,PROD-001,GEO-018,Same Day,1,5589.54,0.3,3912.68,752.33,19.23,1
ORD-03159,20240928,CUST-0164,PROD-043,GEO-007,Standard Class,2,6746.81,0.05,12818.94,3499.57,27.3,5
ORD-03528,20240928,CUST-0280,PROD-044,GEO-009,Second Class,1,882.22,0.3,617.55,176.13,28.52,4
ORD-02830,20240929,CUST-0245,PROD-032,GEO-004,Standard Class,1,4705.42,0.1,4234.88,1118.18,26.4,6
ORD-02482,20240929,CUST-0126,PROD-042,GEO-001,First Class,3,1769.09,0.05,5041.91,1688.44,33.49,4
ORD-04354,20240929,CUST-0274,PROD-024,GEO-005,Standard Class,3,212.55,0.25,478.24,121.0,25.3,7
ORD-04070,20240930,CUST-0184,PROD-017,GEO-009,First Class,1,56075.95,0.0,56075.95,12336.71,22.0,3
ORD-00985,20240930,CUST-0010,PROD-048,GEO-017,Standard Class,1,1485.0,0.05,1410.75,734.33,52.05,6
ORD-04542,20241001,CUST-0002,PROD-034,GEO-006,Standard Class,4,10438.87,0.05,39667.71,5414.64,13.65,6
ORD-00792,20241001,CUST-0025,PROD-050,GEO-019,Second Class,1,1782.13,0.05,1693.02,762.62,45.04,3
ORD-00112,20241001,CUST-0020,PROD-042,GEO-020,Standard Class,1,1721.83,0.1,1549.65,559.12,36.08,6
ORD-02070,20241001,CUST-0126,PROD-002,GEO-001,Standard Class,3,1526.91,0.4,2748.44,297.36,10.82,6
ORD-01808,20241001,CUST-0018,PROD-023,GEO-014,Standard Class,5,3785.17,0.05,17979.56,6184.6,34.4,5
ORD-02322,20241002,CUST-0297,PROD-007,GEO-015,Second Class,1,618.22,0.05,587.31,224.47,38.22,3
ORD-01426,20241002,CUST-0109,PROD-022,GEO-009,Standard Class,1,22364.73,0.15,19010.02,2636.69,13.87,5
ORD-03790,20241003,CUST-0066,PROD-006,GEO-007,Same Day,1,2224.79,0.3,1557.35,286.55,18.4,2
ORD-03803,20241003,CUST-0022,PROD-046,GEO-009,First Class,1,4446.69,0.05,4224.36,1729.88,40.95,4
ORD-04288,20241003,CUST-0247,PROD-010,GEO-016,Standard Class,2,3361.73,0.0,6723.46,3697.9,55.0,5
ORD-04436,20241003,CUST-0228,PROD-035,GEO-016,Standard Class,1,17437.04,0.15,14821.48,2142.29,14.45,5
ORD-02385,20241004,CUST-0267,PROD-042,GEO-015,Standard Class,1,1851.26,0.1,1666.13,573.81,34.44,7
ORD-03319,20241004,CUST-0067,PROD-020,GEO-016,Second Class,1,1224.49,0.2,979.59,379.3,38.72,4
ORD-04771,20241004,CUST-0016,PROD-036,GEO-010,Second Class,1,8209.05,0.1,7388.14,1514.57,20.5,4
ORD-02881,20241005,CUST-0266,PROD-022,GEO-011,Same Day,2,22911.26,0.1,41240.27,6746.49,16.36,2
ORD-03468,20241005,CUST-0187,PROD-036,GEO-018,Standard Class,1,8258.12,0.1,7432.31,1675.98,22.55,5
ORD-04900,20241005,CUST-0179,PROD-009,GEO-004,Standard Class,5,2590.95,0.15,11011.54,2810.23,25.52,5
ORD-00144,20241006,CUST-0096,PROD-016,GEO-015,First Class,2,40042.57,0.25,60063.86,6937.37,11.55,4
ORD-04106,20241006,CUST-0135,PROD-011,GEO-018,Standard Class,1,1888.82,0.1,1699.94,613.34,36.08,6
ORD-02897,20241006,CUST-0286,PROD-032,GEO-007,First Class,3,4475.07,0.1,12082.69,3467.73,28.7,2
ORD-00031,20241007,CUST-0161,PROD-043,GEO-012,Second Class,1,6247.28,0.25,4685.46,811.76,17.33,4
ORD-04391,20241007,CUST-0154,PROD-041,GEO-019,First Class,2,24018.36,0.15,40831.21,6885.36,16.86,2
ORD-03655,20241007,CUST-0124,PROD-037,GEO-011,Standard Class,1,3091.27,0.15,2627.58,845.9,32.19,6
ORD-04924,20241007,CUST-0296,PROD-028,GEO-008,Standard Class,3,2091.96,0.15,5334.5,1557.67,29.2,6
ORD-02509,20241007,CUST-0246,PROD-021,GEO-019,First Class,1,3183.91,0.0,3183.91,1225.81,38.5,3
ORD-03894,20241007,CUST-0170,PROD-049,GEO-003,Standard Class,1,1973.07,0.2,1578.46,436.82,27.67,5
ORD-00037,20241008,CUST-0182,PROD-001,GEO-020,Second Class,1,5546.37,0.1,4991.73,1710.96,34.28,4
ORD-00655,20241008,CUST-0115,PROD-008,GEO-005,Standard Class,3,2285.69,0.35,4457.1,728.25,16.34,7
ORD-02373,20241008,CUST-0064,PROD-044,GEO-007,Standard Class,2,836.72,0.0,1673.44,1037.53,62.0,5
ORD-02904,20241008,CUST-0258,PROD-008,GEO-002,Standard Class,1,2204.86,0.0,2204.86,973.66,44.16,7
ORD-04301,20241009,CUST-0183,PROD-048,GEO-020,Second Class,1,1449.16,0.25,1086.87,341.92,31.46,5
ORD-01142,20241009,CUST-0267,PROD-012,GEO-015,Same Day,1,1755.58,0.1,1580.02,680.2,43.05,0
ORD-02234,20241010,CUST-0150,PROD-034,GEO-002,Standard Class,2,10357.59,0.0,20715.18,2858.7,13.8,5
ORD-03127,20241010,CUST-0119,PROD-008,GEO-020,Standard Class,4,2179.39,0.0,8717.56,4602.87,52.8,6
ORD-01726,20241010,CUST-0244,PROD-003,GEO-005,Second Class,1,1886.41,0.0,1886.41,954.53,50.6,5
ORD-04635,20241011,CUST-0245,PROD-044,GEO-004,Standard Class,3,839.25,0.1,2265.98,1059.86,46.77,7
ORD-01643,20241011,CUST-0029,PROD-003,GEO-008,Standard Class,2,1767.48,0.15,3004.72,1206.4,40.15,6
ORD-02023,20241011,CUST-0231,PROD-018,GEO-006,Second Class,1,782.85,0.0,782.85,328.8,42.0,4
ORD-04017,20241011,CUST-0147,PROD-048,GEO-002,Standard Class,1,1518.4,0.05,1442.48,627.97,43.53,5
ORD-03845,20241011,CUST-0291,PROD-045,GEO-003,First Class,1,9726.05,0.05,9239.75,2165.95,23.44,2
ORD-03275,20241012,CUST-0214,PROD-020,GEO-015,Second Class,5,1213.73,0.15,5158.35,2174.63,42.16,5
ORD-04679,20241012,CUST-0004,PROD-036,GEO-012,Standard Class,2,8156.1,0.35,10602.93,1029.81,9.71,7
ORD-04490,20241012,CUST-0011,PROD-006,GEO-003,Standard Class,1,2162.41,0.05,2054.29,687.94,33.49,6
ORD-04990,20241012,CUST-0128,PROD-048,GEO-010,Standard Class,2,1459.13,0.0,2918.26,1517.5,52.0,7
ORD-03695,20241012,CUST-0080,PROD-007,GEO-008,Second Class,2,637.79,0.1,1148.02,376.55,32.8,4
ORD-04891,20241012,CUST-0191,PROD-010,GEO-015,Second Class,1,3578.02,0.0,3578.02,1878.46,52.5,5
ORD-02947,20241012,CUST-0149,PROD-014,GEO-020,Second Class,1,454.91,0.25,341.18,119.72,35.09,3
ORD-01695,20241012,CUST-0155,PROD-016,GEO-016,Standard Class,2,43880.48,0.05,83372.91,16691.26,20.02,5
ORD-00065,20241013,CUST-0287,PROD-016,GEO-018,Standard Class,1,42496.67,0.1,38247.0,6899.76,18.04,6
ORD-02713,20241013,CUST-0040,PROD-042,GEO-008,Standard Class,1,1840.28,0.25,1380.21,303.65,22.0,7
ORD-04457,20241014,CUST-0126,PROD-040,GEO-001,Second Class,1,120.76,0.2,96.61,34.13,35.33,5
ORD-03603,20241014,CUST-0237,PROD-029,GEO-006,Standard Class,1,2921.69,0.0,2921.69,876.51,30.0,7
ORD-00902,20241015,CUST-0059,PROD-022,GEO-003,Standard Class,4,22791.22,0.0,91164.88,15935.62,17.48,6
ORD-03870,20241015,CUST-0057,PROD-047,GEO-020,Same Day,3,3376.16,0.1,9115.63,2466.68,27.06,0
ORD-01582,20241015,CUST-0246,PROD-035,GEO-019,Standard Class,1,17383.79,0.05,16514.6,2975.6,18.02,6
ORD-03670,20241015,CUST-0222,PROD-034,GEO-009,Standard Class,2,10191.63,0.0,20383.26,3057.49,15.0,5
ORD-03995,20241016,CUST-0013,PROD-033,GEO-005,Standard Class,2,462.91,0.4,555.49,65.83,11.85,7
ORD-00291,20241016,CUST-0206,PROD-035,GEO-005,Standard Class,1,18856.57,0.0,18856.57,3122.65,16.56,5
ORD-00105,20241017,CUST-0066,PROD-019,GEO-007,First Class,1,4516.83,0.05,4290.99,1366.68,31.85,4
ORD-00036,20241017,CUST-0169,PROD-036,GEO-016,Same Day,2,8018.48,0.3,11225.87,1420.08,12.65,0
ORD-04661,20241017,CUST-0167,PROD-042,GEO-011,Standard Class,1,1736.11,0.25,1302.08,300.78,23.1,7
ORD-04961,20241018,CUST-0050,PROD-011,GEO-013,Standard Class,2,1823.96,0.0,3647.92,1532.13,42.0,6
ORD-02243,20241018,CUST-0168,PROD-038,GEO-006,Standard Class,3,1228.8,0.05,3502.08,1848.4,52.78,7
ORD-04976,20241019,CUST-0102,PROD-014,GEO-014,First Class,3,460.07,0.05,1311.2,726.65,55.42,2
ORD-04427,20241019,CUST-0062,PROD-008,GEO-011,Standard Class,1,2101.7,0.0,2101.7,1059.26,50.4,5
ORD-04694,20241020,CUST-0211,PROD-014,GEO-007,Second Class,1,442.81,0.25,332.11,105.94,31.9,3
ORD-00170,20241020,CUST-0039,PROD-033,GEO-006,First Class,2,466.53,0.2,746.45,219.75,29.44,4
ORD-04184,20241020,CUST-0123,PROD-003,GEO-013,Standard Class,5,1866.9,0.25,7000.88,2223.66,31.76,6
ORD-00473,20241021,CUST-0044,PROD-002,GEO-014,Standard Class,1,1516.16,0.15,1288.74,414.89,32.19,5
ORD-03273,20241021,CUST-0171,PROD-035,GEO-010,Second Class,3,17512.95,0.15,44658.02,5868.06,13.14,4
ORD-04533,20241022,CUST-0195,PROD-029,GEO-008,Standard Class,2,2672.71,0.2,4276.34,821.06,19.2,5
ORD-01349,20241022,CUST-0174,PROD-012,GEO-020,Second Class,2,1877.88,0.0,3755.76,2065.67,55.0,4
ORD-01995,20241022,CUST-0294,PROD-037,GEO-002,Standard Class,5,3335.11,0.0,16675.55,6443.43,38.64,5
ORD-02088,20241022,CUST-0290,PROD-040,GEO-005,Standard Class,1,116.34,0.0,116.34,64.22,55.2,7
ORD-00868,20241022,CUST-0177,PROD-008,GEO-016,Same Day,2,2268.63,0.15,3856.67,1486.52,38.54,0
ORD-02366,20241023,CUST-0155,PROD-022,GEO-016,First Class,5,21919.73,0.15,93158.85,14213.24,15.26,4
ORD-03394,20241023,CUST-0088,PROD-041,GEO-005,Standard Class,2,24810.59,0.05,47140.12,8287.8,17.58,6
ORD-01603,20241024,CUST-0189,PROD-016,GEO-011,Standard Class,1,41562.13,0.1,37405.92,6441.3,17.22,7
ORD-01912,20241024,CUST-0133,PROD-036,GEO-010,Standard Class,2,7723.95,0.05,14675.5,3338.68,22.75,5
ORD-01941,20241024,CUST-0214,PROD-010,GEO-015,Standard Class,1,3491.82,0.1,3142.64,1352.9,43.05,7
ORD-01706,20241024,CUST-0226,PROD-028,GEO-002,Standard Class,1,2050.04,0.05,1947.54,652.19,33.49,5
ORD-03114,20241025,CUST-0190,PROD-026,GEO-006,Standard Class,4,669.24,0.25,2007.72,574.21,28.6,7
ORD-01029,20241025,CUST-0087,PROD-047,GEO-006,Standard Class,1,3350.43,0.3,2345.3,323.65,13.8,5
ORD-04581,20241025,CUST-0032,PROD-010,GEO-005,Second Class,4,3579.16,0.0,14316.64,6585.65,46.0,5
ORD-00472,20241025,CUST-0089,PROD-024,GEO-001,Standard Class,3,223.46,0.0,670.38,308.37,46.0,7
ORD-00245,20241025,CUST-0170,PROD-005,GEO-003,Standard Class,1,3195.48,0.0,3195.48,1117.14,34.96,5
ORD-03399,20241026,CUST-0232,PROD-007,GEO-007,Standard Class,1,653.97,0.25,490.48,107.91,22.0,6
ORD-03096,20241026,CUST-0209,PROD-031,GEO-007,Second Class,2,997.19,0.0,1994.38,1037.08,52.0,5
ORD-01065,20241026,CUST-0007,PROD-005,GEO-003,Standard Class,3,3055.61,0.2,7333.46,1640.82,22.37,5
ORD-01191,20241026,CUST-0184,PROD-036,GEO-009,Standard Class,1,7920.26,0.0,7920.26,1980.06,25.0,6
ORD-01744,20241027,CUST-0292,PROD-019,GEO-006,Standard Class,3,4571.52,0.0,13714.56,4800.1,35.0,6
ORD-04699,20241027,CUST-0269,PROD-039,GEO-003,Standard Class,1,775.39,0.15,659.08,265.59,40.3,7
ORD-03342,20241028,CUST-0199,PROD-020,GEO-017,First Class,1,1225.82,0.3,858.07,238.8,27.83,3
ORD-04795,20241028,CUST-0062,PROD-042,GEO-011,Second Class,1,1787.98,0.0,1787.98,750.95,42.0,5
ORD-01475,20241028,CUST-0237,PROD-023,GEO-006,Second Class,4,3806.7,0.1,13704.12,4045.46,29.52,5
ORD-00978,20241028,CUST-0247,PROD-038,GEO-016,Same Day,1,1173.07,0.3,821.15,240.99,29.35,1
ORD-01385,20241028,CUST-0242,PROD-016,GEO-019,Same Day,1,43659.36,0.05,41476.39,8303.57,20.02,0
ORD-00259,20241029,CUST-0182,PROD-032,GEO-020,Second Class,1,4600.95,0.0,4600.95,1771.36,38.5,5
ORD-04572,20241029,CUST-0118,PROD-010,GEO-005,First Class,1,3386.98,0.05,3217.63,1346.9,41.86,3
ORD-04047,20241029,CUST-0254,PROD-003,GEO-017,Standard Class,1,1786.26,0.0,1786.26,1080.68,60.5,7
ORD-00505,20241030,CUST-0127,PROD-022,GEO-008,First Class,2,21607.67,0.0,43215.34,8210.91,19.0,3
ORD-00116,20241030,CUST-0187,PROD-023,GEO-018,Standard Class,2,3694.35,0.0,7388.7,2925.92,39.6,7
ORD-00780,20241031,CUST-0010,PROD-034,GEO-017,Standard Class,1,10117.11,0.05,9611.25,1443.13,15.02,5
ORD-04668,20241031,CUST-0279,PROD-005,GEO-001,Standard Class,2,3101.33,0.0,6202.66,2168.45,34.96,5
ORD-03869,20241101,CUST-0154,PROD-031,GEO-019,Standard Class,2,968.0,0.1,1742.4,817.26,46.9,6
ORD-01640,20241101,CUST-0229,PROD-009,GEO-010,Same Day,2,2454.03,0.0,4908.06,1865.06,38.0,2
ORD-02092,20241102,CUST-0099,PROD-019,GEO-018,Second Class,3,4594.45,0.05,13094.18,4587.55,35.04,3
ORD-01264,20241102,CUST-0267,PROD-034,GEO-015,Second Class,1,10225.47,0.1,9202.92,1188.56,12.92,5
ORD-01527,20241103,CUST-0173,PROD-027,GEO-005,First Class,2,370.98,0.05,704.86,283.25,40.19,3
ORD-01470,20241103,CUST-0196,PROD-004,GEO-015,Second Class,1,2522.95,0.05,2396.8,1213.78,50.64,4
ORD-02515,20241103,CUST-0027,PROD-005,GEO-018,Second Class,1,3346.67,0.0,3346.67,1398.9,41.8,4
ORD-04074,20241104,CUST-0022,PROD-050,GEO-009,First Class,1,1777.82,0.1,1600.04,590.41,36.9,3
ORD-02607,20241104,CUST-0093,PROD-008,GEO-018,Standard Class,2,2181.67,0.25,3272.5,950.33,29.04,6
ORD-02969,20241104,CUST-0256,PROD-002,GEO-005,Second Class,2,1529.84,0.05,2906.7,1022.06,35.16,4
ORD-02259,20241105,CUST-0099,PROD-009,GEO-018,Standard Class,1,2593.2,0.0,2593.2,1083.96,41.8,7
ORD-00526,20241105,CUST-0266,PROD-007,GEO-011,First Class,5,643.06,0.15,2733.0,837.94,30.66,3
ORD-00449,20241105,CUST-0238,PROD-013,GEO-011,Second Class,3,172.59,0.1,465.99,220.67,47.36,5
ORD-02062,20241105,CUST-0129,PROD-043,GEO-015,Standard Class,3,6739.69,0.15,17186.21,3951.97,23.0,6
ORD-00761,20241105,CUST-0094,PROD-048,GEO-008,Second Class,2,1469.39,0.0,2938.78,1528.17,52.0,4
ORD-04068,20241106,CUST-0096,PROD-009,GEO-015,Standard Class,1,2398.3,0.25,1798.72,394.73,21.95,5
ORD-00304,20241106,CUST-0127,PROD-016,GEO-008,Same Day,3,41504.15,0.1,112061.21,18378.04,16.4,2
ORD-02081,20241106,CUST-0144,PROD-010,GEO-017,Standard Class,1,3358.69,0.35,2183.15,444.27,20.35,7
ORD-02096,20241106,CUST-0063,PROD-012,GEO-008,Standard Class,2,1746.44,0.2,2794.3,894.18,32.0,7
ORD-04793,20241106,CUST-0250,PROD-039,GEO-017,Standard Class,1,832.71,0.1,749.44,405.59,54.12,6
ORD-00731,20241107,CUST-0064,PROD-025,GEO-007,Standard Class,5,340.6,0.0,1703.0,766.35,45.0,5
ORD-03775,20241107,CUST-0190,PROD-050,GEO-006,Second Class,1,1743.21,0.05,1656.05,678.15,40.95,5
ORD-00274,20241107,CUST-0052,PROD-017,GEO-009,First Class,4,56745.97,0.0,226983.88,49936.45,22.0,2
ORD-04474,20241107,CUST-0053,PROD-026,GEO-014,Standard Class,4,669.58,0.0,2678.32,1462.37,54.6,7
ORD-02093,20241107,CUST-0130,PROD-012,GEO-012,Standard Class,2,1853.15,0.0,3706.3,1945.81,52.5,7
ORD-03287,20241107,CUST-0158,PROD-034,GEO-006,Standard Class,1,10359.18,0.1,9323.26,1146.76,12.3,7
ORD-03073,20241107,CUST-0191,PROD-016,GEO-015,Standard Class,1,42818.53,0.05,40677.6,7773.49,19.11,6
ORD-02668,20241108,CUST-0111,PROD-018,GEO-016,First Class,1,764.12,0.1,687.71,260.54,37.89,4
ORD-02350,20241108,CUST-0190,PROD-010,GEO-006,Standard Class,5,3380.98,0.2,13523.92,4327.65,32.0,6
ORD-00433,20241108,CUST-0093,PROD-050,GEO-018,Same Day,2,1821.72,0.1,3279.1,1330.99,40.59,2
ORD-01143,20241108,CUST-0200,PROD-027,GEO-017,First Class,5,378.29,0.1,1702.3,737.03,43.3,3
ORD-01609,20241109,CUST-0214,PROD-028,GEO-015,First Class,1,2198.3,0.05,2088.39,798.18,38.22,4
ORD-03344,20241109,CUST-0204,PROD-048,GEO-013,Same Day,1,1535.1,0.15,1304.83,520.08,39.86,2
ORD-00739,20241109,CUST-0011,PROD-022,GEO-003,Standard Class,3,21983.58,0.0,65950.74,11528.19,17.48,5
ORD-04415,20241109,CUST-0087,PROD-006,GEO-006,Standard Class,1,2278.52,0.25,1708.89,375.96,22.0,7
ORD-00185,20241109,CUST-0045,PROD-047,GEO-019,Same Day,1,3471.9,0.3,2430.33,368.93,15.18,1
ORD-04140,20241109,CUST-0287,PROD-040,GEO-018,Standard Class,1,119.15,0.05,113.19,67.98,60.06,7
ORD-04277,20241110,CUST-0267,PROD-040,GEO-015,Second Class,2,116.16,0.0,232.32,146.36,63.0,4
ORD-01805,20241110,CUST-0244,PROD-032,GEO-005,Standard Class,2,4357.05,0.05,8278.4,2425.74,29.3,5
ORD-00516,20241110,CUST-0176,PROD-020,GEO-019,Standard Class,1,1162.34,0.1,1046.11,518.98,49.61,5
ORD-03750,20241110,CUST-0179,PROD-042,GEO-004,Standard Class,1,1767.16,0.05,1678.8,562.19,33.49,5
ORD-02702,20241111,CUST-0012,PROD-039,GEO-010,Standard Class,1,769.86,0.0,769.86,461.92,60.0,6
ORD-04573,20241111,CUST-0279,PROD-039,GEO-001,First Class,3,823.27,0.15,2099.34,845.95,40.3,2
ORD-04779,20241111,CUST-0069,PROD-015,GEO-014,Standard Class,1,1569.36,0.0,1569.36,741.52,47.25,7
ORD-01900,20241112,CUST-0066,PROD-006,GEO-007,Standard Class,2,2294.68,0.05,4359.89,1587.0,36.4,6
ORD-01528,20241112,CUST-0062,PROD-004,GEO-011,Standard Class,2,2493.84,0.05,4738.3,2399.54,50.64,7
ORD-04086,20241112,CUST-0006,PROD-040,GEO-019,First Class,1,120.03,0.35,78.02,19.05,24.42,2
ORD-04429,20241112,CUST-0037,PROD-008,GEO-009,Second Class,1,2288.91,0.15,1945.57,681.73,35.04,4
ORD-00386,20241112,CUST-0154,PROD-020,GEO-019,Standard Class,2,1175.99,0.0,2351.98,1422.95,60.5,5
ORD-00993,20241113,CUST-0259,PROD-018,GEO-007,Standard Class,2,785.39,0.0,1570.78,659.73,42.0,6
ORD-00823,20241113,CUST-0015,PROD-035,GEO-014,Standard Class,2,17839.42,0.15,30327.01,4184.22,13.8,7
ORD-02601,20241113,CUST-0116,PROD-016,GEO-009,Standard Class,2,42486.33,0.2,67978.13,8701.2,12.8,6
ORD-03500,20241113,CUST-0053,PROD-049,GEO-014,Standard Class,2,2054.48,0.05,3903.51,1753.01,44.91,6
ORD-04078,20241113,CUST-0180,PROD-020,GEO-005,Standard Class,1,1205.48,0.2,964.38,312.3,32.38,6
ORD-03065,20241113,CUST-0095,PROD-026,GEO-013,Standard Class,3,677.5,0.15,1727.62,688.59,39.86,7
ORD-00484,20241113,CUST-0210,PROD-003,GEO-018,Standard Class,5,1714.25,0.2,6857.0,2655.03,38.72,6
ORD-01675,20241114,CUST-0139,PROD-047,GEO-001,Same Day,1,3346.03,0.0,3346.03,923.51,27.6,2
ORD-01810,20241114,CUST-0186,PROD-013,GEO-018,Same Day,3,186.41,0.15,475.35,209.94,44.17,0
ORD-04357,20241114,CUST-0008,PROD-021,GEO-016,First Class,2,3117.99,0.05,5924.18,2075.54,35.04,3
ORD-01411,20241114,CUST-0056,PROD-036,GEO-008,Standard Class,1,7734.75,0.1,6961.28,1427.06,20.5,7
ORD-02895,20241114,CUST-0256,PROD-011,GEO-005,First Class,1,1860.45,0.1,1674.4,505.26,30.18,2
ORD-01355,20241114,CUST-0296,PROD-010,GEO-008,Standard Class,2,3501.29,0.0,7002.58,3501.29,50.0,6
ORD-00298,20241115,CUST-0208,PROD-045,GEO-007,First Class,2,9517.49,0.0,19034.98,5329.79,28.0,4
ORD-00614,20241116,CUST-0191,PROD-048,GEO-015,Second Class,1,1529.2,0.0,1529.2,834.94,54.6,5
ORD-04741,20241116,CUST-0054,PROD-037,GEO-013,Second Class,1,3353.71,0.25,2515.28,610.08,24.25,4
ORD-04198,20241116,CUST-0013,PROD-023,GEO-005,First Class,1,3707.65,0.0,3707.65,1227.97,33.12,4
ORD-04151,20241117,CUST-0098,PROD-047,GEO-012,Standard Class,2,3526.52,0.05,6700.39,1920.67,28.67,7
ORD-00032,20241117,CUST-0079,PROD-016,GEO-014,Standard Class,1,40399.04,0.0,40399.04,8483.8,21.0,6
ORD-04908,20241117,CUST-0061,PROD-038,GEO-019,Standard Class,3,1247.13,0.1,3367.25,1761.61,52.32,7
ORD-01714,20241117,CUST-0160,PROD-046,GEO-012,Second Class,2,4432.61,0.15,7535.44,2599.16,34.49,4
ORD-01371,20241117,CUST-0023,PROD-016,GEO-007,Second Class,5,41035.46,0.25,153882.97,16927.13,11.0,5
ORD-02583,20241117,CUST-0202,PROD-034,GEO-003,Second Class,1,9532.22,0.25,7149.16,542.63,7.59,5
ORD-02769,20241117,CUST-0108,PROD-003,GEO-018,Standard Class,2,1802.04,0.05,3423.88,1885.02,55.06,6
ORD-03519,20241118,CUST-0200,PROD-038,GEO-017,Standard Class,4,1157.81,0.1,4168.12,2180.6,52.32,7
ORD-04497,20241118,CUST-0079,PROD-035,GEO-014,Standard Class,1,17630.52,0.0,17630.52,3332.16,18.9,5
ORD-01286,20241118,CUST-0251,PROD-012,GEO-020,Standard Class,1,1855.31,0.3,1298.72,328.58,25.3,6
ORD-02798,20241119,CUST-0164,PROD-047,GEO-007,Second Class,3,3410.83,0.2,8185.99,1571.71,19.2,3
ORD-01755,20241119,CUST-0044,PROD-024,GEO-014,First Class,1,217.14,0.1,195.43,84.14,43.05,2
ORD-04447,20241119,CUST-0103,PROD-038,GEO-010,Standard Class,4,1213.36,0.1,4368.1,2077.47,47.56,6
ORD-03942,20241119,CUST-0192,PROD-002,GEO-003,Second Class,1,1459.55,0.15,1240.62,349.94,28.21,3
ORD-02391,20241120,CUST-0258,PROD-024,GEO-002,Second Class,3,226.54,0.1,611.66,230.72,37.72,3
ORD-01633,20241120,CUST-0174,PROD-011,GEO-020,Same Day,1,1889.21,0.2,1511.37,425.6,28.16,0
ORD-02710,20241120,CUST-0275,PROD-003,GEO-003,Standard Class,1,1736.35,0.1,1562.72,648.41,41.49,5
ORD-03368,20241120,CUST-0235,PROD-023,GEO-020,Same Day,2,3883.98,0.2,6214.37,1574.97,25.34,2
ORD-01503,20241121,CUST-0197,PROD-016,GEO-002,Standard Class,1,40865.66,0.05,38822.38,6500.42,16.74,6
ORD-04460,20241121,CUST-0168,PROD-005,GEO-006,Standard Class,3,3235.14,0.15,8249.61,2288.44,27.74,7
ORD-03473,20241121,CUST-0094,PROD-046,GEO-008,Standard Class,5,4567.58,0.4,13702.74,1726.55,12.6,7
ORD-00167,20241121,CUST-0086,PROD-010,GEO-007,Second Class,1,3564.14,0.0,3564.14,1782.07,50.0,4
ORD-03474,20241121,CUST-0117,PROD-012,GEO-016,Standard Class,2,1812.51,0.1,3262.52,1471.39,45.1,7
ORD-01211,20241121,CUST-0250,PROD-049,GEO-017,Standard Class,1,2084.15,0.1,1875.74,795.2,42.39,7
ORD-00793,20241121,CUST-0025,PROD-005,GEO-019,Standard Class,1,3251.1,0.05,3088.54,1174.82,38.04,5
ORD-02254,20241122,CUST-0200,PROD-022,GEO-017,Standard Class,1,22559.63,0.0,22559.63,4714.96,20.9,6
ORD-03786,20241122,CUST-0210,PROD-037,GEO-018,Standard Class,1,3274.63,0.0,3274.63,1512.87,46.2,5
ORD-03208,20241122,CUST-0138,PROD-004,GEO-014,Same Day,1,2470.88,0.1,2223.79,1014.78,45.63,0
ORD-03861,20241122,CUST-0144,PROD-016,GEO-017,Standard Class,2,44092.66,0.15,74957.52,12038.18,16.06,5
ORD-01917,20241123,CUST-0185,PROD-003,GEO-014,Standard Class,1,1719.88,0.3,1203.92,319.82,26.56,7
ORD-01943,20241123,CUST-0145,PROD-021,GEO-018,First Class,4,3201.03,0.05,12163.91,4261.63,35.04,4
ORD-00541,20241123,CUST-0146,PROD-024,GEO-020,Second Class,1,221.58,0.1,199.42,89.94,45.1,3
ORD-04142,20241124,CUST-0047,PROD-002,GEO-002,Standard Class,1,1448.48,0.0,1448.48,559.69,38.64,6
ORD-04639,20241124,CUST-0232,PROD-007,GEO-007,Second Class,4,681.51,0.05,2589.74,942.67,36.4,5
ORD-01685,20241124,CUST-0160,PROD-018,GEO-012,Standard Class,1,777.43,0.05,738.56,296.39,40.13,6
ORD-00440,20241125,CUST-0260,PROD-044,GEO-010,Standard Class,3,842.14,0.35,1642.17,376.71,22.94,6
ORD-02072,20241125,CUST-0009,PROD-020,GEO-014,First Class,2,1207.78,0.05,2294.78,1205.97,52.55,2
ORD-01915,20241125,CUST-0236,PROD-049,GEO-012,Standard Class,1,2019.82,0.0,2019.82,996.79,49.35,6
ORD-01303,20241125,CUST-0166,PROD-035,GEO-020,Second Class,1,17958.86,0.2,14367.09,1820.6,12.67,5
ORD-02862,20241125,CUST-0113,PROD-026,GEO-003,First Class,2,694.19,0.1,1249.54,490.18,39.23,3
ORD-00435,20241126,CUST-0150,PROD-005,GEO-002,Standard Class,4,3210.68,0.15,10916.31,2785.93,25.52,5
ORD-02648,20241126,CUST-0040,PROD-012,GEO-008,Standard Class,3,1764.75,0.2,4235.4,1355.33,32.0,6
ORD-00296,20241126,CUST-0185,PROD-001,GEO-014,Standard Class,1,5687.48,0.0,5687.48,2269.3,39.9,5
ORD-01579,20241127,CUST-0007,PROD-037,GEO-003,First Class,1,3160.89,0.0,3160.89,1221.36,38.64,4
ORD-00665,20241127,CUST-0128,PROD-047,GEO-010,Second Class,1,3412.38,0.25,2559.28,422.28,16.5,3
ORD-02711,20241127,CUST-0182,PROD-003,GEO-020,Standard Class,5,1761.43,0.0,8807.15,5328.32,60.5,7
ORD-03706,20241127,CUST-0040,PROD-043,GEO-008,Second Class,3,6592.72,0.25,14833.62,2447.55,16.5,3
ORD-00781,20241128,CUST-0116,PROD-041,GEO-009,First Class,1,24020.11,0.3,16814.08,1624.24,9.66,3
ORD-00528,20241128,CUST-0217,PROD-026,GEO-002,Standard Class,2,648.88,0.3,908.43,199.92,22.01,5
ORD-00654,20241128,CUST-0288,PROD-043,GEO-017,Second Class,2,6735.43,0.2,10776.69,2276.03,21.12,5
ORD-04620,20241128,CUST-0266,PROD-048,GEO-011,Standard Class,1,1450.11,0.1,1305.1,584.31,44.77,5
ORD-04062,20241128,CUST-0080,PROD-017,GEO-008,Second Class,1,55800.66,0.2,44640.53,6285.39,14.08,3
ORD-03844,20241128,CUST-0013,PROD-033,GEO-005,Second Class,1,457.45,0.0,457.45,193.6,42.32,3
ORD-02169,20241129,CUST-0270,PROD-011,GEO-011,Second Class,1,1713.64,0.2,1370.91,368.5,26.88,4
ORD-02448,20241129,CUST-0218,PROD-044,GEO-002,Second Class,2,815.09,0.0,1630.18,929.85,57.04,3
ORD-01406,20241129,CUST-0279,PROD-035,GEO-001,Standard Class,2,18132.29,0.0,36264.58,6005.41,16.56,5
ORD-02008,20241129,CUST-0061,PROD-022,GEO-019,Second Class,1,22789.39,0.05,21649.92,4117.6,19.02,3
ORD-04786,20241129,CUST-0114,PROD-043,GEO-014,Standard Class,2,6192.87,0.0,12385.74,3901.51,31.5,5
ORD-03311,20241129,CUST-0295,PROD-036,GEO-008,First Class,2,8164.98,0.3,11430.97,1314.56,11.5,3
ORD-01245,20241130,CUST-0073,PROD-017,GEO-006,Standard Class,3,52616.63,0.0,157849.89,34726.98,22.0,7
ORD-03452,20241130,CUST-0080,PROD-008,GEO-008,Standard Class,1,2301.24,0.15,1956.05,685.4,35.04,5
ORD-04312,20241130,CUST-0084,PROD-022,GEO-018,First Class,2,21146.66,0.1,38063.99,6523.41,17.14,3
ORD-04064,20241130,CUST-0037,PROD-034,GEO-009,Standard Class,5,9971.84,0.05,47366.24,6465.49,13.65,6
ORD-01720,20241130,CUST-0206,PROD-048,GEO-005,Standard Class,2,1566.5,0.0,3133.0,1498.83,47.84,7
ORD-00796,20241130,CUST-0106,PROD-020,GEO-015,Second Class,1,1187.01,0.0,1187.01,685.5,57.75,5
ORD-04615,20241201,CUST-0019,PROD-032,GEO-013,Standard Class,1,4344.78,0.15,3693.06,990.76,26.83,7
ORD-00356,20241201,CUST-0125,PROD-034,GEO-003,First Class,1,10272.01,0.35,6676.81,340.92,5.11,4
ORD-03011,20241201,CUST-0194,PROD-037,GEO-006,Standard Class,2,3162.03,0.25,4743.04,1095.64,23.1,5
ORD-00527,20241201,CUST-0005,PROD-021,GEO-006,Second Class,1,3266.98,0.1,2940.28,843.86,28.7,4
ORD-02333,20241202,CUST-0036,PROD-013,GEO-005,Same Day,1,180.87,0.0,180.87,91.52,50.6,1
ORD-02401,20241202,CUST-0145,PROD-044,GEO-018,Same Day,1,884.88,0.1,796.39,445.37,55.92,0
ORD-02817,20241202,CUST-0153,PROD-038,GEO-008,First Class,1,1239.54,0.0,1239.54,718.93,58.0,3
ORD-00819,20241202,CUST-0068,PROD-020,GEO-018,Standard Class,2,1253.52,0.0,2507.04,1516.76,60.5,7
ORD-04487,20241202,CUST-0219,PROD-047,GEO-020,Standard Class,1,3583.56,0.0,3583.56,1182.58,33.0,6
ORD-01299,20241202,CUST-0300,PROD-008,GEO-003,First Class,1,2192.83,0.05,2083.19,837.14,40.19,4
ORD-00133,20241202,CUST-0242,PROD-038,GEO-019,Standard Class,1,1174.64,0.05,1115.91,647.88,58.06,5
ORD-01577,20241203,CUST-0246,PROD-022,GEO-019,Standard Class,1,21535.38,0.4,12921.23,756.15,5.85,5
ORD-00455,20241203,CUST-0225,PROD-002,GEO-020,Standard Class,1,1458.9,0.05,1385.96,582.68,42.04,6
ORD-03883,20241203,CUST-0139,PROD-047,GEO-001,Standard Class,1,3465.62,0.0,3465.62,956.51,27.6,6
ORD-00639,20241204,CUST-0163,PROD-015,GEO-004,Standard Class,4,1523.86,0.25,4571.58,1040.95,22.77,6
ORD-04284,20241204,CUST-0051,PROD-019,GEO-008,Standard Class,1,4509.26,0.05,4283.8,1364.39,31.85,7
ORD-01109,20241204,CUST-0070,PROD-035,GEO-009,Standard Class,1,18672.36,0.0,18672.36,3361.02,18.0,7
ORD-02479,20241205,CUST-0273,PROD-003,GEO-007,Second Class,2,1839.99,0.2,2943.98,1036.28,35.2,3
ORD-01705,20241205,CUST-0188,PROD-031,GEO-016,Standard Class,1,985.96,0.0,985.96,563.97,57.2,7
ORD-02637,20241206,CUST-0271,PROD-022,GEO-002,Second Class,2,22618.05,0.0,45236.1,7907.27,17.48,4
ORD-02066,20241206,CUST-0203,PROD-018,GEO-018,Second Class,2,751.85,0.0,1503.7,694.7,46.2,3
ORD-03328,20241206,CUST-0202,PROD-022,GEO-003,Standard Class,1,22033.3,0.25,16524.97,1588.71,9.61,5
ORD-01391,20241206,CUST-0048,PROD-009,GEO-007,First Class,1,2455.17,0.25,1841.38,384.85,20.9,3
ORD-01016,20241207,CUST-0229,PROD-021,GEO-010,Second Class,1,3116.25,0.2,2493.0,558.43,22.4,3
ORD-02331,20241207,CUST-0204,PROD-017,GEO-013,Same Day,1,56827.24,0.15,48303.15,8145.36,16.86,1
ORD-03905,20241208,CUST-0097,PROD-048,GEO-004,Standard Class,4,1495.11,0.1,5382.4,2111.46,39.23,5
ORD-02395,20241209,CUST-0116,PROD-017,GEO-009,First Class,4,54063.42,0.15,183815.63,29520.79,16.06,4
ORD-00598,20241209,CUST-0202,PROD-010,GEO-003,Standard Class,3,3396.22,0.25,7641.5,1933.3,25.3,7
ORD-02228,20241209,CUST-0178,PROD-039,GEO-001,Standard Class,4,822.86,0.25,2468.58,749.46,30.36,7
ORD-04076,20241209,CUST-0131,PROD-037,GEO-019,Standard Class,1,3052.69,0.05,2900.06,1219.24,42.04,6
ORD-04413,20241209,CUST-0292,PROD-007,GEO-006,Second Class,4,661.34,0.15,2248.56,656.58,29.2,3
ORD-01098,20241209,CUST-0129,PROD-016,GEO-015,First Class,3,40788.01,0.4,73418.42,4317.0,5.88,4
ORD-03686,20241209,CUST-0260,PROD-019,GEO-010,Standard Class,1,4501.6,0.0,4501.6,1575.56,35.0,7
ORD-01832,20241210,CUST-0135,PROD-020,GEO-018,Standard Class,3,1181.01,0.15,3011.58,1330.07,44.17,5
ORD-02520,20241210,CUST-0135,PROD-037,GEO-018,Standard Class,3,3043.51,0.25,6847.9,1740.05,25.41,5
ORD-00027,20241211,CUST-0051,PROD-013,GEO-008,Standard Class,2,172.51,0.0,345.02,189.76,55.0,5
ORD-00865,20241211,CUST-0154,PROD-027,GEO-019,First Class,1,396.91,0.15,337.37,130.03,38.54,4
ORD-03228,20241211,CUST-0160,PROD-023,GEO-012,Second Class,2,3759.27,0.15,6390.76,1763.46,27.59,3
ORD-02481,20241212,CUST-0218,PROD-047,GEO-002,Standard Class,3,3374.31,0.15,8604.49,1733.63,20.15,7
ORD-02696,20241212,CUST-0109,PROD-012,GEO-009,First Class,2,1835.49,0.2,2936.78,939.77,32.0,4
ORD-04731,20241213,CUST-0253,PROD-013,GEO-003,First Class,1,180.13,0.05,171.12,78.8,46.05,4
ORD-04316,20241213,CUST-0077,PROD-001,GEO-004,Standard Class,3,5306.84,0.3,11144.36,1792.19,16.08,5
ORD-03185,20241214,CUST-0259,PROD-037,GEO-007,First Class,1,3054.63,0.1,2749.17,946.81,34.44,4
ORD-03856,20241214,CUST-0174,PROD-045,GEO-020,Standard Class,1,9239.57,0.05,8777.59,2460.18,28.03,5
ORD-00064,20241214,CUST-0273,PROD-019,GEO-007,First Class,1,4611.72,0.2,3689.38,826.42,22.4,2
ORD-00640,20241214,CUST-0015,PROD-002,GEO-014,Standard Class,4,1535.61,0.0,6142.44,2708.81,44.1,7
ORD-04970,20241215,CUST-0059,PROD-017,GEO-003,Standard Class,4,52453.29,0.0,209813.16,42466.19,20.24,5
ORD-02544,20241216,CUST-0099,PROD-030,GEO-018,Second Class,2,607.68,0.05,1154.59,439.19,38.04,4
ORD-00729,20241216,CUST-0185,PROD-032,GEO-014,Second Class,1,4320.11,0.05,4104.1,1372.52,33.44,3
ORD-02007,20241216,CUST-0067,PROD-044,GEO-016,Second Class,1,821.65,0.15,698.4,347.71,49.79,5
ORD-04798,20241216,CUST-0268,PROD-049,GEO-015,Standard Class,2,1983.28,0.05,3768.23,1692.25,44.91,6
ORD-00262,20241216,CUST-0148,PROD-022,GEO-015,Standard Class,3,22088.03,0.0,66264.09,13219.69,19.95,5
ORD-00676,20241216,CUST-0248,PROD-036,GEO-020,Standard Class,1,7913.67,0.2,6330.94,1114.25,17.6,5
ORD-04135,20241216,CUST-0044,PROD-001,GEO-014,Same Day,1,5386.72,0.25,4040.04,886.59,21.95,0
ORD-01440,20241216,CUST-0248,PROD-016,GEO-020,Standard Class,3,42708.76,0.0,128126.28,28187.79,22.0,6
ORD-00650,20241216,CUST-0192,PROD-036,GEO-003,Standard Class,1,8050.73,0.05,7648.19,1600.76,20.93,7
ORD-03160,20241216,CUST-0204,PROD-012,GEO-013,Same Day,1,1863.49,0.05,1770.32,845.78,47.78,0
ORD-02189,20241217,CUST-0098,PROD-031,GEO-012,Standard Class,1,920.28,0.05,874.27,434.38,49.68,7
ORD-03029,20241217,CUST-0211,PROD-022,GEO-007,First Class,2,21906.6,0.1,39431.88,6143.49,15.58,4
ORD-03024,20241217,CUST-0254,PROD-047,GEO-017,Second Class,1,3449.49,0.1,3104.54,840.09,27.06,5
ORD-03268,20241217,CUST-0079,PROD-018,GEO-014,Standard Class,1,774.2,0.05,735.49,295.16,40.13,7
ORD-00255,20241218,CUST-0032,PROD-019,GEO-005,Second Class,2,4372.53,0.25,6558.8,1161.56,17.71,3
ORD-03249,20241218,CUST-0198,PROD-010,GEO-001,Standard Class,3,3553.02,0.1,9593.15,3618.53,37.72,6
ORD-03971,20241218,CUST-0102,PROD-022,GEO-014,Standard Class,1,21471.74,0.1,19324.57,3161.31,16.36,7
ORD-03935,20241218,CUST-0166,PROD-040,GEO-020,Standard Class,2,123.16,0.25,184.74,67.06,36.3,6
ORD-02864,20241218,CUST-0148,PROD-041,GEO-015,First Class,1,24981.87,0.2,19985.5,2820.35,14.11,4
ORD-02324,20241218,CUST-0204,PROD-009,GEO-013,Same Day,5,2585.56,0.0,12927.8,5158.19,39.9,2
ORD-04850,20241218,CUST-0266,PROD-012,GEO-011,Second Class,2,1713.71,0.3,2399.19,579.4,24.15,3
ORD-03716,20241219,CUST-0245,PROD-016,GEO-004,First Class,5,40253.23,0.0,201266.15,37032.97,18.4,2
ORD-03140,20241219,CUST-0038,PROD-043,GEO-012,Standard Class,2,6763.23,0.15,11497.49,2643.85,23.0,7
ORD-03134,20241219,CUST-0057,PROD-012,GEO-020,Standard Class,1,1839.4,0.05,1747.43,874.59,50.05,5
ORD-01160,20241219,CUST-0249,PROD-019,GEO-013,Second Class,3,4668.48,0.0,14005.44,5147.0,36.75,4
ORD-04423,20241219,CUST-0064,PROD-041,GEO-007,Second Class,4,26126.56,0.1,94055.62,16196.38,17.22,4
ORD-02469,20241219,CUST-0215,PROD-028,GEO-012,Standard Class,3,2067.53,0.4,3721.55,437.65,11.76,6
ORD-00374,20241220,CUST-0035,PROD-001,GEO-015,Same Day,1,5403.81,0.15,4593.24,1337.87,29.13,0
ORD-01625,20241220,CUST-0288,PROD-047,GEO-017,Standard Class,1,3370.62,0.0,3370.62,1112.31,33.0,5
ORD-04641,20241221,CUST-0298,PROD-032,GEO-018,Second Class,2,4305.23,0.2,6888.37,1697.29,24.64,3
ORD-02069,20241221,CUST-0134,PROD-032,GEO-002,Standard Class,1,4371.51,0.3,3060.06,453.26,14.81,6
ORD-03949,20241221,CUST-0118,PROD-040,GEO-005,Standard Class,2,114.74,0.0,229.48,126.67,55.2,7
ORD-00094,20241221,CUST-0127,PROD-026,GEO-008,Standard Class,3,701.85,0.05,2000.27,946.53,47.32,6
ORD-00895,20241221,CUST-0038,PROD-004,GEO-012,Standard Class,1,2459.33,0.2,1967.46,700.73,35.62,6
ORD-01877,20241221,CUST-0236,PROD-022,GEO-012,Standard Class,1,22118.67,0.2,17694.94,2259.28,12.77,7
ORD-01483,20241221,CUST-0063,PROD-048,GEO-008,Standard Class,1,1435.86,0.05,1364.07,645.48,47.32,5
ORD-04102,20241222,CUST-0011,PROD-002,GEO-003,Standard Class,2,1547.21,0.05,2939.7,1033.67,35.16,7
ORD-01183,20241222,CUST-0189,PROD-042,GEO-011,Standard Class,1,1849.11,0.05,1756.65,671.39,38.22,5
ORD-00434,20241222,CUST-0237,PROD-012,GEO-006,Standard Class,1,1807.74,0.05,1717.35,781.39,45.5,5
ORD-03662,20241222,CUST-0054,PROD-013,GEO-013,Second Class,1,180.55,0.3,126.38,33.57,26.56,4
ORD-03636,20241222,CUST-0129,PROD-045,GEO-015,Standard Class,1,9572.11,0.1,8614.9,2076.88,24.11,7
ORD-02964,20241222,CUST-0295,PROD-044,GEO-008,First Class,4,858.24,0.0,3432.96,2128.44,62.0,4
ORD-03387,20241223,CUST-0010,PROD-023,GEO-017,Second Class,2,3902.89,0.2,6244.62,1582.64,25.34,4
ORD-01004,20241223,CUST-0003,PROD-017,GEO-017,Standard Class,4,55439.06,0.0,221756.24,53665.01,24.2,7
ORD-02316,20241223,CUST-0261,PROD-027,GEO-010,First Class,1,393.54,0.1,354.19,139.41,39.36,3
ORD-00663,20241223,CUST-0046,PROD-047,GEO-014,Standard Class,1,3453.59,0.2,2762.87,556.99,20.16,7
ORD-03443,20241223,CUST-0235,PROD-046,GEO-020,Standard Class,1,4576.39,0.1,4118.75,1671.8,40.59,6
ORD-04322,20241223,CUST-0155,PROD-012,GEO-016,Second Class,1,1853.4,0.05,1760.73,881.24,50.05,3
ORD-00725,20241224,CUST-0160,PROD-037,GEO-012,Same Day,3,3356.91,0.0,10070.73,4441.2,44.1,2
ORD-01687,20241224,CUST-0089,PROD-001,GEO-001,Standard Class,1,5437.22,0.05,5165.36,1643.29,31.81,6
ORD-01360,20241224,CUST-0162,PROD-024,GEO-006,Second Class,1,228.57,0.0,228.57,114.28,50.0,3
ORD-04035,20241224,CUST-0144,PROD-022,GEO-017,Standard Class,1,21864.1,0.0,21864.1,4569.6,20.9,6
ORD-01654,20241225,CUST-0237,PROD-031,GEO-006,Standard Class,4,928.57,0.05,3528.57,1669.72,47.32,7
ORD-04227,20241225,CUST-0090,PROD-006,GEO-016,First Class,1,2161.61,0.05,2053.53,822.23,40.04,2
ORD-02751,20241225,CUST-0051,PROD-004,GEO-008,Second Class,2,2430.87,0.1,4375.57,1901.62,43.46,3
ORD-00496,20241226,CUST-0180,PROD-036,GEO-005,Standard Class,1,7767.35,0.05,7378.98,1544.42,20.93,7
ORD-04789,20241226,CUST-0287,PROD-010,GEO-018,Standard Class,1,3460.32,0.0,3460.32,1903.18,55.0,6
ORD-00607,20241226,CUST-0047,PROD-043,GEO-002,Second Class,1,6753.77,0.0,6753.77,1864.04,27.6,3
ORD-02680,20241226,CUST-0092,PROD-032,GEO-001,Standard Class,1,4333.11,0.0,4333.11,1395.26,32.2,6
ORD-03871,20241227,CUST-0150,PROD-010,GEO-002,Standard Class,2,3512.21,0.0,7024.42,3231.23,46.0,5
ORD-03252,20241227,CUST-0143,PROD-003,GEO-016,Standard Class,2,1822.94,0.2,2916.7,1129.35,38.72,5
ORD-03102,20241227,CUST-0284,PROD-016,GEO-001,Standard Class,3,40885.67,0.25,91992.76,9309.66,10.12,6
ORD-02610,20241227,CUST-0136,PROD-020,GEO-020,Standard Class,1,1200.2,0.05,1140.19,627.74,55.06,5
ORD-00591,20241227,CUST-0073,PROD-016,GEO-006,Standard Class,2,41316.27,0.0,82632.54,16526.51,20.0,6
ORD-00021,20241228,CUST-0252,PROD-009,GEO-015,Standard Class,2,2455.01,0.2,3928.02,1003.05,25.54,6
ORD-01407,20241228,CUST-0040,PROD-011,GEO-008,Standard Class,4,1773.42,0.1,6384.31,2094.05,32.8,7
ORD-03956,20241228,CUST-0142,PROD-047,GEO-012,Standard Class,1,3469.5,0.2,2775.6,559.57,20.16,5
ORD-01620,20241228,CUST-0083,PROD-045,GEO-014,Second Class,1,9933.99,0.2,7947.19,1495.35,18.82,5
ORD-03107,20241228,CUST-0124,PROD-016,GEO-011,Second Class,1,43270.7,0.0,43270.7,9086.85,21.0,4
ORD-04187,20241229,CUST-0210,PROD-022,GEO-018,Standard Class,2,22495.91,0.2,35993.46,4814.48,13.38,6
ORD-00742,20241229,CUST-0157,PROD-039,GEO-016,Standard Class,1,764.53,0.15,649.85,313.09,48.18,7
ORD-03777,20241229,CUST-0114,PROD-016,GEO-014,First Class,4,43761.05,0.4,105026.52,6175.56,5.88,3
ORD-02271,20241229,CUST-0053,PROD-015,GEO-014,Standard Class,1,1558.45,0.0,1558.45,736.36,47.25,7
ORD-04514,20241229,CUST-0298,PROD-018,GEO-018,Standard Class,2,722.07,0.2,1155.31,341.6,29.57,7
ORD-01682,20241229,CUST-0273,PROD-021,GEO-007,Standard Class,2,3271.55,0.0,6543.1,2290.08,35.0,7
ORD-00395,20241229,CUST-0074,PROD-048,GEO-015,Standard Class,1,1567.58,0.15,1332.44,531.08,39.86,6
ORD-03081,20241229,CUST-0298,PROD-034,GEO-018,Standard Class,1,9711.06,0.0,9711.06,1602.33,16.5,6
ORD-03451,20241230,CUST-0244,PROD-041,GEO-005,Standard Class,1,26053.22,0.15,22145.24,3123.28,14.1,6
ORD-02905,20241230,CUST-0045,PROD-035,GEO-019,Standard Class,1,17808.21,0.0,17808.21,3526.03,19.8,6
ORD-01724,20241230,CUST-0143,PROD-049,GEO-016,Standard Class,3,2014.17,0.05,5740.38,2700.68,47.05,7
ORD-01846,20241230,CUST-0109,PROD-005,GEO-009,Standard Class,1,3343.7,0.35,2173.4,305.58,14.06,6
ORD-00629,20241230,CUST-0196,PROD-012,GEO-015,Standard Class,1,1886.6,0.4,1131.96,166.39,14.7,6
ORD-03980,20241231,CUST-0029,PROD-012,GEO-008,First Class,1,1881.55,0.2,1505.24,481.68,32.0,2
ORD-03449,20241231,CUST-0186,PROD-024,GEO-018,Standard Class,2,219.03,0.4,262.84,40.48,15.4,6
ORD-02428,20241231,CUST-0276,PROD-048,GEO-006,Same Day,1,1461.67,0.0,1461.67,760.07,52.0,2
ORD-04503,20241231,CUST-0137,PROD-019,GEO-005,Standard Class,1,4484.23,0.05,4260.02,1248.27,29.3,7
